onset_step,count
126,1
135,1
139,3
142,2
146,1
147,1
150,2
154,1
155,1
157,1
158,1
159,1
162,1
168,1
170,1
175,2
179,10
180,6
181,1
182,3
183,7
184,3
187,11
188,5
190,3
191,4
192,4
193,2
194,1
195,5
196,3
197,1
198,2
199,3
200,1
202,1
203,4
204,3
206,5
207,8
208,5
209,1
210,1
211,6
212,2
214,2
215,6
216,4
217,1
218,3
219,17
220,3
222,2
223,15
224,7
225,1
226,3
227,10
228,5
229,1
230,2
231,19
232,7
234,4
235,14
236,11
238,4
239,12
240,9
242,3
243,11
244,16
246,5
247,15
248,7
249,1
250,2
251,16
252,12
253,2
254,7
255,16
256,9
258,3
259,13
260,14
261,3
262,3
263,13
264,15
265,4
266,7
267,21
268,32
269,9
270,4
271,24
272,31
273,7
274,4
275,31
276,44
277,7
278,3
279,25
280,22
281,3
282,5
283,22
284,26
285,4
286,3
287,19
288,26
289,2
290,3
291,20
292,31
293,7
294,4
295,24
296,23
297,3
298,3
299,34
300,14
301,2
302,3
303,24
304,20
305,1
306,1
307,16
308,27
309,4
310,5
311,20
312,24
313,2
314,4
315,18
316,31
317,3
318,3
319,27
320,12
321,5
322,3
323,24
324,27
325,8
326,2
327,15
328,14
329,4
330,12
331,20
332,26
333,6
334,4
335,32
336,18
337,6
338,4
339,31
340,40
341,5
342,4
343,16
344,23
345,12
346,6
347,35
348,37
349,7
350,3
351,26
352,27
353,9
354,8
355,35
356,37
357,7
358,2
359,34
360,37
361,4
362,9
363,28
364,23
365,10
366,6
367,22
368,37
369,9
370,5
371,21
372,27
373,8
374,5
375,33
376,18
377,14
378,3
379,21
380,34
381,9
382,9
383,18
384,22
385,4
386,4
387,28
388,27
389,11
390,14
391,28
392,34
393,8
394,6
395,27
396,26
397,9
398,9
399,30
400,25
401,7
402,3
403,19
404,26
405,11
406,5
407,32
408,23
409,6
410,6
411,20
412,21
413,7
414,3
415,19
416,33
417,11
418,10
419,25
420,26
421,4
422,4
423,24
424,18
425,6
426,7
427,21
428,30
429,8
430,4
431,27
432,27
433,14
434,6
435,31
436,23
437,10
438,5
439,13
440,14
441,5
442,7
443,20
444,16
445,9
446,12
447,27
448,28
449,4
450,5
451,23
452,21
453,5
454,3
455,16
456,29
457,6
458,6
459,26
460,29
461,8
462,7
463,23
464,21
465,10
466,11
467,35
468,21
469,10
470,7
471,20
472,15
473,12
474,9
475,23
476,22
477,7
478,10
479,19
480,25
481,6
482,10
483,21
484,20
485,6
486,10
487,21
488,16
489,11
490,12
491,19
492,16
493,5
494,13
495,20
496,19
497,10
498,5
499,24
500,21
501,11
502,7
503,24
504,19
505,11
506,7
507,25
508,21
509,10
510,10
511,21
512,24
513,12
514,6
515,23
516,22
517,8
518,8
519,25
520,18
521,11
522,19
523,19
524,17
525,10
526,7
527,30
528,20
529,8
530,14
531,19
532,19
533,10
534,11
535,24
536,21
537,5
538,12
539,19
540,25
541,11
542,9
543,22
544,27
545,7
546,6
547,24
548,23
549,10
550,19
551,24
552,15
553,11
554,8
555,21
556,25
557,4
558,9
559,23
560,22
561,9
562,6
563,17
564,15
565,18
566,10
567,27
568,16
569,5
570,11
571,22
572,27
573,11
574,15
575,21
576,25
577,11
578,16
579,23
580,19
581,19
582,9
583,14
584,20
585,10
586,5
587,29
588,28
589,7
590,14
591,27
592,14
593,12
594,11
595,26
596,18
597,10
598,10
599,24
600,25
601,10
602,14
603,20
604,20
605,12
606,6
607,17
608,13
609,7
610,8
611,20
612,16
613,9
614,15
615,15
616,5
617,15
618,6
619,19
620,25
621,6
622,11
623,29
624,12
625,7
626,12
627,19
628,20
629,15
630,16
631,23
632,15
633,13
634,9
635,15
636,26
637,9
638,14
639,23
640,17
641,7
642,11
643,17
644,14
645,7
646,8
647,14
648,18
649,12
650,12
651,19
652,15
653,12
654,12
655,22
656,16
657,11
658,7
659,22
660,19
661,11
662,7
663,16
664,12
665,10
666,9
667,13
668,17
669,12
670,13
671,14
672,23
673,8
674,8
675,8
676,23
677,14
678,9
679,22
680,12
681,7
682,9
683,21
684,18
685,6
686,10
687,21
688,18
689,13
690,7
691,17
692,17
693,7
694,10
695,20
696,18
697,16
698,11
699,28
700,16
701,12
702,13
703,22
704,23
705,13
706,8
707,15
708,24
709,9
710,6
711,22
712,23
713,10
714,9
715,17
716,22
717,7
718,6
719,23
720,20
721,9
722,10
723,17
724,16
725,11
726,12
727,15
728,19
729,14
730,12
731,20
732,17
733,15
734,15
735,14
736,21
737,17
738,9
739,10
740,15
741,11
742,16
743,19
744,23
745,16
746,8
747,18
748,14
749,14
750,6
751,17
752,23
753,10
754,10
755,19
756,25
757,8
758,7
759,12
760,18
761,12
762,9
763,22
764,13
765,15
766,11
767,20
768,22
769,16
770,13
771,20
772,19
773,15
774,8
775,19
776,16
777,10
778,11
779,18
780,21
781,6
782,11
783,21
784,22
785,13
786,9
787,12
788,16
789,19
790,6
791,26
792,16
793,11
794,16
795,17
796,23
797,11
798,7
799,18
800,22
801,9
802,11
803,13
804,19
805,18
806,15
807,15
808,20
809,15
810,8
811,23
812,17
813,9
814,16
815,19
816,16
817,5
818,8
819,17
820,13
821,16
822,11
823,22
824,16
825,15
826,13
827,15
828,13
829,19
830,7
831,22
832,18
833,22
834,5
835,23
836,11
837,12
838,13
839,13
840,11
841,12
842,14
843,19
844,17
845,12
846,12
847,22
848,15
849,7
850,9
851,19
852,19
853,8
854,13
855,17
856,15
857,12
858,16
859,15
860,15
861,14
862,12
863,15
864,17
865,18
866,10
867,25
868,11
869,7
870,15
871,15
872,24
873,10
874,11
875,20
876,12
877,16
878,10
879,19
880,17
881,9
882,10
883,18
884,19
885,7
886,13
887,16
888,27
889,11
890,7
891,10
892,19
893,6
894,8
895,15
896,10
897,12
898,7
899,17
900,21
901,6
902,14
903,18
904,15
905,13
906,12
907,20
908,15
909,11
910,7
911,14
912,14
913,17
914,14
915,15
916,10
917,14
918,4
919,20
920,12
921,21
922,19
923,13
924,17
925,12
926,8
927,16
928,20
929,11
930,17
931,15
932,9
933,11
934,10
935,15
936,16
937,14
938,10
939,21
940,11
941,11
942,14
943,16
944,18
945,13
946,16
947,15
948,15
949,17
950,10
951,19
952,12
953,14
954,10
955,17
956,5
957,13
958,10
959,15
960,13
961,16
962,9
963,12
964,18
965,6
966,14
967,23
968,21
969,10
970,6
971,21
972,14
973,11
974,15
975,22
976,10
977,13
978,14
979,11
980,15
981,12
982,13
983,9
984,14
985,18
986,14
987,23
988,21
989,12
990,11
991,18
992,15
993,18
994,13
995,11
996,19
997,12
998,14
999,13
1000,13
1001,13
1002,16
1003,11
1004,18
1005,10
1006,13
1007,12
1008,13
1009,11
1010,14
1011,16
1012,17
1013,9
1014,7
1015,18
1016,9
1017,8
1018,10
1019,9
1020,21
1021,12
1022,10
1023,13
1024,11
1025,10
1026,17
1027,13
1028,18
1029,13
1030,10
1031,16
1032,16
1033,10
1034,12
1035,22
1036,12
1037,14
1038,12
1039,17
1040,17
1041,10
1042,12
1043,10
1044,18
1045,15
1046,10
1047,19
1048,15
1049,12
1050,13
1051,19
1052,16
1053,14
1054,9
1055,12
1056,15
1057,11
1058,9
1059,12
1060,12
1061,7
1062,10
1063,15
1064,17
1065,16
1066,15
1067,7
1068,18
1069,11
1070,9
1071,15
1072,11
1073,10
1074,13
1075,13
1076,10
1077,10
1078,10
1079,12
1080,9
1081,14
1082,11
1083,11
1084,11
1085,15
1086,12
1087,7
1088,16
1089,7
1090,12
1091,22
1092,7
1093,8
1094,12
1095,12
1096,12
1097,15
1098,10
1099,16
1100,12
1101,10
1102,12
1103,13
1104,7
1105,15
1106,12
1107,21
1108,6
1109,13
1110,9
1111,8
1112,13
1113,9
1114,10
1115,5
1116,11
1117,8
1118,10
1119,15
1120,12
1121,16
1122,10
1123,11
1124,11
1125,10
1126,9
1127,16
1128,16
1129,14
1130,11
1131,9
1132,14
1133,8
1134,7
1135,15
1136,13
1137,12
1138,14
1139,16
1140,20
1141,15
1142,10
1143,10
1144,11
1145,11
1146,10
1147,9
1148,18
1149,9
1150,12
1151,16
1152,9
1153,9
1154,9
1155,3
1156,14
1157,12
1158,9
1159,13
1160,21
1161,10
1162,11
1163,19
1164,7
1165,10
1166,12
1167,8
1168,12
1169,4
1170,9
1171,7
1172,12
1173,7
1174,9
1175,16
1176,15
1177,14
1178,12
1179,14
1180,12
1181,12
1182,9
1183,16
1184,18
1185,14
1186,14
1187,15
1188,13
1189,7
1190,11
1191,18
1192,11
1193,10
1194,8
1195,15
1196,9
1197,13
1198,11
1199,17
1200,11
1201,17
1202,8
1203,7
1204,7
1205,10
1206,10
1207,14
1208,19
1209,4
1210,13
1211,10
1212,18
1213,12
1214,10
1215,12
1216,14
1217,8
1218,8
1219,11
1220,9
1221,13
1222,13
1223,10
1224,11
1225,3
1226,6
1227,15
1228,10
1229,15
1230,12
1231,17
1232,4
1233,13
1234,8
1235,10
1236,7
1237,14
1238,7
1239,8
1240,10
1241,6
1242,7
1243,11
1244,16
1245,12
1246,10
1247,14
1248,19
1249,8
1250,7
1251,10
1252,9
1253,7
1254,11
1255,10
1256,12
1257,12
1258,14
1259,8
1260,12
1261,9
1262,6
1263,17
1264,17
1265,8
1266,5
1267,10
1268,22
1269,13
1270,12
1271,10
1272,15
1273,9
1274,8
1275,14
1276,11
1277,16
1278,13
1279,8
1280,10
1281,14
1282,12
1283,21
1284,13
1285,8
1286,13
1287,15
1288,11
1289,10
1290,6
1291,15
1292,12
1293,8
1294,10
1295,12
1296,12
1297,11
1298,8
1299,23
1300,17
1301,17
1302,14
1303,14
1304,16
1305,13
1306,6
1307,15
1308,8
1309,10
1310,13
1311,14
1312,8
1313,12
1314,3
1315,11
1316,12
1317,12
1318,8
1319,16
1320,14
1321,8
1322,5
1323,17
1324,12
1325,15
1326,9
1327,9
1328,9
1329,12
1330,13
1331,11
1332,12
1333,10
1334,10
1335,15
1336,9
1337,9
1338,10
1339,11
1340,14
1341,11
1342,13
1343,13
1344,9
1345,11
1346,7
1347,15
1348,15
1349,12
1350,9
1351,11
1352,16
1353,11
1354,13
1355,8
1356,8
1357,6
1358,10
1359,14
1360,7
1361,6
1362,6
1363,11
1364,15
1365,9
1366,13
1367,8
1368,11
1369,11
1370,8
1371,12
1372,10
1373,12
1374,13
1375,7
1376,10
1377,15
1378,10
1379,7
1380,10
1381,14
1382,8
1383,12
1384,8
1385,9
1386,10
1387,17
1388,12
1389,13
1390,8
1391,13
1392,5
1393,6
1394,6
1395,10
1396,11
1397,11
1398,8
1399,14
1400,12
1401,7
1402,6
1403,16
1404,7
1405,8
1406,8
1407,7
1408,14
1409,10
1410,8
1411,10
1412,9
1413,10
1414,15
1415,9
1416,16
1417,13
1418,12
1419,10
1420,7
1421,8
1422,13
1423,3
1424,6
1425,13
1426,16
1427,11
1428,11
1429,9
1430,15
1431,9
1432,10
1433,3
1434,7
1435,14
1436,14
1437,9
1438,4
1439,9
1440,9
1441,12
1442,13
1443,15
1444,12
1445,10
1446,9
1447,15
1448,9
1449,10
1450,11
1451,16
1452,11
1453,14
1454,13
1455,11
1456,9
1457,12
1458,12
1459,7
1460,13
1461,6
1462,9
1463,8
1464,8
1465,5
1466,10
1467,8
1468,11
1469,8
1470,9
1471,14
1472,16
1473,6
1474,13
1475,8
1476,8
1477,12
1478,10
1479,14
1480,11
1481,12
1482,8
1483,19
1484,9
1485,8
1486,10
1487,11
1488,16
1489,6
1490,10
1491,13
1492,10
1493,8
1494,9
1495,5
1496,11
1497,12
1498,12
1499,9
1500,10
1501,10
1502,11
1503,13
1504,8
1505,12
1506,9
1507,9
1508,5
1509,4
1510,10
1511,4
1512,14
1513,7
1514,10
1515,6
1516,13
1517,6
1518,10
1519,9
1520,11
1521,13
1522,10
1523,8
1524,9
1525,8
1526,8
1527,7
1528,7
1529,7
1530,5
1531,11
1532,11
1533,8
1534,7
1535,5
1536,11
1537,9
1538,10
1539,14
1540,10
1541,12
1542,10
1543,11
1544,13
1545,9
1546,8
1547,8
1548,11
1549,6
1550,11
1551,11
1552,11
1553,9
1554,14
1555,11
1556,14
1557,7
1558,7
1559,10
1560,10
1561,6
1562,5
1563,7
1564,16
1565,6
1566,10
1567,14
1568,8
1569,10
1570,8
1571,15
1572,12
1573,11
1574,4
1575,6
1576,10
1577,9
1578,7
1579,8
1580,12
1581,8
1582,6
1583,7
1584,8
1585,10
1586,5
1587,8
1588,14
1589,7
1590,10
1591,14
1592,10
1593,9
1594,5
1595,11
1596,8
1597,10
1598,4
1599,11
1600,7
1601,9
1602,6
1603,12
1604,4
1605,10
1606,9
1607,8
1608,7
1609,14
1610,8
1611,13
1612,12
1613,9
1614,11
1615,10
1616,8
1617,12
1618,7
1619,6
1620,5
1621,9
1622,6
1623,6
1624,14
1625,8
1626,11
1627,9
1628,5
1629,4
1630,4
1631,9
1632,9
1633,8
1634,8
1635,12
1636,9
1637,11
1638,6
1639,12
1640,5
1641,15
1642,12
1643,8
1644,9
1645,6
1646,9
1647,7
1648,8
1649,7
1650,13
1651,13
1652,10
1653,9
1654,7
1655,12
1656,6
1657,12
1658,11
1659,12
1660,7
1661,6
1662,5
1663,16
1664,8
1665,9
1666,4
1667,9
1668,8
1669,12
1670,15
1671,11
1672,13
1673,8
1674,7
1675,14
1676,13
1677,7
1678,8
1679,6
1680,10
1681,10
1682,10
1683,6
1684,7
1685,12
1686,9
1687,15
1688,8
1689,11
1690,12
1691,16
1692,6
1693,10
1694,13
1695,11
1696,9
1697,8
1698,3
1699,7
1700,13
1701,8
1702,12
1703,15
1704,12
1705,7
1706,10
1707,8
1708,11
1709,4
1710,5
1711,9
1712,8
1713,8
1714,5
1715,9
1716,11
1717,7
1718,14
1719,15
1720,11
1721,10
1722,7
1723,9
1724,7
1725,7
1726,6
1727,9
1728,9
1729,7
1730,8
1731,10
1732,6
1733,4
1734,7
1735,5
1736,7
1737,5
1738,6
1739,13
1740,3
1741,8
1742,10
1743,10
1744,6
1745,5
1746,9
1747,8
1748,12
1749,9
1750,11
1751,12
1752,9
1753,6
1754,10
1755,8
1756,6
1757,4
1758,9
1759,5
1760,16
1761,8
1762,2
1763,8
1764,10
1765,8
1766,6
1767,9
1768,7
1769,6
1770,6
1771,8
1772,4
1773,10
1774,6
1775,8
1776,11
1777,8
1778,9
1779,8
1780,8
1781,8
1782,7
1783,9
1784,13
1785,11
1786,8
1787,8
1788,7
1789,9
1790,7
1791,7
1792,12
1793,7
1794,5
1795,9
1796,8
1797,10
1798,9
1799,10
1800,7
1801,7
1802,4
1803,7
1804,11
1805,5
1806,5
1807,8
1808,3
1809,5
1810,7
1811,10
1812,7
1813,9
1814,7
1815,13
1816,7
1817,11
1818,6
1819,3
1820,8
1821,6
1822,6
1823,6
1824,14
1825,9
1826,13
1827,6
1828,9
1829,6
1830,8
1831,11
1832,8
1833,10
1834,6
1835,11
1836,9
1837,6
1838,6
1839,5
1840,11
1841,5
1842,3
1843,14
1844,12
1845,8
1846,10
1847,3
1848,7
1849,8
1850,8
1851,10
1852,3
1853,6
1854,9
1855,10
1856,12
1857,5
1858,3
1859,16
1860,10
1861,6
1862,7
1863,12
1864,10
1865,13
1866,12
1867,14
1868,5
1869,17
1870,4
1871,10
1872,13
1873,11
1874,3
1875,13
1876,12
1877,9
1878,3
1879,7
1880,9
1881,8
1882,13
1883,11
1884,9
1885,7
1886,9
1887,4
1888,5
1889,6
1890,11
1891,9
1892,10
1893,5
1894,6
1895,10
1896,7
1897,14
1898,8
1899,8
1900,4
1901,14
1902,11
1903,6
1904,8
1905,6
1906,11
1907,12
1908,12
1909,17
1910,9
1911,11
1912,8
1913,5
1914,12
1915,5
1916,10
1917,7
1918,7
1919,10
1920,7
1921,5
1922,6
1923,7
1924,10
1925,8
1926,7
1927,12
1928,8
1929,6
1930,8
1931,10
1932,5
1933,3
1934,4
1935,10
1936,8
1937,11
1938,5
1939,10
1940,8
1941,5
1942,8
1943,6
1944,7
1945,5
1946,11
1947,7
1948,10
1949,5
1950,6
1951,9
1952,10
1953,4
1954,7
1955,4
1956,9
1957,6
1958,8
1959,8
1960,8
1961,10
1962,8
1963,3
1964,12
1965,6
1966,10
1967,12
1968,4
1969,9
1970,5
1971,9
1972,3
1973,10
1974,8
1975,13
1976,9
1977,8
1978,6
1979,12
1980,5
1981,14
1982,7
1983,9
1984,6
1985,9
1986,6
1987,7
1988,6
1989,10
1990,4
1991,16
1992,3
1993,9
1994,7
1995,10
1996,15
1997,11
1998,10
1999,6
2000,18
2001,6
2002,13
2003,7
2004,3
2005,6
2006,4
2007,8
2008,8
2009,11
2010,8
2011,7
2012,9
2013,7
2014,7
2015,12
2016,9
2017,14
2018,3
2019,10
2020,7
2021,7
2022,2
2023,3
2024,8
2025,8
2026,4
2027,3
2028,7
2029,9
2030,9
2031,7
2032,14
2033,7
2034,7
2035,12
2036,7
2037,8
2038,10
2039,7
2040,7
2041,8
2042,4
2043,6
2044,9
2045,6
2046,3
2047,8
2048,6
2049,8
2050,5
2051,10
2052,14
2053,5
2054,9
2055,11
2056,7
2057,10
2058,11
2059,6
2060,11
2061,10
2062,4
2063,4
2064,7
2065,7
2066,10
2067,9
2068,9
2069,7
2070,9
2071,8
2072,5
2073,7
2074,10
2075,14
2076,7
2077,8
2078,9
2079,9
2080,4
2081,9
2082,12
2083,6
2084,7
2085,5
2086,5
2087,10
2088,9
2089,11
2090,4
2091,8
2092,7
2093,6
2094,5
2095,16
2096,5
2097,4
2098,10
2099,7
2100,2
2101,8
2102,12
2103,13
2104,4
2105,4
2106,6
2107,10
2108,6
2109,11
2110,4
2111,8
2112,8
2113,9
2114,8
2115,6
2116,5
2117,3
2118,4
2119,8
2120,9
2121,8
2122,6
2123,8
2124,7
2125,4
2126,6
2127,11
2128,6
2129,4
2130,5
2131,11
2132,6
2133,7
2134,6
2135,4
2136,15
2137,4
2138,7
2139,6
2140,7
2141,7
2142,12
2143,6
2144,6
2145,5
2146,7
2147,8
2148,6
2149,5
2150,8
2151,8
2152,4
2153,4
2154,7
2155,5
2156,6
2157,8
2158,7
2159,10
2160,10
2161,9
2162,10
2163,11
2164,7
2165,9
2166,7
2167,8
2168,8
2169,7
2170,9
2171,9
2172,10
2173,11
2174,6
2175,11
2176,3
2177,8
2178,8
2179,4
2180,6
2181,4
2182,7
2183,5
2184,8
2185,6
2186,8
2187,4
2188,10
2189,5
2190,10
2191,4
2192,6
2193,8
2194,10
2195,9
2196,7
2197,10
2198,8
2199,7
2200,8
2201,3
2202,5
2203,3
2204,6
2205,4
2206,7
2207,4
2208,13
2209,9
2210,2
2211,10
2212,6
2213,6
2214,3
2215,10
2216,5
2217,8
2218,3
2219,6
2220,5
2221,7
2222,3
2223,17
2224,11
2225,12
2226,2
2227,3
2228,9
2229,4
2230,6
2231,8
2232,10
2233,8
2234,9
2235,9
2236,10
2237,5
2238,4
2239,4
2240,14
2241,10
2242,12
2243,8
2244,8
2245,5
2246,10
2247,13
2248,4
2249,5
2250,8
2251,11
2252,5
2253,10
2254,7
2255,6
2256,6
2257,11
2258,8
2259,7
2260,9
2261,2
2262,3
2263,7
2264,11
2265,8
2266,4
2267,8
2268,4
2269,9
2270,8
2271,8
2272,9
2273,8
2274,11
2275,10
2276,9
2277,6
2278,6
2279,10
2280,5
2281,8
2282,3
2283,7
2284,6
2285,6
2286,6
2287,6
2288,11
2289,7
2290,6
2291,7
2292,3
2293,6
2294,9
2295,6
2296,5
2297,10
2298,8
2299,7
2300,11
2301,10
2302,4
2303,7
2304,6
2305,9
2306,5
2307,4
2308,8
2309,4
2310,7
2311,10
2312,5
2313,3
2314,9
2315,3
2316,4
2317,8
2318,7
2319,3
2320,10
2321,7
2322,5
2323,9
2324,7
2325,9
2326,8
2327,8
2328,4
2329,3
2330,5
2331,4
2332,10
2333,8
2334,10
2335,6
2336,6
2337,8
2338,5
2339,8
2340,6
2341,7
2342,6
2343,12
2344,4
2345,8
2346,6
2347,9
2348,2
2349,7
2350,5
2351,5
2352,10
2353,8
2354,5
2355,9
2356,4
2357,9
2358,6
2359,8
2360,9
2361,7
2362,11
2363,9
2364,8
2365,9
2366,8
2367,5
2368,5
2369,7
2370,8
2371,10
2372,6
2373,6
2374,8
2375,10
2376,7
2377,10
2378,3
2379,4
2380,5
2381,7
2382,3
2383,4
2384,7
2385,8
2386,5
2387,4
2388,11
2389,6
2390,9
2391,5
2392,4
2393,5
2394,5
2396,6
2397,9
2398,5
2399,10
2400,7
2401,6
2402,5
2403,1
2404,6
2405,5
2406,4
2407,9
2408,5
2409,5
2410,4
2411,6
2412,5
2413,13
2414,8
2415,10
2416,16
2417,6
2418,6
2419,7
2420,6
2421,6
2422,2
2423,4
2424,4
2425,7
2426,8
2427,7
2428,7
2429,6
2430,5
2431,12
2432,8
2433,3
2434,4
2435,5
2436,5
2437,13
2438,14
2439,2
2440,4
2441,4
2442,6
2443,3
2444,2
2445,5
2446,5
2447,8
2448,5
2449,8
2450,5
2451,6
2452,4
2453,11
2454,8
2455,3
2456,10
2457,6
2458,7
2459,12
2460,7
2461,3
2462,4
2463,5
2464,9
2465,2
2466,4
2467,9
2468,3
2469,6
2470,7
2471,8
2472,7
2473,11
2474,6
2475,8
2476,5
2477,2
2478,7
2479,6
2480,4
2481,4
2482,3
2483,11
2484,7
2485,5
2486,6
2487,13
2488,8
2489,8
2490,9
2491,5
2492,4
2493,4
2494,7
2495,9
2496,7
2497,5
2498,5
2499,9
2500,9
2501,6
2502,3
2503,11
2504,7
2505,5
2506,9
2507,4
2508,5
2509,4
2510,7
2511,6
2512,6
2513,3
2514,14
2515,8
2516,11
2517,6
2518,4
2519,4
2520,5
2521,8
2522,15
2523,5
2524,6
2525,7
2526,8
2527,8
2528,6
2529,3
2530,7
2531,10
2532,7
2533,8
2534,7
2535,6
2536,8
2537,5
2538,6
2539,6
2540,6
2541,3
2542,6
2543,12
2544,7
2545,7
2546,10
2547,4
2548,7
2549,5
2550,4
2551,3
2552,6
2553,6
2554,11
2555,6
2556,4
2557,6
2558,5
2559,5
2560,4
2561,5
2562,7
2563,8
2564,3
2565,6
2566,5
2567,10
2568,6
2569,2
2570,4
2571,11
2572,7
2573,7
2574,5
2575,6
2576,6
2577,6
2578,9
2579,4
2580,4
2581,4
2582,10
2583,7
2584,7
2585,4
2586,7
2587,8
2588,6
2589,4
2590,8
2591,10
2592,7
2593,4
2594,5
2595,2
2596,5
2597,7
2598,7
2599,3
2600,5
2601,3
2602,9
2603,10
2604,6
2605,8
2606,7
2607,3
2608,8
2609,9
2610,4
2611,10
2612,4
2613,5
2614,6
2615,5
2616,7
2617,7
2618,10
2619,5
2620,8
2621,10
2622,4
2623,3
2624,2
2625,1
2626,6
2627,4
2628,7
2629,6
2630,7
2631,6
2632,10
2633,4
2634,4
2635,8
2636,3
2637,7
2638,9
2639,6
2640,7
2641,8
2642,3
2643,7
2644,7
2645,10
2646,5
2647,9
2648,5
2649,8
2650,5
2651,7
2652,5
2653,5
2654,11
2655,5
2656,2
2657,7
2658,9
2659,5
2660,6
2661,5
2662,6
2663,4
2664,1
2665,4
2666,6
2667,1
2668,2
2669,2
2670,6
2671,10
2672,3
2673,3
2674,5
2675,10
2676,8
2677,4
2678,9
2679,2
2680,6
2681,8
2682,11
2683,7
2684,4
2685,4
2686,6
2687,8
2688,7
2689,6
2690,6
2691,11
2692,7
2693,4
2694,4
2695,5
2696,4
2697,11
2698,5
2699,7
2700,6
2701,6
2702,6
2703,6
2704,4
2705,3
2706,5
2707,8
2708,6
2709,4
2710,4
2711,11
2712,10
2713,4
2714,4
2715,8
2716,7
2717,4
2718,9
2719,6
2720,6
2721,5
2722,3
2723,10
2724,6
2725,6
2726,9
2727,7
2728,6
2729,6
2730,3
2731,6
2732,7
2733,3
2734,5
2735,10
2736,4
2737,8
2738,9
2739,4
2740,12
2741,3
2742,6
2743,6
2744,7
2745,6
2746,7
2747,7
2748,6
2749,5
2750,10
2751,7
2752,8
2753,4
2754,10
2755,10
2756,5
2757,5
2758,6
2759,3
2760,6
2761,13
2762,6
2763,1
2764,3
2765,7
2766,4
2767,9
2768,6
2769,5
2770,4
2771,5
2772,5
2773,7
2774,6
2775,6
2776,8
2777,4
2778,5
2779,6
2780,7
2781,6
2783,7
2784,3
2785,3
2786,4
2787,4
2788,5
2789,6
2790,6
2791,9
2792,5
2794,9
2795,6
2796,9
2797,3
2798,5
2799,4
2800,7
2801,7
2802,4
2803,1
2804,5
2805,5
2806,5
2807,10
2808,6
2809,6
2810,5
2811,5
2812,6
2813,4
2814,4
2815,10
2816,4
2817,6
2818,4
2819,8
2820,8
2821,8
2822,4
2823,9
2824,4
2825,11
2826,5
2827,4
2828,7
2829,5
2830,4
2831,9
2832,7
2833,10
2834,8
2835,7
2836,3
2837,6
2838,3
2839,4
2840,10
2841,6
2842,5
2843,1
2844,6
2845,3
2846,3
2847,5
2848,9
2849,4
2850,7
2851,5
2852,8
2853,6
2854,10
2855,7
2856,4
2857,3
2858,6
2859,5
2860,4
2861,6
2862,6
2863,3
2864,6
2865,5
2866,7
2867,6
2868,6
2869,5
2870,8
2871,3
2872,7
2873,4
2874,5
2875,6
2876,8
2877,5
2878,6
2879,4
2880,10
2881,4
2882,8
2883,11
2884,8
2885,5
2886,5
2887,5
2888,6
2889,5
2890,4
2891,6
2892,6
2893,5
2894,8
2895,9
2896,3
2897,6
2898,6
2899,5
2900,8
2901,10
2902,9
2903,4
2904,7
2905,8
2906,1
2907,8
2908,6
2909,7
2910,5
2911,5
2912,9
2913,8
2914,10
2915,6
2916,6
2917,5
2918,4
2919,1
2920,9
2921,3
2922,7
2923,8
2924,1
2925,2
2926,7
2927,9
2928,3
2929,5
2930,11
2931,5
2932,4
2933,3
2934,2
2935,5
2936,4
2937,5
2938,7
2939,5
2940,4
2941,6
2942,8
2943,5
2944,11
2945,6
2946,5
2947,2
2948,6
2949,6
2950,4
2951,2
2952,8
2953,4
2954,5
2955,6
2956,4
2957,2
2958,6
2959,7
2960,6
2961,5
2962,2
2963,4
2964,8
2965,3
2966,8
2967,6
2968,4
2969,4
2970,8
2971,3
2972,6
2973,6
2974,2
2975,2
2976,6
2977,5
2978,6
2979,1
2980,6
2981,3
2982,3
2983,5
2984,3
2985,2
2986,5
2987,5
2988,7
2989,5
2990,5
2991,4
2992,8
2993,4
2994,6
2995,8
2996,7
2997,6
2998,2
2999,7
3000,5
3001,2
3002,3
3003,7
3004,5
3005,6
3006,7
3007,4
3008,7
3009,5
3010,5
3011,6
3012,4
3013,7
3014,6
3015,8
3016,3
3017,9
3018,6
3019,7
3020,8
3021,4
3022,4
3023,3
3024,3
3025,8
3026,8
3027,5
3028,6
3029,3
3030,4
3031,3
3032,3
3033,5
3034,5
3035,10
3036,6
3037,7
3038,5
3039,9
3040,3
3041,6
3042,4
3044,6
3045,5
3046,4
3047,3
3048,8
3049,4
3050,9
3051,5
3052,4
3053,4
3054,5
3055,3
3056,7
3057,7
3058,3
3059,6
3060,5
3061,6
3062,5
3063,1
3064,6
3065,4
3066,8
3067,7
3068,5
3069,7
3070,4
3071,4
3072,6
3073,3
3074,6
3075,4
3076,5
3077,5
3078,7
3079,6
3080,4
3081,4
3082,3
3083,5
3084,3
3085,4
3086,3
3087,5
3088,6
3089,5
3090,6
3091,6
3092,5
3093,3
3094,5
3095,4
3096,9
3097,6
3098,2
3099,3
3100,5
3101,4
3102,4
3103,6
3104,8
3105,4
3106,7
3107,7
3108,8
3109,3
3110,5
3111,4
3112,3
3113,3
3114,4
3115,5
3116,4
3117,5
3118,4
3119,3
3120,4
3121,3
3122,7
3123,5
3124,5
3125,5
3126,3
3127,6
3128,6
3129,4
3130,4
3131,6
3132,7
3133,3
3134,7
3135,7
3136,3
3137,6
3138,5
3139,7
3140,10
3141,4
3142,3
3143,5
3144,3
3145,5
3146,2
3147,5
3148,2
3149,2
3150,6
3151,8
3152,7
3153,6
3154,1
3155,2
3156,6
3157,5
3158,2
3159,4
3160,3
3161,5
3162,8
3163,7
3164,6
3166,9
3167,13
3168,6
3169,3
3170,5
3171,7
3172,5
3173,6
3174,1
3175,4
3176,4
3177,7
3178,3
3179,4
3180,5
3181,6
3182,7
3183,2
3184,5
3185,10
3186,4
3187,6
3188,9
3189,6
3190,11
3191,1
3192,3
3193,9
3194,3
3195,8
3196,4
3197,6
3198,1
3199,7
3200,6
3201,3
3202,3
3203,4
3204,8
3205,4
3206,5
3207,3
3208,6
3209,2
3210,6
3211,4
3212,4
3213,3
3214,4
3215,3
3216,3
3217,1
3218,4
3219,8
3220,7
3221,6
3222,7
3223,8
3224,4
3225,2
3226,6
3227,7
3228,4
3229,4
3230,8
3231,7
3232,8
3233,6
3234,6
3235,6
3236,6
3237,2
3238,5
3239,3
3240,8
3241,5
3242,5
3243,4
3244,4
3245,2
3246,6
3247,6
3248,1
3249,4
3250,4
3251,8
3252,3
3253,5
3254,3
3255,3
3256,5
3257,3
3258,5
3259,4
3260,5
3261,3
3262,1
3263,5
3264,5
3265,3
3266,1
3267,8
3268,2
3269,7
3270,8
3271,5
3272,5
3273,10
3274,5
3275,11
3276,6
3277,4
3278,4
3279,4
3280,5
3281,2
3282,7
3283,5
3284,5
3285,2
3286,6
3287,8
3288,4
3289,8
3290,7
3291,9
3292,8
3293,5
3294,8
3295,3
3296,9
3297,3
3298,5
3299,5
3300,5
3301,8
3302,7
3303,9
3304,4
3305,5
3306,2
3307,6
3308,4
3309,4
3311,7
3312,5
3313,5
3314,2
3315,8
3316,4
3317,5
3318,3
3319,5
3320,6
3321,4
3322,8
3323,5
3324,6
3325,4
3326,7
3327,7
3328,5
3329,6
3330,6
3331,5
3332,5
3333,4
3334,6
3335,4
3336,4
3337,2
3338,7
3339,2
3340,4
3341,1
3342,5
3343,2
3344,5
3345,8
3346,6
3347,9
3348,4
3349,3
3350,6
3351,4
3352,2
3353,6
3354,5
3355,1
3356,4
3357,5
3358,5
3359,2
3360,4
3361,8
3362,11
3363,4
3364,7
3365,8
3366,3
3367,8
3368,5
3369,3
3370,2
3371,4
3372,6
3373,5
3374,6
3375,5
3376,3
3377,4
3378,6
3379,4
3380,8
3381,4
3382,4
3383,6
3384,3
3385,6
3386,2
3387,5
3388,4
3389,8
3390,5
3391,3
3392,7
3393,5
3394,3
3395,4
3396,4
3397,4
3398,3
3399,7
3400,4
3401,3
3402,7
3403,5
3404,6
3405,3
3406,6
3407,6
3408,6
3409,2
3410,5
3411,2
3412,4
3413,5
3414,2
3415,3
3416,5
3418,2
3419,9
3420,4
3421,9
3422,4
3423,2
3424,6
3425,3
3426,4
3427,2
3428,1
3429,4
3430,2
3431,2
3432,2
3433,6
3434,5
3435,1
3436,1
3437,4
3438,4
3439,3
3440,6
3441,6
3442,5
3443,6
3444,5
3445,4
3446,6
3447,5
3448,2
3449,3
3450,3
3451,1
3452,5
3453,4
3454,3
3455,5
3456,2
3457,3
3458,4
3459,3
3460,7
3461,4
3462,2
3463,5
3464,3
3465,2
3466,6
3467,4
3468,3
3469,4
3470,2
3471,5
3472,7
3473,4
3474,4
3475,5
3476,7
3477,3
3478,2
3479,3
3480,1
3481,6
3482,6
3483,5
3484,3
3485,5
3486,3
3487,4
3488,1
3489,6
3490,4
3491,6
3492,5
3493,1
3494,5
3495,6
3496,8
3497,4
3498,3
3499,4
3500,4
3501,5
3502,7
3503,4
3504,7
3505,2
3506,5
3507,3
3508,3
3509,4
3510,4
3511,7
3512,3
3513,6
3514,5
3515,2
3516,6
3517,4
3518,7
3519,2
3520,7
3521,3
3522,6
3523,7
3524,6
3525,8
3526,5
3527,5
3528,5
3529,4
3530,4
3531,6
3532,3
3533,5
3534,5
3535,5
3536,5
3537,2
3538,5
3539,2
3540,6
3541,2
3542,2
3543,2
3544,4
3545,5
3546,6
3547,7
3548,4
3549,2
3550,1
3551,5
3552,7
3553,3
3554,4
3555,5
3556,4
3557,6
3558,2
3559,2
3560,7
3561,4
3562,6
3563,3
3564,8
3565,1
3566,3
3567,2
3568,4
3569,6
3570,3
3571,1
3572,4
3573,4
3574,1
3575,8
3576,4
3577,7
3578,5
3579,4
3580,6
3581,6
3582,4
3583,3
3584,3
3585,2
3586,1
3587,5
3588,5
3589,2
3590,4
3591,4
3592,6
3593,6
3594,3
3595,4
3596,4
3597,8
3598,3
3599,2
3600,5
3601,6
3602,9
3603,7
3604,6
3605,6
3606,3
3607,5
3608,7
3609,6
3610,4
3611,11
3612,4
3613,4
3614,4
3615,5
3616,8
3617,6
3618,4
3619,5
3621,7
3622,3
3623,7
3624,4
3625,9
3626,2
3627,3
3628,2
3629,4
3630,2
3631,6
3632,10
3633,8
3634,7
3635,7
3636,5
3637,4
3638,8
3639,2
3640,3
3641,4
3642,8
3643,3
3644,5
3645,2
3646,1
3647,6
3648,6
3649,4
3650,2
3651,9
3652,3
3653,1
3655,2
3656,3
3657,6
3658,4
3659,3
3660,3
3661,4
3662,4
3663,9
3664,3
3665,4
3666,4
3667,5
3668,3
3669,4
3670,1
3671,4
3672,1
3673,4
3674,2
3675,4
3676,4
3677,3
3678,6
3679,5
3680,3
3681,4
3682,2
3683,3
3684,5
3685,4
3686,1
3687,5
3688,1
3689,5
3690,4
3691,3
3692,4
3693,7
3694,5
3695,3
3696,6
3697,4
3698,3
3699,4
3700,8
3701,8
3702,1
3703,6
3704,7
3705,5
3706,10
3707,4
3708,5
3709,4
3710,4
3711,5
3712,5
3713,2
3714,8
3715,3
3716,7
3717,3
3718,7
3719,4
3720,6
3721,3
3722,5
3723,7
3724,5
3725,4
3726,1
3727,9
3728,4
3729,7
3730,4
3731,1
3732,4
3733,3
3734,4
3735,6
3736,7
3737,4
3738,5
3739,5
3740,4
3741,3
3742,1
3743,1
3744,3
3745,2
3746,7
3747,4
3748,2
3749,5
3750,8
3751,5
3752,6
3753,10
3754,5
3755,5
3756,2
3757,7
3758,3
3759,4
3760,4
3761,7
3762,7
3763,8
3764,5
3765,6
3766,7
3767,7
3768,4
3769,2
3770,3
3771,3
3772,9
3773,3
3774,4
3775,5
3776,3
3777,4
3778,3
3779,4
3780,9
3781,2
3782,2
3783,4
3784,3
3785,7
3786,5
3787,1
3788,5
3789,5
3790,5
3791,4
3792,1
3793,5
3794,1
3795,3
3796,7
3797,3
3798,4
3799,4
3800,3
3801,5
3802,5
3803,3
3804,6
3805,5
3806,2
3807,4
3808,5
3809,2
3810,4
3811,4
3812,8
3813,4
3814,3
3815,4
3816,1
3817,4
3818,5
3819,3
3820,2
3821,5
3823,3
3824,4
3825,3
3826,5
3827,2
3828,5
3829,2
3830,6
3831,6
3832,4
3833,1
3834,4
3835,7
3836,3
3837,1
3838,4
3839,1
3840,2
3841,8
3842,2
3843,2
3844,3
3845,2
3846,6
3847,2
3848,4
3849,4
3850,5
3851,3
3852,2
3853,2
3854,3
3855,3
3856,5
3857,2
3858,4
3859,6
3860,5
3861,3
3862,3
3863,3
3864,3
3865,1
3866,4
3867,1
3868,1
3869,6
3870,3
3871,2
3872,3
3873,1
3874,7
3875,5
3876,4
3877,3
3878,1
3879,2
3880,3
3881,2
3882,6
3883,2
3884,5
3885,3
3886,6
3887,2
3888,9
3889,3
3890,6
3891,3
3892,5
3893,7
3894,3
3895,3
3896,6
3897,1
3898,7
3899,4
3900,5
3901,3
3902,1
3903,6
3904,7
3905,4
3906,3
3907,4
3908,2
3909,3
3910,3
3912,3
3913,4
3914,1
3915,6
3916,3
3917,5
3918,5
3919,2
3920,1
3921,5
3922,2
3923,4
3924,2
3925,5
3926,2
3927,4
3928,4
3929,3
3930,5
3931,3
3932,3
3933,6
3934,1
3935,4
3936,2
3937,3
3938,5
3939,4
3940,5
3941,5
3942,5
3943,2
3944,2
3945,2
3946,3
3947,5
3948,3
3949,5
3950,3
3951,2
3952,4
3953,8
3954,3
3955,3
3956,5
3957,3
3958,3
3959,6
3960,5
3961,3
3962,2
3963,4
3964,3
3965,6
3966,4
3967,4
3968,4
3969,4
3970,6
3971,2
3972,2
3973,4
3974,2
3975,3
3976,4
3977,1
3978,3
3979,5
3980,4
3981,2
3982,5
3983,3
3984,5
3985,4
3986,3
3987,4
3988,4
3990,2
3991,2
3992,4
3993,3
3994,4
3995,3
3996,3
3997,5
3998,2
3999,3
4000,2
4001,5
4002,3
4003,3
4004,3
4005,5
4006,1
4007,4
4008,5
4009,1
4010,4
4011,3
4013,6
4014,7
4015,2
4016,4
4017,6
4018,1
4019,4
4020,5
4021,5
4022,3
4023,7
4024,4
4025,3
4026,5
4028,2
4029,3
4030,4
4031,8
4032,5
4033,2
4034,2
4035,7
4036,3
4037,3
4038,9
4039,5
4040,3
4041,5
4042,4
4043,3
4044,3
4045,5
4046,8
4047,6
4048,7
4049,2
4050,5
4051,3
4052,5
4054,3
4055,6
4056,2
4057,3
4058,5
4059,3
4060,4
4061,4
4062,4
4063,4
4064,9
4065,5
4066,6
4067,3
4068,7
4069,7
4070,4
4071,3
4072,2
4073,6
4074,3
4075,5
4076,5
4077,8
4078,7
4079,9
4080,3
4081,2
4083,4
4084,4
4085,7
4086,2
4087,4
4088,4
4089,2
4090,3
4091,2
4092,1
4093,4
4094,2
4095,3
4096,3
4097,7
4098,1
4099,4
4100,6
4101,1
4102,5
4103,9
4104,11
4105,6
4106,5
4107,3
4108,5
4109,5
4110,2
4111,4
4112,3
4113,4
4114,7
4115,4
4116,1
4117,1
4118,5
4119,5
4120,2
4121,3
4122,1
4123,2
4124,5
4125,3
4126,5
4127,3
4128,2
4129,3
4130,1
4131,2
4132,4
4133,2
4134,3
4135,5
4136,4
4137,5
4138,2
4139,5
4140,3
4141,7
4142,2
4143,3
4144,4
4145,2
4146,4
4147,2
4148,3
4149,6
4150,1
4151,4
4152,2
4153,3
4154,3
4155,1
4156,6
4157,5
4158,1
4159,2
4160,2
4161,2
4162,1
4163,5
4164,3
4165,4
4166,6
4167,2
4168,5
4169,1
4170,2
4171,4
4172,6
4173,2
4174,5
4175,2
4176,3
4177,5
4179,6
4180,6
4181,1
4182,4
4183,4
4184,7
4185,2
4186,4
4187,2
4188,3
4189,2
4190,3
4191,5
4192,5
4193,4
4194,3
4195,3
4196,2
4197,3
4198,2
4199,5
4200,6
4201,4
4202,3
4203,4
4204,3
4205,5
4206,4
4207,4
4208,8
4209,3
4210,6
4211,4
4212,6
4213,2
4214,1
4215,1
4216,5
4217,4
4218,3
4219,5
4220,2
4221,1
4222,3
4223,7
4224,1
4225,4
4226,4
4227,4
4228,4
4229,4
4230,2
4231,8
4232,5
4233,6
4234,2
4235,5
4236,4
4237,2
4238,2
4239,3
4240,4
4241,8
4242,1
4243,3
4244,2
4245,1
4246,4
4247,4
4248,3
4249,1
4250,4
4251,1
4252,4
4253,1
4254,8
4255,2
4256,9
4257,2
4258,3
4259,3
4260,2
4261,2
4262,3
4263,2
4264,5
4265,3
4266,1
4267,4
4268,3
4269,5
4270,4
4271,1
4272,4
4273,3
4274,1
4275,7
4276,6
4277,3
4278,3
4279,7
4280,4
4281,2
4282,1
4283,3
4284,4
4285,5
4286,1
4287,4
4288,1
4289,3
4290,4
4291,2
4292,2
4293,2
4295,4
4296,4
4297,3
4298,3
4299,2
4300,3
4302,4
4303,6
4304,2
4305,4
4306,1
4307,6
4308,1
4309,3
4310,1
4311,6
4312,3
4313,2
4314,4
4315,5
4316,6
4317,6
4318,5
4319,1
4320,3
4321,2
4322,7
4323,5
4324,3
4325,2
4326,4
4327,5
4328,1
4329,1
4330,4
4331,1
4332,7
4333,3
4334,2
4335,6
4336,5
4337,5
4338,5
4339,5
4340,1
4341,1
4342,3
4343,2
4344,3
4345,3
4346,2
4347,3
4348,3
4349,4
4350,4
4351,4
4352,2
4353,5
4354,2
4355,2
4356,4
4357,1
4358,2
4359,5
4360,4
4361,8
4362,2
4363,3
4364,4
4365,1
4366,3
4367,4
4368,3
4369,4
4370,4
4371,2
4372,3
4373,5
4374,2
4375,7
4376,1
4377,2
4378,2
4379,6
4380,2
4381,3
4382,6
4383,4
4384,4
4385,4
4386,3
4387,3
4388,3
4389,1
4390,1
4391,4
4392,2
4393,7
4394,4
4395,6
4396,3
4397,2
4399,3
4400,6
4401,4
4402,2
4403,3
4404,5
4405,3
4406,3
4407,3
4408,2
4409,3
4410,4
4411,3
4412,5
4413,4
4414,4
4415,2
4416,4
4417,2
4418,3
4419,2
4420,7
4421,5
4422,1
4423,5
4424,2
4425,2
4426,4
4427,6
4428,3
4429,4
4430,3
4431,6
4432,3
4433,5
4434,5
4435,5
4436,4
4437,4
4438,3
4439,1
4440,1
4441,1
4442,6
4444,3
4445,2
4446,2
4447,6
4448,3
4449,4
4450,5
4451,2
4452,1
4453,2
4454,2
4455,3
4456,3
4457,6
4458,4
4459,7
4460,5
4461,6
4462,6
4463,6
4464,3
4465,2
4467,4
4468,5
4469,4
4470,1
4471,5
4472,8
4473,1
4474,3
4475,1
4476,4
4477,4
4478,1
4480,4
4481,3
4482,2
4483,4
4484,4
4485,3
4486,3
4487,3
4488,5
4489,4
4490,4
4491,4
4492,4
4493,5
4494,2
4495,5
4496,4
4497,3
4499,3
4500,2
4501,2
4502,2
4503,2
4504,6
4505,2
4506,5
4507,1
4508,2
4509,4
4510,4
4511,2
4512,3
4513,2
4514,3
4515,5
4516,2
4517,2
4518,7
4519,5
4520,2
4521,3
4522,1
4523,2
4524,1
4525,6
4526,3
4527,4
4528,2
4529,4
4530,4
4531,2
4533,4
4534,6
4535,4
4536,7
4537,4
4538,1
4539,5
4540,3
4541,4
4542,3
4543,1
4544,1
4545,4
4546,4
4547,2
4548,1
4549,4
4550,8
4551,8
4552,1
4553,5
4554,5
4555,2
4556,6
4557,1
4558,2
4559,5
4560,2
4561,5
4562,4
4563,3
4564,2
4565,8
4566,4
4567,2
4568,3
4569,3
4570,2
4571,3
4572,5
4573,4
4574,2
4575,3
4576,1
4577,3
4578,6
4579,4
4580,3
4581,5
4582,6
4583,6
4584,7
4585,5
4586,2
4587,3
4588,4
4589,6
4590,1
4591,5
4592,4
4593,5
4594,4
4595,4
4596,3
4597,5
4598,4
4599,1
4600,2
4601,4
4602,6
4603,4
4605,5
4606,3
4607,4
4608,3
4609,3
4610,4
4611,2
4612,4
4613,4
4614,5
4615,5
4616,8
4617,2
4618,2
4619,1
4620,2
4621,2
4622,5
4623,1
4624,3
4625,4
4626,3
4627,1
4628,6
4629,4
4630,4
4631,2
4632,3
4633,4
4634,3
4635,3
4636,6
4637,1
4638,4
4639,1
4640,1
4641,3
4642,1
4644,6
4645,8
4646,2
4647,3
4648,1
4649,1
4650,1
4651,1
4652,4
4653,5
4654,2
4655,5
4656,5
4657,3
4658,7
4659,1
4660,4
4662,1
4663,3
4664,2
4665,2
4666,3
4667,8
4668,8
4669,1
4670,3
4671,2
4672,8
4673,2
4674,1
4675,2
4676,5
4677,6
4679,4
4680,8
4681,5
4682,3
4683,1
4684,3
4685,8
4686,2
4687,5
4688,3
4689,4
4690,1
4691,1
4692,3
4693,4
4694,2
4695,3
4696,6
4697,3
4698,1
4699,2
4700,2
4701,4
4702,1
4703,3
4704,3
4705,3
4706,4
4707,4
4708,3
4711,3
4712,6
4713,3
4714,6
4715,4
4716,5
4717,4
4718,5
4719,4
4720,4
4721,3
4722,2
4723,3
4725,3
4726,3
4727,5
4728,4
4729,5
4730,4
4731,5
4732,6
4733,3
4734,5
4735,1
4736,4
4737,2
4738,2
4739,2
4740,4
4741,2
4742,3
4743,3
4744,7
4745,2
4746,3
4747,5
4748,2
4749,3
4750,2
4751,6
4752,6
4753,1
4754,7
4755,5
4756,6
4757,4
4758,2
4759,1
4760,3
4761,5
4762,2
4763,2
4764,7
4765,2
4767,2
4768,2
4769,4
4770,1
4771,2
4772,4
4773,5
4775,2
4776,1
4777,6
4778,3
4779,3
4781,6
4782,5
4783,7
4784,2
4785,2
4786,1
4787,1
4788,2
4789,4
4790,1
4791,4
4792,5
4793,8
4794,3
4795,4
4796,2
4797,2
4798,2
4799,5
4800,4
4801,2
4802,1
4803,3
4804,3
4805,4
4806,4
4807,1
4808,2
4809,2
4810,4
4812,5
4813,5
4814,5
4815,3
4816,2
4817,2
4818,2
4819,4
4820,3
4821,2
4822,3
4823,4
4825,1
4826,4
4827,1
4828,1
4829,4
4830,1
4831,3
4832,2
4833,3
4834,4
4835,5
4836,1
4837,3
4838,4
4839,4
4841,4
4842,5
4843,3
4844,3
4846,2
4847,8
4849,2
4850,2
4851,3
4852,3
4853,4
4854,1
4855,4
4856,3
4857,3
4858,4
4859,6
4860,1
4861,3
4862,4
4863,3
4864,2
4865,5
4866,3
4867,1
4868,5
4869,4
4870,2
4871,4
4872,3
4873,4
4874,5
4875,4
4876,2
4877,2
4878,2
4879,4
4880,4
4881,3
4883,3
4884,1
4885,4
4887,5
4888,4
4889,2
4890,3
4891,7
4892,1
4893,2
4894,2
4895,2
4896,3
4897,1
4898,1
4899,2
4900,3
4901,5
4903,2
4904,4
4905,2
4906,2
4907,5
4908,4
4909,3
4910,4
4911,4
4912,8
4913,4
4914,3
4916,2
4917,1
4918,2
4919,3
4921,3
4922,1
4923,1
4924,4
4925,1
4926,2
4927,5
4928,3
4929,1
4930,2
4931,4
4932,2
4933,4
4934,3
4935,3
4936,2
4937,4
4938,2
4939,4
4940,1
4941,4
4942,2
4943,5
4944,1
4945,2
4946,4
4947,2
4948,1
4949,2
4950,1
4951,1
4952,2
4954,4
4955,3
4956,3
4957,1
4958,1
4959,2
4960,4
4961,2
4962,2
4963,2
4964,3
4965,2
4966,4
4967,7
4968,2
4969,1
4970,1
4971,2
4972,7
4973,1
4974,3
4975,2
4977,1
4978,3
4979,2
4980,2
4982,3
4983,2
4984,3
4985,2
4986,3
4987,6
4988,3
4990,4
4991,2
4992,4
4993,2
4995,4
4996,3
4997,1
4998,4
4999,3
5000,2
5001,7
5002,2
5003,1
5004,6
5005,4
5006,2
5007,5
5008,3
5009,1
5010,2
5012,5
5013,2
5014,2
5015,3
5016,2
5017,2
5018,5
5020,3
5021,2
5022,2
5023,1
5024,3
5025,2
5026,3
5027,7
5028,6
5029,1
5030,2
5032,1
5033,4
5035,3
5036,5
5037,3
5038,4
5039,3
5040,2
5041,2
5042,6
5043,2
5044,3
5045,1
5047,6
5048,3
5049,4
5050,3
5051,5
5052,2
5053,2
5054,1
5055,5
5056,4
5057,2
5058,3
5059,3
5060,3
5061,4
5062,4
5063,4
5064,4
5065,4
5066,6
5067,5
5068,1
5069,2
5070,3
5071,2
5073,5
5074,3
5075,4
5076,1
5077,1
5078,2
5079,4
5080,3
5081,2
5082,1
5083,2
5084,3
5085,3
5086,2
5088,3
5089,6
5090,3
5091,2
5092,3
5093,2
5094,4
5095,2
5096,1
5097,1
5098,2
5099,3
5100,6
5101,3
5103,1
5104,5
5105,1
5106,1
5107,3
5108,2
5109,3
5110,1
5111,4
5112,1
5113,2
5114,3
5115,3
5116,1
5117,2
5118,2
5119,2
5120,2
5121,2
5122,2
5123,5
5124,1
5125,2
5126,3
5127,5
5128,3
5129,3
5130,3
5131,3
5132,4
5133,2
5134,4
5135,2
5136,5
5137,6
5138,5
5139,4
5140,2
5141,4
5142,2
5143,2
5144,1
5145,2
5146,3
5147,2
5148,3
5149,3
5150,4
5151,4
5153,1
5154,5
5155,1
5156,4
5157,4
5158,8
5159,2
5160,3
5161,2
5162,5
5163,5
5164,5
5165,2
5166,2
5167,2
5168,3
5169,1
5170,2
5171,2
5172,4
5173,4
5174,5
5175,4
5176,4
5177,5
5178,2
5179,2
5180,1
5181,3
5182,1
5184,7
5185,4
5186,2
5187,3
5188,4
5189,1
5191,1
5192,5
5193,2
5194,4
5195,2
5196,5
5197,3
5198,2
5199,2
5200,1
5202,3
5203,1
5204,1
5205,1
5206,2
5207,2
5209,3
5210,4
5211,1
5212,3
5213,4
5214,4
5215,2
5216,3
5217,1
5218,2
5219,3
5220,3
5221,4
5222,2
5223,1
5224,5
5225,1
5226,2
5227,1
5228,2
5229,4
5230,8
5231,1
5232,2
5233,3
5234,1
5235,3
5236,2
5237,3
5238,1
5239,5
5240,2
5241,1
5242,10
5243,1
5244,1
5245,3
5246,2
5247,7
5248,3
5249,4
5250,4
5251,3
5252,3
5253,2
5254,7
5255,1
5256,1
5257,1
5258,5
5259,2
5260,2
5261,4
5262,5
5263,2
5264,1
5265,3
5266,3
5267,3
5268,6
5269,1
5270,2
5271,2
5272,4
5273,5
5276,3
5277,5
5278,3
5279,2
5280,3
5281,5
5282,7
5284,3
5285,2
5287,2
5288,3
5289,4
5290,5
5291,2
5292,4
5293,2
5294,1
5295,2
5296,3
5297,3
5298,4
5299,3
5300,1
5301,1
5302,5
5303,3
5304,3
5305,3
5306,7
5307,4
5308,2
5310,5
5312,2
5313,3
5314,3
5315,3
5316,3
5318,1
5319,1
5320,3
5321,4
5322,2
5323,4
5324,3
5325,2
5326,5
5327,3
5328,1
5329,4
5330,1
5331,4
5332,5
5333,2
5334,4
5335,1
5336,2
5337,4
5338,2
5339,3
5340,3
5341,2
5342,3
5343,2
5344,3
5345,2
5346,2
5348,1
5349,3
5350,2
5351,1
5352,1
5353,2
5354,1
5355,2
5356,6
5357,2
5358,4
5359,5
5360,2
5362,1
5363,1
5364,1
5366,1
5367,1
5369,3
5370,5
5371,3
5373,3
5374,2
5376,2
5377,3
5378,2
5379,3
5380,2
5381,4
5382,1
5383,3
5384,3
5385,3
5386,3
5387,1
5388,2
5389,3
5391,2
5392,3
5393,4
5395,1
5396,1
5397,2
5398,2
5399,4
5400,2
5401,3
5402,2
5403,4
5404,2
5405,2
5406,3
5407,3
5408,7
5409,2
5410,1
5411,6
5412,1
5413,2
5414,1
5415,5
5417,6
5418,5
5419,1
5420,2
5421,5
5422,1
5423,5
5424,2
5425,4
5427,3
5428,4
5429,4
5430,3
5431,3
5432,1
5434,6
5435,1
5436,3
5437,2
5439,3
5440,2
5441,1
5442,4
5443,3
5444,5
5445,6
5446,1
5447,3
5448,1
5449,4
5450,1
5451,2
5452,2
5453,1
5454,1
5455,1
5456,2
5457,3
5458,2
5459,2
5460,4
5461,3
5463,3
5464,1
5465,3
5466,1
5467,3
5468,4
5469,1
5470,6
5471,4
5472,2
5473,1
5474,3
5475,3
5476,6
5477,2
5478,1
5479,1
5480,5
5481,3
5483,2
5485,1
5486,5
5487,2
5488,2
5489,1
5490,3
5491,2
5492,2
5493,3
5494,1
5495,3
5496,3
5497,3
5498,2
5499,3
5500,1
5501,1
5502,8
5503,2
5504,1
5505,2
5506,1
5507,2
5508,1
5509,2
5510,2
5511,2
5512,6
5513,5
5514,3
5515,5
5516,4
5517,1
5519,3
5520,3
5521,2
5522,6
5523,2
5524,4
5525,2
5526,1
5527,7
5528,1
5529,1
5530,2
5531,2
5532,2
5534,5
5535,2
5536,1
5537,1
5538,2
5539,4
5540,3
5541,5
5542,1
5543,1
5544,2
5545,2
5546,2
5548,2
5550,3
5551,3
5552,3
5553,1
5554,1
5556,3
5557,4
5558,3
5559,1
5560,1
5561,3
5562,5
5563,5
5564,1
5565,3
5566,2
5567,1
5568,3
5569,1
5570,2
5571,1
5572,4
5573,3
5574,2
5575,2
5576,2
5577,3
5578,4
5579,1
5580,1
5582,1
5583,1
5584,1
5585,3
5586,2
5587,3
5588,3
5589,3
5590,2
5591,3
5592,1
5593,2
5594,2
5595,4
5597,2
5598,3
5599,1
5600,2
5601,1
5602,5
5603,5
5604,2
5605,2
5606,1
5607,3
5608,3
5609,1
5611,2
5612,3
5613,1
5614,2
5615,1
5616,1
5617,3
5618,2
5619,3
5620,4
5621,4
5622,2
5623,1
5624,4
5625,1
5626,2
5627,2
5629,1
5630,3
5631,1
5632,2
5633,6
5634,3
5635,4
5636,1
5637,3
5638,2
5639,5
5640,4
5641,2
5642,4
5643,2
5644,2
5645,2
5646,1
5647,1
5648,4
5649,3
5651,4
5652,2
5653,5
5654,3
5655,4
5656,4
5657,2
5658,6
5660,1
5662,2
5663,2
5664,1
5665,2
5666,2
5667,2
5668,2
5669,2
5670,4
5671,4
5672,3
5673,3
5674,5
5675,2
5676,1
5677,5
5678,3
5679,2
5680,2
5681,1
5682,2
5683,2
5684,4
5685,3
5686,2
5687,5
5688,4
5689,2
5690,1
5691,5
5692,5
5693,2
5694,4
5695,1
5696,1
5697,4
5698,2
5699,1
5700,1
5701,1
5702,1
5703,2
5704,3
5705,2
5706,3
5707,1
5708,2
5710,4
5711,3
5713,2
5714,1
5717,3
5718,1
5720,1
5721,2
5722,1
5723,4
5724,1
5725,1
5726,2
5727,4
5728,2
5729,2
5730,4
5731,2
5732,3
5733,1
5734,1
5735,2
5736,1
5737,2
5738,4
5739,2
5740,3
5741,1
5742,1
5743,2
5744,2
5745,3
5746,1
5747,2
5748,1
5749,2
5750,6
5751,2
5752,3
5753,5
5754,3
5755,1
5756,7
5757,2
5759,2
5760,1
5761,1
5762,2
5763,1
5764,3
5765,3
5766,2
5767,4
5768,5
5769,1
5770,2
5771,5
5772,4
5773,5
5774,3
5775,1
5776,1
5777,1
5779,4
5780,2
5781,1
5782,3
5784,5
5785,4
5786,2
5787,1
5789,3
5790,1
5791,1
5792,2
5793,5
5794,2
5795,1
5796,2
5797,1
5798,2
5799,3
5800,1
5801,1
5802,1
5803,2
5804,1
5805,2
5806,2
5807,3
5808,2
5809,3
5810,2
5811,3
5812,1
5813,2
5814,2
5815,2
5816,4
5817,1
5818,3
5819,3
5820,1
5821,1
5822,1
5824,5
5825,2
5826,3
5827,3
5828,2
5829,6
5830,2
5831,5
5832,1
5833,2
5834,2
5835,1
5837,3
5838,3
5839,2
5840,4
5841,2
5842,4
5843,3
5845,3
5846,4
5847,3
5848,2
5849,1
5850,1
5851,3
5853,2
5854,3
5855,4
5856,5
5857,1
5858,3
5859,4
5860,3
5861,2
5862,2
5863,2
5864,1
5865,3
5866,3
5867,1
5868,3
5869,3
5870,1
5871,4
5872,2
5873,2
5874,2
5876,4
5878,5
5879,5
5881,1
5882,2
5883,1
5884,3
5885,4
5886,3
5887,1
5888,1
5889,4
5890,3
5891,2
5892,4
5893,3
5894,3
5895,5
5896,4
5897,3
5898,2
5899,2
5900,1
5901,1
5902,2
5903,3
5904,3
5905,4
5906,4
5907,1
5908,5
5909,3
5910,1
5913,3
5914,4
5915,1
5916,2
5917,2
5918,2
5919,2
5920,2
5921,4
5922,2
5923,2
5924,3
5925,1
5926,2
5928,1
5929,2
5930,5
5932,4
5933,3
5934,3
5935,2
5936,2
5937,1
5939,1
5940,5
5941,2
5942,2
5944,3
5945,6
5946,1
5947,5
5948,2
5949,2
5950,4
5951,3
5952,3
5953,3
5954,2
5955,3
5956,2
5957,2
5959,5
5960,1
5961,2
5962,5
5963,3
5964,4
5965,3
5966,3
5967,1
5968,2
5969,3
5970,3
5971,1
5972,3
5973,4
5974,1
5975,2
5976,2
5977,2
5978,1
5979,2
5980,3
5982,2
5983,2
5984,2
5985,3
5986,1
5989,4
5990,3
5991,2
5992,2
5993,4
5994,1
5995,2
5996,3
5997,2
5998,2
5999,1
6000,3
6001,1
6003,2
6004,1
6005,2
6006,3
6007,3
6008,2
6010,1
6011,3
6012,1
6013,1
6017,2
6018,3
6019,2
6020,5
6022,1
6023,2
6024,3
6025,2
6026,2
6027,2
6028,2
6029,5
6030,1
6032,3
6033,2
6034,5
6035,1
6036,1
6037,3
6038,2
6040,4
6041,2
6042,4
6044,1
6045,2
6046,1
6047,4
6048,1
6049,1
6050,3
6051,1
6052,3
6054,5
6055,5
6056,2
6057,5
6058,2
6059,1
6060,1
6061,2
6062,6
6063,1
6064,1
6065,2
6066,1
6067,1
6068,5
6069,1
6070,3
6071,1
6072,1
6073,3
6075,2
6076,1
6077,4
6078,3
6079,5
6080,2
6081,4
6082,3
6083,3
6084,2
6085,4
6086,2
6087,1
6090,4
6091,2
6092,2
6094,3
6095,1
6096,1
6097,4
6098,3
6099,2
6100,3
6101,4
6102,2
6103,4
6104,1
6105,5
6106,1
6107,1
6108,1
6109,2
6110,3
6111,1
6112,3
6113,2
6114,1
6115,4
6116,2
6117,3
6118,2
6119,1
6120,5
6121,4
6122,2
6123,2
6124,3
6126,1
6127,6
6128,2
6129,3
6130,3
6131,3
6132,4
6133,1
6134,3
6135,3
6137,1
6138,1
6139,2
6140,2
6141,2
6142,1
6143,3
6144,1
6145,1
6146,2
6147,1
6148,1
6150,6
6151,6
6152,2
6153,3
6154,2
6155,3
6156,3
6157,1
6158,3
6159,1
6160,1
6161,4
6162,1
6163,2
6164,2
6165,2
6166,2
6167,3
6168,2
6169,2
6170,3
6172,1
6173,1
6174,1
6176,2
6177,1
6178,2
6179,1
6180,1
6181,3
6182,5
6183,1
6184,4
6185,2
6186,1
6187,1
6188,1
6189,1
6190,3
6191,2
6192,2
6193,1
6194,1
6195,2
6196,1
6197,3
6198,2
6199,3
6200,2
6201,4
6202,2
6203,1
6204,1
6206,5
6208,1
6210,1
6211,6
6212,2
6213,2
6214,2
6215,1
6217,2
6218,3
6219,3
6220,3
6221,2
6222,1
6223,1
6224,3
6225,1
6227,8
6228,1
6230,2
6231,2
6232,2
6233,1
6234,3
6235,3
6236,3
6237,1
6238,6
6240,3
6243,4
6244,1
6245,2
6247,2
6249,1
6250,4
6252,2
6253,6
6254,4
6255,2
6256,1
6257,2
6259,1
6260,4
6261,1
6262,2
6263,1
6264,1
6265,1
6266,2
6267,3
6268,2
6269,2
6272,4
6273,1
6274,2
6275,2
6276,1
6277,3
6278,1
6279,1
6280,2
6281,1
6282,1
6284,3
6285,4
6286,1
6287,1
6288,4
6289,2
6290,3
6291,3
6292,1
6293,4
6294,2
6295,2
6297,2
6299,2
6300,3
6301,1
6302,1
6303,2
6304,2
6305,2
6307,2
6309,3
6310,4
6313,4
6314,3
6315,1
6316,2
6317,1
6318,1
6319,4
6321,3
6322,1
6323,4
6324,1
6325,1
6326,1
6327,3
6329,1
6330,3
6331,1
6333,2
6334,2
6335,1
6336,3
6337,2
6338,4
6339,1
6340,4
6341,2
6342,1
6343,4
6344,4
6345,3
6346,1
6347,1
6348,2
6349,1
6350,2
6352,1
6353,2
6354,5
6356,3
6357,2
6359,3
6360,1
6361,1
6362,1
6363,1
6365,2
6368,4
6369,2
6371,1
6373,2
6374,2
6375,2
6376,2
6377,2
6379,5
6380,3
6381,3
6382,1
6383,2
6384,1
6386,7
6387,1
6388,2
6389,1
6390,1
6391,3
6393,2
6394,2
6396,4
6397,3
6398,2
6399,1
6400,3
6402,1
6403,2
6404,5
6405,3
6406,2
6408,1
6409,3
6410,2
6411,3
6412,3
6413,2
6414,3
6415,3
6416,1
6417,1
6418,1
6419,4
6420,2
6421,1
6424,2
6425,3
6426,2
6427,1
6429,1
6430,1
6432,2
6433,1
6434,1
6435,2
6436,3
6437,1
6438,2
6439,2
6440,4
6441,4
6442,3
6443,1
6444,1
6445,3
6446,2
6447,2
6448,3
6449,4
6451,2
6453,1
6454,3
6455,2
6456,2
6457,4
6459,1
6460,2
6461,2
6462,1
6463,2
6464,2
6465,4
6466,1
6467,2
6468,4
6469,1
6470,4
6471,3
6473,1
6475,2
6476,2
6478,2
6479,1
6480,4
6481,1
6482,2
6483,3
6485,1
6488,1
6490,2
6491,2
6492,1
6493,2
6494,5
6495,1
6496,2
6497,2
6498,1
6499,1
6500,3
6501,5
6502,3
6503,2
6505,2
6506,2
6507,3
6508,1
6509,1
6510,2
6511,1
6512,2
6513,2
6514,1
6516,1
6517,1
6518,3
6519,3
6520,1
6521,2
6523,3
6524,2
6526,1
6528,2
6529,2
6530,1
6533,1
6534,1
6536,1
6537,1
6538,3
6539,1
6540,4
6541,3
6543,2
6545,2
6546,2
6547,1
6548,3
6549,4
6550,2
6552,1
6555,2
6556,2
6557,3
6558,2
6560,3
6561,5
6563,5
6565,4
6566,3
6567,1
6568,6
6569,3
6570,6
6571,2
6572,1
6573,3
6574,2
6575,1
6576,2
6577,1
6578,1
6579,1
6580,3
6581,1
6583,2
6584,3
6585,1
6587,1
6588,2
6589,2
6592,1
6593,3
6594,1
6595,2
6596,2
6597,2
6598,3
6599,5
6600,3
6601,2
6602,3
6603,2
6604,2
6605,1
6607,2
6608,1
6609,2
6611,1
6612,4
6614,4
6615,2
6616,1
6617,1
6618,3
6619,4
6620,1
6621,1
6623,2
6624,2
6625,2
6626,2
6628,3
6631,1
6633,2
6634,2
6635,1
6636,4
6637,2
6638,1
6640,1
6641,1
6643,1
6644,2
6645,3
6646,1
6647,1
6648,2
6649,4
6650,2
6651,1
6653,3
6654,1
6655,1
6660,2
6661,2
6663,4
6664,2
6665,2
6666,1
6667,2
6668,2
6669,5
6670,1
6672,5
6673,1
6674,2
6675,2
6676,1
6677,2
6678,1
6680,4
6681,3
6682,1
6683,2
6684,3
6685,2
6686,2
6687,1
6688,3
6689,2
6690,1
6691,1
6692,2
6693,4
6694,3
6697,4
6698,4
6699,2
6700,3
6701,2
6702,5
6703,2
6704,1
6705,2
6706,1
6707,5
6708,2
6709,4
6710,1
6711,3
6712,2
6713,1
6714,3
6715,2
6716,2
6718,1
6719,6
6720,1
6721,3
6723,3
6725,2
6726,4
6727,3
6728,4
6729,2
6730,1
6731,3
6732,3
6734,2
6735,1
6736,1
6737,1
6739,3
6740,2
6741,2
6743,3
6744,1
6745,3
6746,4
6747,2
6748,2
6749,1
6750,2
6751,1
6752,1
6753,7
6754,3
6755,3
6756,2
6757,1
6758,2
6759,1
6760,3
6761,1
6762,2
6763,5
6765,3
6766,2
6767,1
6768,4
6769,3
6770,2
6771,2
6772,3
6773,1
6776,3
6778,1
6779,3
6780,2
6781,2
6782,3
6783,1
6784,1
6786,1
6788,1
6789,1
6790,2
6791,1
6792,1
6793,2
6795,3
6796,1
6799,3
6800,1
6801,1
6802,4
6803,2
6804,4
6805,2
6806,1
6807,2
6808,2
6810,3
6811,4
6813,1
6815,2
6817,2
6818,2
6819,1
6820,2
6821,2
6822,1
6823,1
6824,2
6825,2
6826,4
6827,1
6829,3
6830,2
6831,1
6832,1
6833,1
6834,2
6835,2
6836,2
6837,1
6838,3
6839,3
6840,4
6841,2
6842,1
6844,1
6845,1
6846,1
6847,1
6848,1
6849,2
6850,4
6852,4
6853,2
6854,2
6855,3
6856,3
6857,1
6858,1
6859,7
6860,3
6861,4
6862,1
6863,3
6864,1
6868,1
6869,2
6870,1
6871,1
6872,1
6873,2
6875,1
6876,2
6877,1
6878,3
6879,4
6880,3
6881,2
6882,1
6883,3
6884,1
6885,1
6886,2
6887,1
6888,1
6889,2
6891,1
6892,1
6893,6
6895,2
6896,1
6897,2
6898,2
6899,3
6900,4
6902,3
6904,1
6905,2
6907,1
6909,3
6910,1
6911,1
6913,2
6914,2
6915,1
6917,2
6918,2
6919,3
6920,1
6921,3
6923,3
6924,3
6926,2
6928,2
6929,1
6930,4
6931,2
6932,2
6933,3
6934,2
6935,2
6936,3
6937,2
6941,2
6942,1
6943,3
6944,1
6945,2
6946,2
6947,3
6948,2
6949,2
6950,1
6951,2
6953,2
6954,1
6955,2
6956,1
6958,1
6959,2
6960,2
6961,4
6962,3
6963,2
6964,4
6965,4
6966,2
6967,2
6969,3
6970,3
6971,1
6972,1
6974,1
6975,3
6976,3
6977,2
6978,2
6980,1
6981,3
6983,1
6984,2
6985,3
6987,2
6988,1
6989,1
6990,1
6991,2
6992,2
6993,3
6995,1
6996,1
6997,2
6998,3
6999,2
7000,3
7001,2
7003,1
7004,3
7005,3
7006,3
7008,3
7010,2
7011,1
7013,2
7014,2
7015,4
7016,1
7018,1
7019,2
7020,3
7021,2
7022,3
7024,5
7025,2
7026,1
7027,1
7028,1
7029,6
7031,2
7032,3
7033,3
7034,2
7035,5
7036,2
7037,2
7038,1
7039,1
7040,2
7041,3
7042,2
7043,2
7045,3
7046,2
7047,3
7049,1
7050,2
7051,5
7052,5
7054,3
7055,1
7056,1
7057,2
7058,2
7061,4
7062,4
7063,2
7065,2
7066,1
7067,3
7068,1
7069,1
7070,2
7071,3
7072,1
7073,1
7074,4
7075,2
7076,1
7077,1
7078,3
7079,3
7080,2
7082,1
7083,1
7084,2
7085,1
7086,1
7087,4
7088,2
7089,1
7090,1
7092,2
7093,1
7094,2
7095,2
7096,3
7097,3
7098,3
7100,2
7101,2
7102,1
7103,2
7104,2
7105,6
7106,2
7107,2
7108,1
7109,1
7110,4
7111,2
7113,3
7114,1
7115,1
7116,2
7117,1
7118,2
7119,5
7120,2
7121,2
7123,2
7124,1
7125,2
7126,1
7128,1
7129,1
7131,2
7132,2
7133,1
7135,2
7136,2
7137,3
7139,4
7143,1
7144,2
7145,1
7146,2
7147,2
7148,5
7149,3
7151,1
7152,1
7153,1
7154,2
7155,1
7156,1
7157,3
7158,3
7159,2
7160,3
7161,1
7162,1
7163,1
7164,2
7165,2
7166,1
7168,2
7169,1
7170,3
7171,1
7172,2
7173,1
7174,1
7175,2
7176,2
7178,1
7179,2
7180,2
7182,3
7183,2
7184,2
7185,1
7186,3
7187,4
7188,2
7189,2
7190,2
7191,2
7192,3
7193,1
7194,3
7195,2
7197,1
7198,1
7199,1
7200,3
7201,2
7203,3
7205,2
7206,2
7207,2
7208,1
7209,2
7210,3
7211,2
7212,2
7214,1
7215,1
7216,1
7218,1
7219,1
7220,2
7221,3
7223,2
7225,1
7227,2
7228,3
7229,2
7230,5
7231,1
7232,3
7233,3
7236,2
7238,4
7239,3
7240,4
7241,1
7243,3
7248,1
7249,2
7251,3
7252,5
7253,1
7255,2
7256,1
7257,1
7258,1
7259,1
7260,6
7262,1
7263,3
7264,1
7265,2
7267,2
7268,2
7269,3
7270,4
7271,2
7272,2
7273,2
7275,2
7276,2
7279,2
7281,1
7282,1
7283,2
7284,1
7285,4
7287,1
7289,3
7291,4
7292,5
7293,2
7294,4
7295,1
7297,2
7298,1
7299,2
7300,2
7303,2
7304,4
7306,2
7307,2
7308,3
7309,1
7310,1
7311,2
7312,1
7313,2
7314,2
7315,1
7316,1
7317,2
7318,3
7319,1
7321,1
7323,1
7324,3
7325,2
7326,2
7327,1
7328,2
7329,2
7331,1
7332,3
7333,1
7334,5
7335,4
7336,2
7337,1
7338,2
7339,1
7340,3
7342,1
7343,2
7344,2
7347,2
7349,2
7351,1
7352,1
7353,3
7354,1
7355,1
7356,3
7357,1
7358,1
7359,1
7360,2
7361,1
7362,2
7364,3
7365,3
7367,2
7368,2
7369,3
7370,1
7371,2
7372,3
7373,1
7374,2
7375,1
7376,1
7377,1
7378,1
7380,2
7381,3
7382,2
7383,1
7384,2
7385,2
7386,1
7387,3
7388,1
7389,2
7390,1
7391,1
7392,1
7393,2
7394,1
7395,1
7396,2
7397,1
7399,2
7400,3
7405,1
7406,1
7407,1
7408,1
7409,2
7410,2
7413,1
7414,1
7415,2
7416,1
7417,2
7420,1
7421,2
7422,4
7423,2
7424,3
7425,1
7426,1
7427,1
7429,1
7430,3
7431,2
7433,1
7434,1
7435,3
7436,2
7438,4
7439,2
7440,3
7442,3
7443,2
7447,2
7448,2
7451,1
7452,2
7453,3
7454,2
7455,1
7456,1
7457,1
7458,1
7459,2
7460,2
7461,3
7463,3
7464,2
7465,2
7466,2
7467,1
7468,1
7470,3
7471,2
7473,2
7474,4
7475,2
7477,1
7478,3
7481,1
7483,3
7484,1
7486,2
7488,2
7490,2
7494,1
7495,2
7497,1
7498,1
7499,3
7500,1
7501,2
7504,2
7505,3
7506,3
7507,1
7508,4
7509,1
7511,2
7512,2
7513,1
7515,1
7516,5
7517,2
7518,2
7519,3
7520,2
7521,1
7523,1
7524,2
7525,2
7526,2
7527,1
7528,2
7529,3
7533,2
7534,1
7535,3
7537,4
7538,2
7539,2
7540,1
7541,1
7542,2
7543,3
7544,2
7546,1
7547,2
7549,1
7551,1
7552,2
7553,1
7554,2
7555,2
7556,2
7557,2
7558,1
7559,2
7560,2
7561,4
7563,2
7564,1
7565,2
7566,4
7567,1
7568,2
7569,1
7570,1
7571,2
7572,1
7573,2
7574,1
7575,2
7576,3
7579,1
7580,1
7581,1
7582,1
7585,2
7586,1
7587,2
7588,1
7590,3
7591,1
7592,1
7593,1
7595,1
7596,2
7597,1
7599,4
7600,1
7601,2
7602,2
7603,2
7604,4
7605,2
7606,2
7607,1
7608,3
7609,1
7610,3
7611,1
7612,2
7615,3
7616,2
7617,1
7618,2
7620,2
7621,1
7623,2
7625,3
7626,4
7627,2
7629,4
7630,2
7631,3
7632,1
7633,3
7634,3
7635,3
7636,2
7637,1
7638,1
7639,2
7640,3
7642,2
7643,1
7644,2
7645,2
7647,4
7648,1
7649,1
7650,2
7651,2
7652,3
7653,1
7654,4
7655,3
7656,1
7657,1
7658,1
7659,2
7660,3
7663,2
7664,1
7665,2
7666,1
7667,3
7668,2
7669,2
7670,2
7671,2
7674,2
7677,2
7678,2
7679,2
7682,3
7684,2
7686,1
7687,1
7688,2
7689,2
7691,1
7692,1
7693,1
7695,1
7696,1
7697,1
7699,3
7701,1
7702,1
7703,2
7704,1
7705,2
7706,1
7708,3
7709,1
7710,2
7711,3
7713,1
7714,3
7715,2
7716,3
7717,2
7718,1
7720,2
7724,2
7725,2
7726,2
7727,4
7728,1
7729,1
7731,3
7732,1
7733,2
7735,1
7737,3
7739,1
7740,1
7741,1
7744,5
7746,4
7747,2
7748,2
7749,2
7751,1
7752,3
7753,1
7756,2
7757,1
7759,1
7761,1
7763,2
7764,2
7766,5
7767,5
7770,3
7771,2
7772,3
7773,2
7774,2
7776,2
7777,2
7778,1
7780,1
7781,1
7783,1
7784,1
7785,2
7786,2
7788,2
7789,2
7791,1
7792,1
7793,1
7794,2
7796,3
7797,1
7799,1
7800,3
7801,2
7802,1
7803,4
7805,2
7807,2
7808,1
7810,1
7811,3
7812,1
7813,2
7814,3
7815,1
7816,1
7817,3
7818,2
7819,1
7820,2
7821,2
7822,2
7823,2
7824,1
7825,1
7826,2
7827,1
7828,1
7829,3
7830,3
7831,1
7832,1
7833,1
7834,1
7835,1
7836,1
7837,1
7838,2
7839,2
7840,1
7842,1
7843,2
7844,2
7845,1
7846,3
7848,1
7849,1
7850,1
7851,2
7852,2
7853,1
7857,1
7858,1
7859,1
7860,4
7861,1
7862,2
7863,5
7864,3
7865,1
7866,1
7867,3
7869,1
7870,2
7871,2
7873,3
7874,1
7875,1
7876,6
7878,3
7879,1
7880,1
7881,2
7882,1
7883,1
7885,2
7886,1
7887,2
7888,2
7889,1
7890,3
7891,1
7892,2
7893,2
7894,2
7896,2
7897,4
7899,1
7900,1
7902,1
7903,3
7905,2
7907,1
7908,1
7910,1
7913,4
7916,3
7917,3
7918,1
7919,4
7920,1
7922,1
7925,1
7927,3
7929,1
7930,1
7931,1
7932,3
7935,2
7936,1
7937,3
7939,1
7941,3
7942,1
7943,2
7945,1
7946,2
7947,2
7949,1
7950,2
7951,2
7952,2
7953,3
7954,2
7955,1
7957,2
7958,2
7959,1
7960,2
7961,1
7962,1
7963,1
7964,2
7965,2
7966,1
7967,3
7968,2
7969,4
7970,1
7971,2
7974,1
7975,1
7977,2
7979,3
7980,1
7982,2
7984,2
7986,3
7987,1
7988,1
7989,1
7993,2
7994,2
7995,1
7996,2
7997,1
7999,1
8000,3
8002,1
8003,2
8004,4
8006,3
8007,2
8008,2
8010,1
8011,2
8013,4
8017,1
8019,1
8022,1
8023,1
8024,1
8025,1
8026,2
8027,3
8028,2
8029,2
8030,2
8032,1
8033,1
8034,2
8035,2
8036,2
8037,2
8038,3
8039,1
8040,1
8041,1
8042,2
8043,1
8044,1
8046,1
8047,2
8049,1
8050,4
8052,3
8053,1
8055,1
8057,3
8058,2
8059,2
8060,2
8061,1
8062,2
8063,3
8064,2
8065,2
8066,1
8067,3
8069,3
8070,1
8071,2
8072,1
8073,2
8074,1
8075,1
8077,2
8078,3
8079,5
8080,6
8081,2
8083,1
8084,1
8085,1
8086,3
8089,2
8090,3
8091,1
8093,1
8095,1
8096,2
8097,1
8098,2
8099,1
8101,1
8103,1
8104,2
8105,4
8106,1
8108,1
8111,1
8112,3
8113,2
8114,2
8117,1
8118,2
8119,2
8120,2
8121,2
8122,2
8123,2
8124,2
8125,2
8126,1
8127,3
8129,1
8130,1
8131,1
8132,1
8133,2
8134,2
8135,1
8139,1
8141,2
8142,2
8143,2
8144,2
8145,1
8147,2
8148,1
8149,1
8150,1
8154,1
8155,3
8156,2
8157,1
8159,1
8161,2
8162,2
8163,1
8164,1
8165,2
8167,2
8168,1
8170,1
8171,1
8172,1
8173,1
8175,2
8176,2
8177,2
8179,1
8181,2
8182,1
8183,1
8184,1
8186,1
8187,1
8188,4
8189,1
8190,1
8191,4
8192,1
8193,2
8194,1
8195,1
8196,2
8197,1
8198,1
8199,1
8201,1
8202,2
8204,1
8205,1
8206,2
8207,1
8208,2
8209,1
8211,2
8212,3
8213,2
8214,3
8215,1
8217,2
8218,1
8219,1
8220,1
8221,1
8222,2
8223,2
8225,5
8226,1
8227,3
8228,1
8230,2
8231,2
8232,2
8234,1
8235,3
8237,3
8238,1
8240,1
8241,1
8242,2
8243,1
8244,3
8245,1
8246,2
8247,3
8248,1
8249,3
8250,1
8251,1
8252,2
8253,1
8254,2
8256,1
8257,1
8258,2
8259,1
8260,3
8261,1
8262,1
8263,1
8264,1
8266,2
8268,1
8269,2
8270,1
8271,2
8273,2
8274,3
8275,1
8276,1
8277,1
8278,3
8279,2
8281,1
8282,2
8283,3
8284,1
8285,4
8286,2
8287,2
8288,1
8289,1
8292,1
8293,1
8294,1
8295,2
8296,1
8299,6
8300,2
8301,1
8302,2
8303,1
8304,2
8305,2
8306,1
8308,2
8310,5
8312,1
8314,3
8318,1
8320,2
8323,1
8324,2
8326,1
8329,3
8330,3
8331,1
8332,1
8333,2
8334,2
8336,1
8337,4
8339,1
8341,1
8342,1
8343,1
8344,1
8345,1
8346,1
8347,1
8348,3
8349,4
8352,3
8353,2
8355,3
8357,1
8358,1
8359,1
8360,2
8362,3
8363,3
8364,2
8365,3
8366,2
8368,1
8370,3
8371,2
8372,2
8373,2
8374,1
8375,1
8377,4
8379,1
8380,3
8381,1
8382,1
8383,1
8384,2
8385,1
8386,2
8387,2
8388,3
8389,1
8390,1
8391,2
8393,2
8394,4
8397,2
8399,1
8400,1
8401,2
8403,1
8405,2
8406,3
8409,5
8410,1
8411,2
8412,1
8413,1
8414,3
8415,2
8416,1
8417,1
8419,1
8420,1
8421,2
8423,1
8424,1
8426,1
8427,1
8429,1
8430,1
8431,3
8432,1
8433,1
8434,1
8435,3
8439,2
8440,1
8445,2
8446,1
8447,2
8449,2
8450,2
8451,2
8454,2
8456,4
8457,1
8460,2
8462,1
8463,3
8466,1
8467,2
8469,3
8470,3
8471,2
8472,1
8473,4
8474,1
8475,2
8476,3
8477,2
8478,2
8479,1
8480,1
8481,1
8483,1
8485,2
8486,1
8487,1
8488,3
8489,2
8491,1
8492,4
8493,2
8494,6
8495,3
8496,1
8497,1
8498,1
8499,2
8500,4
8501,2
8502,3
8503,3
8504,1
8506,1
8507,2
8508,1
8509,4
8510,2
8511,2
8512,2
8513,1
8514,1
8515,1
8516,1
8517,1
8518,3
8519,1
8520,1
8521,1
8527,3
8528,2
8530,2
8531,1
8532,1
8533,2
8534,1
8535,3
8537,1
8539,3
8540,2
8541,1
8542,2
8544,1
8545,2
8546,1
8547,2
8548,3
8549,1
8551,2
8553,4
8554,2
8558,1
8560,1
8562,1
8563,1
8564,1
8566,1
8567,1
8568,1
8569,2
8572,1
8574,3
8575,1
8576,2
8578,1
8579,1
8580,3
8581,1
8582,2
8583,3
8584,2
8585,2
8587,1
8588,1
8590,2
8591,2
8592,2
8596,1
8598,2
8599,4
8600,1
8602,1
8603,2
8604,2
8605,1
8606,1
8608,1
8609,4
8610,2
8611,1
8612,2
8613,1
8614,2
8617,1
8619,1
8620,1
8623,2
8624,3
8625,2
8626,6
8629,1
8634,2
8635,2
8636,2
8637,1
8638,1
8644,3
8647,2
8648,1
8649,1
8650,1
8653,1
8654,2
8655,1
8659,5
8660,3
8661,1
8662,1
8663,1
8664,4
8665,2
8666,1
8667,1
8669,1
8670,1
8672,1
8674,1
8675,1
8676,3
8677,1
8680,2
8682,5
8683,1
8684,1
8685,2
8687,1
8688,3
8690,2
8691,3
8692,3
8693,1
8694,1
8695,1
8697,1
8698,1
8699,1
8701,1
8702,1
8703,1
8704,1
8706,1
8709,1
8710,2
8712,1
8714,5
8715,1
8716,1
8718,1
8719,3
8720,2
8721,1
8722,2
8723,3
8725,2
8726,2
8728,2
8729,2
8730,5
8731,1
8733,1
8734,1
8735,1
8736,3
8738,5
8739,4
8740,2
8741,3
8742,2
8744,1
8745,1
8748,2
8750,1
8751,2
8757,2
8758,1
8759,1
8761,2
8762,3
8763,2
8764,1
8767,1
8768,2
8769,2
8770,1
8771,3
8773,3
8774,3
8775,1
8776,1
8777,1
8778,1
8779,1
8780,1
8782,2
8783,1
8784,2
8786,1
8787,2
8789,1
8790,1
8791,1
8792,2
8797,2
8799,1
8801,1
8802,3
8803,1
8804,1
8805,1
8806,3
8807,1
8810,1
8811,1
8812,1
8814,1
8815,2
8816,3
8818,1
8820,2
8822,1
8823,1
8824,1
8825,3
8826,1
8828,1
8830,1
8831,1
8832,1
8834,1
8835,4
8836,1
8837,1
8839,2
8841,1
8842,1
8843,1
8845,2
8846,1
8848,1
8849,1
8850,3
8851,1
8852,1
8854,1
8855,2
8856,1
8857,1
8858,2
8859,3
8860,2
8861,1
8862,1
8863,2
8865,1
8866,2
8867,2
8868,1
8870,1
8871,2
8872,1
8873,1
8874,2
8877,1
8878,3
8879,2
8880,1
8883,3
8884,2
8885,4
8887,2
8888,3
8890,2
8891,1
8893,2
8894,3
8895,1
8897,3
8898,1
8899,1
8900,3
8901,2
8903,1
8904,1
8905,1
8907,1
8908,2
8912,1
8913,1
8915,2
8916,5
8917,2
8921,1
8922,2
8923,3
8924,3
8925,2
8926,2
8927,3
8929,1
8930,1
8931,1
8933,1
8937,1
8938,2
8940,3
8941,4
8945,1
8946,1
8947,1
8948,1
8949,1
8951,4
8953,1
8954,1
8955,2
8956,1
8957,1
8958,1
8960,1
8961,1
8964,1
8966,1
8967,1
8968,2
8969,1
8970,2
8971,2
8973,1
8975,2
8979,5
8980,1
8981,2
8983,2
8984,1
8986,1
8988,1
8990,1
8991,2
8992,1
8994,1
8995,1
8996,1
8997,1
8999,2
9000,1
9001,1
9003,1
9004,1
9006,2
9008,1
9009,1
9010,4
9011,1
9015,1
9018,1
9024,4
9026,2
9027,2
9028,2
9032,3
9033,2
9036,1
9037,2
9038,2
9039,1
9043,1
9045,1
9046,1
9048,1
9051,2
9053,1
9054,1
9055,4
9056,1
9058,2
9059,1
9061,3
9062,1
9063,2
9064,1
9065,2
9066,2
9067,1
9068,2
9070,3
9071,1
9072,1
9073,1
9074,1
9076,1
9077,2
9080,3
9082,2
9083,1
9084,1
9085,1
9088,2
9089,1
9092,1
9093,3
9094,2
9095,2
9096,1
9098,1
9099,1
9101,3
9102,2
9103,3
9104,4
9105,3
9106,1
9108,2
9110,1
9111,1
9112,1
9113,2
9114,1
9115,1
9117,2
9118,1
9119,2
9120,3
9122,2
9124,3
9126,1
9127,2
9128,2
9129,1
9130,2
9132,1
9136,1
9137,3
9138,3
9139,2
9140,2
9141,1
9143,2
9144,1
9145,2
9146,2
9148,1
9149,2
9150,2
9151,1
9152,2
9156,2
9157,1
9159,4
9164,2
9165,2
9166,2
9167,1
9170,3
9171,3
9172,1
9173,1
9175,2
9176,2
9180,1
9181,1
9183,2
9184,1
9185,3
9186,1
9187,3
9188,1
9189,2
9190,5
9191,1
9193,2
9194,2
9195,2
9196,1
9197,1
9198,2
9199,2
9200,1
9201,1
9202,1
9203,1
9204,1
9206,2
9207,1
9208,3
9209,1
9211,4
9213,1
9214,2
9216,2
9217,2
9218,1
9219,4
9221,1
9223,1
9225,1
9228,4
9229,1
9230,1
9231,2
9233,2
9235,2
9237,2
9238,4
9239,1
9240,1
9243,1
9244,1
9246,2
9247,1
9250,1
9251,1
9252,1
9253,1
9254,1
9256,1
9257,1
9259,3
9263,2
9264,2
9266,1
9267,1
9269,1
9270,3
9272,1
9275,2
9277,2
9278,1
9280,2
9281,2
9284,1
9285,3
9287,2
9289,4
9290,1
9291,1
9292,2
9293,1
9295,3
9297,1
9298,2
9301,1
9302,3
9303,3
9305,2
9306,1
9308,1
9309,2
9310,2
9311,1
9313,2
9314,4
9315,1
9316,1
9317,3
9318,1
9319,2
9320,1
9321,1
9322,2
9323,3
9325,1
9326,1
9329,1
9330,1
9331,1
9332,1
9333,1
9335,1
9336,1
9338,2
9342,1
9344,1
9351,1
9352,5
9353,1
9355,1
9356,2
9358,1
9359,4
9360,1
9361,1
9362,1
9363,1
9364,1
9365,1
9367,1
9368,1
9369,2
9371,1
9375,2
9378,1
9379,1
9380,2
9381,2
9382,3
9383,2
9384,1
9387,2
9389,1
9391,4
9392,3
9394,2
9395,2
9396,1
9397,3
9398,1
9400,2
9401,2
9403,1
9404,1
9406,1
9410,2
9411,1
9412,2
9413,2
9417,3
9420,1
9422,1
9425,1
9426,2
9427,1
9428,1
9429,5
9431,2
9432,1
9436,2
9437,1
9438,2
9439,1
9440,3
9441,1
9445,2
9448,2
9449,1
9453,2
9454,1
9456,2
9457,1
9459,2
9460,2
9461,2
9462,2
9463,4
9464,1
9465,1
9467,2
9470,2
9471,2
9473,1
9481,2
9482,2
9483,2
9484,3
9485,2
9486,3
9487,1
9488,1
9490,2
9491,2
9492,2
9493,1
9494,2
9496,1
9498,1
9499,4
9502,1
9503,1
9504,1
9505,2
9506,1
9508,1
9509,1
9510,2
9511,3
9512,1
9513,1
9515,3
9518,1
9519,2
9520,2
9521,1
9523,1
9524,1
9525,1
9529,1
9532,3
9534,1
9536,1
9537,1
9538,1
9539,1
9540,1
9541,1
9544,1
9545,3
9546,2
9547,1
9548,1
9549,2
9551,2
9553,1
9554,1
9556,1
9557,2
9561,3
9562,2
9563,2
9566,1
9567,1
9568,3
9570,2
9573,1
9574,2
9578,3
9579,1
9581,1
9582,1
9585,2
9587,1
9588,1
9589,1
9590,1
9594,1
9595,1
9596,3
9598,1
9599,1
9601,1
9603,1
9605,2
9606,2
9607,2
9611,1
9612,1
9613,2
9615,1
9616,1
9618,1
9620,3
9621,1
9622,2
9623,1
9626,1
9630,3
9636,1
9637,2
9638,1
9639,1
9640,2
9641,3
9642,1
9643,2
9645,3
9647,1
9648,3
9649,1
9650,1
9653,1
9656,1
9657,2
9659,2
9662,1
9666,1
9669,1
9671,1
9673,2
9678,2
9680,1
9684,1
9686,2
9687,2
9688,3
9693,1
9694,1
9695,1
9696,1
9697,2
9698,1
9700,1
9701,3
9703,1
9705,1
9706,1
9707,2
9709,2
9711,1
9714,1
9715,2
9716,1
9717,1
9718,1
9720,2
9721,1
9722,3
9723,1
9725,3
9726,3
9728,1
9729,1
9730,1
9733,1
9734,1
9735,1
9736,2
9737,4
9739,2
9740,1
9742,2
9745,2
9746,2
9748,1
9751,1
9752,1
9753,1
9754,1
9755,1
9756,1
9757,3
9758,1
9760,2
9762,1
9763,1
9764,1
9765,1
9767,1
9768,3
9769,2
9771,2
9772,2
9773,2
9774,1
9775,1
9776,2
9777,1
9778,3
9779,2
9780,2
9781,2
9782,3
9784,2
9789,2
9791,2
9793,2
9795,2
9796,3
9797,1
9798,2
9800,2
9803,1
9805,1
9807,1
9808,3
9809,2
9810,1
9812,2
9813,1
9814,1
9815,2
9819,2
9820,2
9821,1
9823,1
9826,2
9827,1
9829,1
9830,2
9832,2
9833,1
9835,1
9836,1
9837,3
9838,1
9839,2
9843,1
9844,2
9845,3
9847,3
9849,1
9850,2
9855,3
9857,2
9858,2
9861,2
9862,1
9864,3
9865,1
9866,2
9867,4
9870,2
9871,2
9875,4
9876,2
9877,2
9878,1
9881,3
9884,2
9885,3
9886,1
9888,1
9890,2
9891,1
9892,1
9893,1
9895,1
9897,1
9898,1
9899,1
9900,1
9901,1
9902,1
9903,1
9904,1
9905,2
9911,1
9912,2
9913,1
9916,1
9917,1
9918,2
9920,2
9923,1
9924,1
9925,2
9926,1
9927,2
9928,3
9929,2
9930,1
9932,1
9933,1
9934,1
9935,1
9937,1
9938,1
9939,1
9941,1
9945,2
9946,1
9947,1
9949,6
9952,1
9953,1
9955,1
9956,1
9958,2
9964,1
9965,1
9966,1
9969,2
9970,1
9972,1
9974,1
9975,1
9976,1
9977,1
9978,1
9980,1
9982,2
9983,1
9984,1
9985,4
9986,1
9987,1
9990,1
9991,1
9992,1
9993,1
9994,1
9995,3
10001,2
10002,2
10003,1
10004,2
10005,1
10006,1
10007,1
10008,1
10009,2
10010,1
10016,1
10017,1
10018,2
10019,1
10020,2
10024,1
10026,2
10029,3
10033,3
10036,1
10038,1
10039,2
10040,1
10041,2
10042,2
10046,1
10048,1
10049,1
10052,1
10054,2
10055,5
10057,1
10059,2
10060,1
10062,1
10064,2
10066,1
10067,1
10068,1
10069,2
10072,1
10075,1
10078,1
10079,1
10080,1
10081,2
10082,1
10083,1
10084,2
10086,2
10088,1
10092,1
10093,3
10094,1
10096,1
10097,1
10102,2
10103,1
10105,2
10106,2
10112,1
10114,2
10115,1
10116,1
10117,1
10118,2
10120,2
10126,2
10128,1
10129,1
10130,1
10132,2
10133,2
10134,1
10138,1
10143,1
10148,2
10149,2
10151,4
10153,1
10155,3
10157,1
10158,1
10159,1
10160,1
10161,1
10162,1
10165,2
10166,1
10167,2
10169,1
10170,4
10172,1
10174,2
10176,1
10179,3
10181,1
10184,2
10185,3
10187,3
10188,3
10190,1
10193,1
10194,1
10195,2
10196,2
10197,1
10199,3
10201,5
10202,2
10203,1
10205,2
10206,1
10208,1
10210,1
10211,1
10213,1
10214,1
10215,1
10216,2
10219,3
10220,2
10222,1
10224,3
10226,1
10227,2
10230,2
10231,3
10233,1
10236,1
10239,1
10243,2
10244,1
10245,1
10246,2
10248,2
10249,1
10252,1
10253,1
10256,1
10260,1
10261,1
10266,1
10267,2
10269,1
10272,1
10273,2
10274,3
10276,1
10278,2
10280,1
10290,1
10291,2
10294,2
10296,1
10298,1
10300,2
10302,1
10303,2
10305,1
10307,1
10308,2
10310,1
10312,2
10313,1
10315,1
10316,1
10318,1
10319,1
10320,2
10321,1
10324,1
10325,2
10328,1
10329,1
10330,1
10331,1
10332,1
10333,3
10334,1
10335,1
10336,1
10337,2
10338,1
10339,1
10341,1
10347,1
10349,1
10350,3
10359,2
10360,1
10361,1
10363,1
10364,1
10366,1
10367,1
10368,2
10369,1
10371,2
10372,1
10373,1
10374,2
10375,1
10378,1
10379,3
10380,1
10384,1
10385,2
10386,1
10387,1
10389,1
10390,1
10392,1
10394,1
10395,2
10397,1
10399,1
10400,2
10401,1
10402,1
10403,3
10404,2
10405,1
10409,1
10410,2
10411,1
10415,1
10416,1
10417,3
10418,1
10419,1
10420,4
10422,1
10423,1
10426,2
10427,1
10428,1
10431,1
10432,1
10433,2
10434,1
10436,1
10437,4
10440,4
10441,1
10442,1
10444,1
10446,2
10447,2
10448,2
10449,1
10451,1
10456,2
10458,1
10460,2
10462,1
10465,1
10466,1
10472,1
10474,1
10476,1
10477,1
10478,1
10482,1
10484,1
10485,1
10487,2
10490,1
10491,3
10493,1
10494,1
10495,3
10497,2
10498,2
10502,2
10504,1
10508,1
10509,2
10511,2
10512,1
10514,2
10516,1
10517,2
10518,1
10519,2
10520,3
10521,1
10522,3
10523,1
10524,1
10525,2
10527,1
10532,1
10534,1
10535,2
10540,1
10541,1
10542,1
10543,1
10544,1
10545,2
10548,1
10550,1
10551,1
10552,1
10558,1
10559,1
10560,1
10561,2
10562,1
10563,2
10566,1
10568,1
10569,2
10571,1
10576,3
10577,1
10578,2
10579,1
10581,4
10582,2
10583,2
10585,1
10586,1
10588,1
10590,2
10593,1
10597,1
10598,1
10599,3
10600,2
10603,2
10604,1
10605,1
10606,2
10607,1
10608,1
10609,1
10612,1
10614,1
10616,3
10620,1
10622,2
10623,1
10625,1
10630,2
10631,1
10634,1
10635,1
10636,1
10638,2
10639,1
10640,1
10644,2
10645,2
10648,1
10659,2
10660,3
10662,2
10663,1
10667,3
10668,1
10670,1
10673,2
10676,1
10677,2
10678,2
10679,2
10680,1
10681,1
10682,1
10683,2
10685,1
10686,1
10688,1
10689,1
10691,1
10693,1
10696,1
10700,2
10702,3
10703,1
10704,2
10705,2
10706,1
10711,1
10713,1
10715,1
10717,1
10718,2
10721,3
10723,2
10728,2
10731,2
10732,1
10733,1
10734,1
10735,1
10736,2
10737,1
10738,1
10739,1
10745,2
10750,1
10751,1
10752,1
10759,1
10760,1
10763,1
10764,1
10766,1
10767,1
10769,2
10770,1
10771,2
10773,1
10774,1
10775,1
10776,1
10777,2
10779,2
10780,1
10781,1
10782,1
10783,1
10784,2
10787,1
10788,2
10790,1
10791,1
10792,1
10794,1
10798,2
10799,1
10806,2
10807,1
10808,1
10810,2
10811,1
10813,1
10814,1
10815,2
10816,1
10820,1
10822,3
10827,1
10831,1
10832,1
10834,1
10835,2
10837,2
10838,1
10842,2
10843,1
10844,1
10846,2
10847,1
10848,3
10850,2
10852,1
10853,5
10855,2
10859,1
10865,1
10866,1
10869,2
10870,1
10872,2
10876,1
10877,2
10879,1
10882,1
10884,1
10887,1
10891,1
10894,1
10897,1
10900,1
10902,1
10903,2
10904,1
10905,2
10906,1
10907,2
10909,1
10910,2
10912,1
10913,1
10914,1
10915,1
10917,2
10922,1
10923,2
10926,2
10928,3
10929,3
10930,1
10932,2
10934,2
10935,2
10937,2
10939,1
10940,2
10941,1
10942,2
10944,3
10946,1
10950,1
10951,1
10952,2
10954,2
10956,2
10957,1
10959,2
10962,1
10964,1
10965,1
10967,3
10970,1
10971,1
10973,1
10974,1
10975,1
10979,1
10983,2
10984,1
10987,1
10988,1
10989,1
10992,1
10994,1
10998,3
10999,1
11001,1
11003,1
11005,4
11006,1
11007,1
11011,1
11015,1
11018,1
11021,1
11024,1
11026,3
11027,2
11028,2
11029,1
11030,2
11031,4
11034,1
11037,2
11038,1
11039,1
11040,1
11043,1
11044,2
11046,1
11047,2
11049,1
11050,1
11051,1
11052,1
11055,1
11057,1
11058,2
11059,2
11060,2
11064,1
11065,1
11070,3
11071,2
11072,1
11074,1
11077,1
11079,1
11081,1
11083,2
11084,1
11086,1
11088,1
11091,1
11095,2
11096,2
11097,1
11100,2
11101,1
11103,1
11105,2
11107,1
11108,1
11109,2
11111,3
11112,1
11113,2
11114,2
11115,2
11116,1
11119,5
11120,2
11121,1
11122,1
11124,1
11126,1
11127,1
11128,1
11129,2
11130,2
11132,1
11133,1
11136,1
11137,2
11138,2
11139,1
11141,2
11143,1
11144,1
11151,1
11152,1
11154,1
11156,1
11158,1
11159,1
11160,1
11161,1
11164,1
11166,2
11168,1
11169,1
11172,1
11175,1
11177,1
11178,2
11179,1
11180,1
11182,1
11187,4
11188,1
11189,2
11190,1
11200,1
11202,2
11206,1
11210,1
11213,2
11214,1
11215,1
11217,1
11218,1
11219,1
11220,1
11221,1
11222,2
11223,2
11227,2
11232,3
11238,2
11240,1
11244,1
11246,1
11257,3
11258,1
11263,2
11264,1
11265,1
11268,2
11269,2
11270,2
11272,1
11273,2
11275,1
11276,1
11278,2
11279,1
11282,1
11284,1
11288,1
11290,1
11292,1
11293,1
11294,1
11295,1
11297,2
11299,1
11302,1
11304,1
11305,1
11308,2
11312,1
11314,1
11316,1
11317,3
11323,1
11326,1
11329,1
11330,2
11334,1
11336,2
11337,1
11339,1
11341,1
11343,1
11344,1
11345,2
11346,1
11347,1
11348,2
11349,3
11350,1
11351,1
11352,1
11355,1
11356,1
11359,1
11360,1
11361,1
11362,1
11364,1
11367,2
11369,4
11370,1
11372,1
11374,1
11375,1
11376,1
11378,1
11379,1
11380,1
11382,1
11384,1
11385,1
11386,2
11387,3
11390,1
11391,1
11392,1
11393,1
11397,1
11398,1
11399,1
11400,2
11403,2
11404,3
11406,2
11407,1
11408,1
11410,1
11411,1
11413,4
11414,1
11417,1
11418,2
11419,1
11421,1
11425,1
11426,1
11431,2
11432,1
11436,1
11440,1
11441,1
11445,3
11446,1
11447,1
11449,2
11450,1
11451,1
11452,2
11453,2
11455,2
11456,1
11458,1
11459,1
11463,2
11466,1
11468,2
11469,1
11471,1
11473,1
11474,1
11475,2
11476,1
11479,1
11482,1
11485,1
11488,1
11490,2
11491,1
11492,1
11493,1
11494,1
11495,3
11496,1
11500,1
11504,4
11505,2
11506,1
11507,1
11510,1
11514,1
11517,1
11519,1
11520,1
11527,1
11528,1
11530,1
11531,1
11532,2
11533,1
11535,3
11538,4
11539,1
11541,1
11544,1
11546,1
11547,2
11552,1
11554,1
11557,1
11560,1
11561,2
11562,1
11565,2
11566,1
11567,1
11571,2
11573,1
11575,1
11576,1
11578,3
11579,2
11580,2
11581,1
11582,3
11583,3
11587,1
11588,2
11591,2
11593,1
11594,1
11598,1
11599,1
11601,2
11602,1
11603,1
11604,3
11607,2
11611,1
11613,1
11614,1
11616,1
11617,2
11618,1
11621,1
11622,1
11623,1
11626,1
11627,1
11629,1
11631,1
11633,2
11634,1
11638,2
11639,1
11641,2
11642,2
11644,1
11646,1
11650,1
11651,1
11652,2
11653,1
11654,1
11657,1
11663,1
11667,2
11671,1
11672,1
11673,2
11675,1
11676,2
11677,1
11678,1
11680,2
11682,3
11684,1
11686,2
11687,1
11688,1
11689,2
11691,1
11695,1
11697,1
11699,1
11702,1
11704,1
11710,1
11712,1
11715,3
11716,1
11722,1
11723,4
11725,2
11726,2
11727,2
11731,1
11733,1
11734,1
11736,1
11737,1
11738,1
11741,1
11744,1
11746,1
11747,3
11750,1
11751,1
11753,2
11757,1
11758,3
11759,3
11763,1
11765,1
11766,1
11768,1
11769,1
11770,1
11771,1
11772,1
11774,1
11777,4
11779,1
11782,1
11786,2
11788,1
11793,1
11796,1
11800,1
11802,2
11804,1
11805,2
11806,1
11809,1
11810,2
11813,1
11816,1
11818,2
11820,1
11821,3
11822,1
11823,1
11824,1
11829,1
11830,1
11831,1
11832,1
11834,2
11835,4
11836,1
11837,1
11838,2
11841,1
11846,2
11848,2
11850,1
11851,2
11853,1
11854,2
11855,1
11862,1
11864,3
11870,1
11872,1
11873,2
11874,4
11877,2
11878,2
11879,1
11880,1
11883,1
11887,1
11888,2
11889,1
11891,1
11892,1
11893,2
11898,4
11907,1
11910,1
11913,2
11915,1
11916,2
11918,1
11919,1
11923,3
11926,1
11927,1
11930,2
11931,1
11932,1
11935,2
11936,1
11937,2
11938,1
11940,1
11943,2
11944,1
11945,1
11949,1
11953,1
11954,1
11955,1
11956,1
11957,1
11959,1
11966,1
11969,2
11970,1
11973,1
11974,1
11980,1
11984,1
11987,1
11988,1
11990,1
11991,1
11993,2
11994,1
11996,2
11998,1
11999,1
12003,1
12004,2
12006,1
12007,2
12008,1
12009,1
12013,1
12015,1
12017,1
12019,1
12023,1
12026,1
12027,2
12029,2
12032,1
12037,1
12047,1
12049,1
12052,1
12054,1
12057,1
12059,1
12062,1
12066,2
12067,1
12070,1
12071,2
12072,1
12073,1
12074,1
12075,1
12076,1
12079,2
12082,1
12088,1
12089,1
12091,1
12096,1
12101,2
12102,1
12104,1
12107,1
12108,4
12112,1
12114,1
12115,1
12122,1
12125,1
12127,1
12130,1
12134,1
12136,2
12138,2
12145,1
12146,1
12147,1
12148,1
12149,1
12150,5
12151,2
12155,1
12159,1
12164,1
12169,1
12170,1
12175,5
12178,1
12180,1
12183,1
12189,1
12190,1
12197,1
12201,1
12203,2
12205,2
12207,1
12211,1
12213,2
12214,1
12221,2
12222,1
12224,1
12226,1
12227,1
12231,1
12233,1
12236,1
12238,1
12240,1
12241,1
12250,1
12256,1
12258,3
12259,2
12265,1
12266,1
12269,1
12270,2
12271,1
12272,1
12274,1
12275,1
12276,1
12279,2
12281,2
12284,1
12285,1
12287,2
12288,1
12290,1
12291,2
12293,1
12294,1
12296,1
12298,1
12301,3
12303,1
12308,1
12310,1
12312,1
12314,1
12315,1
12316,1
12317,1
12318,1
12321,1
12322,1
12323,1
12325,2
12327,1
12330,2
12331,1
12333,1
12334,3
12335,3
12336,1
12339,1
12340,1
12341,2
12344,1
12346,1
12347,1
12349,1
12350,1
12351,4
12352,1
12353,1
12356,2
12357,2
12358,1
12359,1
12360,1
12363,1
12364,1
12365,1
12368,1
12369,1
12370,2
12371,1
12373,1
12374,1
12376,1
12380,1
12383,1
12386,1
12387,2
12394,1
12397,2
12402,2
12403,1
12404,2
12405,1
12406,2
12410,1
12414,1
12422,2
12424,1
12428,1
12430,1
12431,1
12432,1
12433,2
12434,1
12439,1
12440,1
12441,1
12443,1
12445,1
12448,1
12454,3
12455,1
12456,1
12458,2
12461,1
12463,1
12464,1
12469,2
12471,1
12472,1
12474,1
12483,1
12493,2
12495,2
12498,2
12499,1
12501,1
12502,1
12504,1
12505,2
12508,3
12509,1
12511,2
12520,1
12521,2
12522,1
12524,1
12528,1
12530,1
12534,1
12535,1
12537,1
12541,1
12542,1
12544,1
12545,2
12547,1
12548,1
12549,1
12550,2
12552,1
12553,1
12554,1
12559,1
12564,1
12567,2
12568,1
12571,1
12576,1
12579,2
12580,1
12581,2
12586,1
12590,2
12592,1
12596,1
12599,1
12601,2
12602,1
12604,1
12605,2
12607,1
12609,1
12610,1
12612,4
12616,1
12622,1
12624,1
12627,1
12630,4
12631,1
12632,1
12637,1
12642,2
12643,1
12644,1
12645,1
12646,1
12649,1
12650,1
12651,1
12652,2
12653,2
12655,1
12657,1
12660,1
12662,1
12663,1
12664,1
12665,1
12667,1
12669,2
12671,1
12672,1
12675,1
12677,1
12678,1
12679,1
12682,1
12684,1
12686,1
12687,1
12688,1
12689,2
12691,1
12692,1
12693,1
12694,1
12695,1
12696,2
12698,1
12699,2
12702,1
12703,1
12706,1
12708,2
12715,1
12719,1
12720,1
12721,2
12722,1
12723,1
12728,1
12732,1
12733,1
12734,1
12736,1
12741,3
12742,1
12743,1
12744,1
12746,2
12747,1
12748,2
12749,1
12751,1
12752,4
12754,1
12756,1
12757,1
12759,1
12760,1
12762,1
12765,1
12767,1
12768,2
12772,2
12774,1
12776,1
12778,2
12781,1
12782,1
12783,5
12784,2
12786,1
12790,1
12792,1
12793,1
12794,2
12800,1
12802,1
12803,2
12806,1
12808,1
12812,1
12813,1
12814,2
12815,1
12825,1
12830,1
12831,3
12833,1
12834,2
12835,1
12836,1
12837,1
12838,1
12839,2
12845,1
12847,1
12849,1
12851,1
12854,1
12855,2
12857,1
12858,1
12859,1
12860,1
12861,2
12862,1
12872,1
12874,4
12875,1
12876,4
12879,3
12880,2
12883,1
12890,1
12898,3
12909,1
12910,1
12911,1
12912,2
12913,1
12915,1
12917,4
12919,2
12920,1
12924,1
12925,3
12926,1
12927,1
12928,1
12931,1
12932,1
12937,1
12941,1
12944,1
12947,1
12948,1
12950,1
12951,1
12954,1
12956,1
12959,3
12961,1
12962,1
12964,1
12970,1
12974,1
12977,4
12978,1
12979,1
12983,1
12985,2
12986,2
12992,1
12995,1
12999,1
13001,1
13004,1
13006,1
13009,1
13016,1
13019,1
13023,1
13024,1
13025,1
13027,1
13029,1
13032,1
13034,1
13035,1
13038,2
13041,1
13042,1
13043,1
13045,1
13046,2
13047,1
13055,1
13056,1
13057,2
13058,3
13059,2
13062,2
13067,1
13068,2
13069,1
13070,1
13073,2
13077,3
13079,1
13084,1
13085,1
13086,2
13087,1
13089,1
13091,1
13092,2
13093,1
13094,2
13098,2
13099,1
13100,1
13103,1
13107,1
13108,1
13111,2
13115,1
13116,1
13117,1
13118,1
13121,1
13122,1
13125,1
13127,1
13130,1
13131,2
13133,1
13136,1
13139,1
13141,2
13145,1
13149,1
13151,1
13152,2
13155,2
13156,2
13157,1
13159,1
13160,2
13165,2
13167,1
13168,1
13170,2
13171,3
13173,1
13176,1
13178,1
13185,1
13187,1
13189,2
13190,2
13192,1
13195,1
13196,1
13198,1
13199,3
13200,1
13201,1
13202,2
13203,1
13204,1
13205,1
13206,1
13207,1
13208,1
13211,2
13213,1
13214,1
13217,1
13221,1
13223,1
13225,2
13230,2
13231,3
13232,1
13235,1
13237,1
13238,2
13242,2
13243,1
13244,1
13246,1
13247,4
13248,1
13250,2
13251,2
13253,1
13258,2
13259,1
13262,2
13268,2
13271,1
13275,1
13279,2
13280,2
13281,1
13282,2
13284,1
13285,1
13288,2
13299,1
13300,1
13304,1
13305,1
13309,2
13310,2
13313,1
13315,1
13317,1
13320,2
13322,1
13323,1
13326,1
13330,1
13331,1
13333,1
13337,1
13341,2
13342,3
13347,1
13348,1
13351,1
13352,1
13353,1
13354,4
13355,2
13358,1
13362,1
13363,1
13364,1
13369,1
13376,1
13380,1
13381,2
13383,2
13385,1
13393,2
13396,1
13399,1
13402,1
13403,1
13404,1
13407,1
13413,1
13414,1
13416,1
13417,1
13419,1
13422,1
13423,2
13426,1
13427,1
13428,1
13432,2
13433,2
13435,1
13436,1
13437,1
13439,1
13442,1
13450,2
13452,2
13453,2
13457,1
13461,1
13463,1
13464,1
13467,1
13469,1
13471,2
13475,1
13476,1
13479,1
13481,1
13482,2
13483,1
13488,2
13489,1
13490,1
13492,1
13493,2
13496,1
13497,3
13498,1
13499,1
13501,1
13502,1
13503,1
13504,1
13510,1
13519,1
13522,1
13523,2
13526,1
13529,1
13533,2
13536,1
13538,1
13540,1
13544,1
13547,3
13550,1
13551,1
13554,2
13555,2
13557,1
13559,1
13561,1
13567,1
13568,1
13570,1
13574,2
13576,1
13579,1
13582,2
13584,1
13585,1
13586,1
13592,1
13593,1
13595,2
13596,1
13598,1
13600,1
13603,1
13604,1
13605,1
13608,1
13617,1
13618,1
13620,2
13622,1
13624,1
13625,2
13627,1
13628,1
13629,1
13630,1
13633,1
13640,2
13643,1
13645,1
13646,1
13647,1
13650,2
13652,1
13656,1
13658,1
13659,1
13661,1
13662,2
13663,1
13665,2
13670,1
13671,2
13672,1
13681,2
13682,1
13685,1
13686,1
13690,1
13696,1
13702,2
13707,2
13710,1
13711,1
13712,2
13713,2
13715,2
13716,1
13723,2
13728,1
13732,1
13735,2
13740,1
13741,1
13744,1
13745,1
13748,1
13753,1
13759,1
13760,1
13761,1
13762,1
13763,1
13764,1
13768,1
13770,1
13775,1
13784,1
13785,1
13786,1
13790,1
13792,1
13793,1
13794,1
13795,1
13799,3
13807,2
13808,1
13811,1
13813,1
13814,1
13815,2
13820,3
13824,1
13826,1
13827,1
13828,1
13829,2
13835,1
13839,2
13842,1
13843,1
13844,1
13845,1
13846,2
13847,2
13855,1
13856,1
13857,1
13860,1
13861,1
13862,1
13865,1
13868,3
13871,1
13873,1
13874,1
13876,1
13877,1
13880,1
13882,1
13888,2
13890,1
13897,1
13898,1
13900,1
13901,1
13903,2
13904,1
13906,1
13907,1
13908,1
13910,3
13923,1
13924,1
13928,3
13934,2
13937,1
13941,2
13943,1
13949,1
13951,1
13952,1
13955,1
13958,1
13960,1
13962,1
13964,1
13967,3
13969,1
13970,1
13972,1
13973,1
13975,1
13976,1
13979,1
13981,1
13984,1
13987,1
13988,1
13990,1
13993,2
13995,2
13996,1
14002,1
14007,1
14008,1
14010,1
14018,2
14021,2
14022,1
14025,1
14026,3
14029,1
14032,1
14033,2
14035,1
14037,1
14039,1
14043,1
14049,3
14050,1
14056,1
14062,1
14073,1
14076,1
14078,1
14080,1
14081,1
14082,1
14087,1
14090,1
14091,1
14093,1
14095,1
14097,1
14099,1
14105,1
14106,1
14109,1
14110,1
14112,1
14116,1
14118,1
14120,1
14122,2
14124,2
14128,1
14129,1
14131,1
14134,3
14136,1
14138,1
14140,1
14148,1
14150,1
14155,1
14159,1
14162,1
14163,2
14164,1
14165,1
14167,1
14174,1
14175,2
14178,1
14182,1
14186,3
14187,1
14191,2
14193,2
14194,1
14197,1
14206,1
14210,1
14211,1
14212,1
14216,1
14217,1
14219,1
14224,1
14226,2
14227,1
14234,2
14236,1
14238,2
14240,1
14242,1
14244,1
14245,1
14246,1
14250,1
14254,2
14258,1
14263,1
14265,1
14267,1
14270,1
14272,1
14273,1
14274,2
14277,1
14284,1
14291,1
14292,1
14293,1
14297,1
14298,1
14299,1
14300,2
14301,1
14305,1
14308,1
14309,1
14310,1
14311,1
14321,1
14326,1
14329,1
14332,1
14340,1
14343,1
14348,1
14352,1
14353,1
14355,1
14356,1
14357,1
14358,2
14359,1
14360,1
14361,1
14366,1
14367,1
14368,1
14371,1
14373,1
14376,1
14377,1
14380,1
14381,1
14385,2
14386,1
14387,1
14394,1
14395,1
14398,1
14400,2
14409,1
14411,1
14412,1
14414,1
14415,1
14416,1
14417,1
14418,1
14419,1
14420,1
14421,1
14427,1
14428,2
14430,2
14431,3
14432,2
14436,2
14440,1
14441,2
14443,1
14444,1
14447,1
14449,1
14450,1
14451,1
14452,1
14456,1
14457,2
14459,2
14461,1
14462,1
14465,1
14470,1
14473,1
14475,2
14477,1
14492,1
14503,1
14509,2
14514,1
14517,1
14525,1
14527,1
14531,1
14536,1
14538,1
14540,1
14544,1
14548,1
14550,1
14555,1
14560,1
14562,2
14567,1
14568,1
14569,1
14570,1
14572,1
14577,1
14584,1
14585,1
14587,3
14588,1
14591,1
14592,1
14596,3
14597,1
14600,1
14605,1
14606,2
14609,1
14613,1
14614,1
14615,1
14619,1
14623,1
14624,1
14627,1
14628,2
14629,1
14630,1
14631,1
14635,1
14644,1
14647,2
14654,1
14656,1
14659,1
14661,1
14663,1
14664,1
14673,1
14676,1
14677,1
14678,1
14682,2
14685,1
14688,2
14689,1
14690,1
14693,1
14695,2
14697,2
14701,1
14702,1
14706,1
14710,1
14719,1
14721,1
14722,3
14723,1
14724,2
14725,1
14727,1
14732,1
14738,2
14739,1
14743,1
14744,1
14745,1
14746,1
14747,1
14754,1
14755,1
14757,1
14760,2
14762,1
14763,1
14768,1
14771,1
14772,1
14775,1
14777,2
14787,1
14789,1
14792,1
14793,1
14795,1
14796,1
14799,1
14800,2
14802,1
14814,2
14816,1
14817,1
14826,1
14827,1
14828,1
14831,2
14832,1
14835,1
14836,1
14837,1
14841,1
14846,1
14847,1
14851,1
14856,2
14857,2
14858,1
14859,1
14861,1
14864,1
14866,1
14873,1
14874,1
14878,1
14879,1
14880,1
14881,1
14882,1
14887,2
14890,1
14895,1
14896,1
14899,2
14900,1
14902,2
14904,1
14911,1
14913,1
14914,1
14921,1
14928,1
14929,2
14935,1
14937,1
14941,1
14943,1
14945,1
14950,1
14953,2
14955,1
14957,1
14963,1
14965,2
14967,1
14968,1
14969,1
14970,1
14973,1
14974,1
14975,1
14982,1
14984,1
14987,1
14988,1
14989,1
14990,1
14994,1
14996,1
14997,1
15001,1
15004,1
15005,1
15006,1
15007,1
15010,1
15011,1
15015,1
15017,1
15024,1
15025,1
15027,1
15037,2
15052,2
15053,1
15055,2
15063,3
15064,1
15069,1
15072,1
15073,1
15074,1
15076,1
15078,1
15080,2
15083,1
15087,3
15090,1
15091,1
15092,1
15093,2
15094,1
15095,1
15104,1
15108,1
15110,2
15112,2
15116,1
15119,2
15120,1
15121,1
15122,1
15130,1
15132,1
15135,2
15139,1
15141,1
15143,2
15148,1
15156,2
15158,1
15166,1
15167,1
15169,1
15171,1
15174,1
15177,1
15180,1
15182,2
15184,1
15185,1
15187,1
15188,1
15189,1
15190,1
15195,1
15198,1
15200,1
15204,1
15214,2
15217,1
15220,1
15225,1
15230,1
15231,1
15234,1
15243,1
15245,1
15247,1
15257,1
15260,1
15262,1
15263,1
15266,1
15267,1
15271,2
15273,1
15274,1
15280,1
15287,2
15290,1
15291,1
15293,1
15297,1
15301,2
15310,1
15313,1
15315,1
15316,1
15317,2
15321,1
15324,1
15326,1
15328,1
15330,1
15334,1
15337,1
15339,1
15340,1
15341,2
15344,1
15345,1
15361,1
15367,1
15369,1
15370,1
15371,1
15385,1
15391,1
15394,1
15396,1
15397,2
15406,2
15409,1
15410,1
15413,1
15414,1
15415,1
15417,1
15424,1
15425,1
15433,1
15434,1
15436,1
15438,2
15439,1
15441,1
15454,1
15456,2
15457,1
15462,1
15463,1
15467,2
15471,1
15474,1
15475,1
15477,1
15487,1
15488,1
15489,1
15493,1
15498,1
15500,1
15502,1
15504,1
15505,1
15507,1
15508,1
15510,1
15519,2
15520,1
15522,2
15526,1
15530,1
15535,1
15536,1
15538,1
15541,2
15545,1
15547,1
15559,1
15563,1
15564,1
15566,1
15567,1
15572,1
15574,1
15577,1
15579,1
15584,1
15594,1
15599,1
15601,2
15613,1
15614,1
15616,1
15617,1
15621,1
15633,1
15634,1
15636,1
15640,1
15648,1
15649,1
15665,1
15668,1
15672,1
15673,1
15676,1
15682,1
15683,1
15685,1
15686,1
15689,1
15690,1
15696,1
15697,1
15698,1
15702,1
15703,1
15704,1
15705,2
15710,2
15714,1
15715,2
15717,1
15718,1
15727,1
15731,1
15737,1
15738,1
15743,1
15745,3
15755,1
15759,1
15760,3
15762,1
15763,1
15765,1
15766,1
15770,1
15773,1
15775,2
15776,1
15778,1
15779,1
15783,1
15785,1
15792,2
15795,1
15797,1
15799,1
15802,1
15805,1
15810,1
15824,1
15825,1
15829,1
15830,1
15834,1
15836,1
15838,1
15842,1
15843,2
15845,1
15846,1
15848,1
15851,1
15853,1
15861,1
15862,1
15868,1
15872,2
15873,2
15874,1
15875,1
15880,1
15883,1
15887,1
15888,1
15891,1
15894,1
15896,1
15901,1
15904,1
15906,1
15910,1
15911,2
15912,1
15914,1
15919,2
15921,1
15923,1
15925,2
15926,1
15929,1
15936,1
15937,1
15939,2
15941,1
15953,1
15958,1
15959,1
15963,1
15965,1
15969,1
15971,1
15976,1
15977,1
15980,1
15983,1
15989,1
15990,1
15993,1
15997,1
16000,1
16007,1
16009,1
16012,2
16013,1
16014,1
16015,1
16022,1
16025,1
16029,1
16037,1
16038,1
16040,2
16044,1
16046,1
16053,1
16054,1
16056,1
16057,1
16063,1
16066,1
16072,2
16074,1
16080,2
16083,1
16086,1
16087,1
16090,1
16093,1
16094,2
16097,1
16103,1
16105,1
16109,1
16116,1
16118,1
16120,1
16121,1
16129,1
16130,1
16131,1
16134,1
16135,1
16136,1
16140,1
16143,1
16148,1
16149,1
16153,1
16162,2
16175,1
16177,1
16179,1
16180,3
16185,1
16186,3
16190,1
16192,2
16196,1
16198,1
16199,1
16200,1
16203,1
16209,1
16217,1
16222,1
16223,1
16225,1
16227,1
16229,1
16230,1
16231,1
16232,2
16239,3
16244,1
16245,1
16246,1
16249,1
16251,1
16253,2
16257,1
16258,2
16260,1
16263,1
16266,1
16268,1
16273,2
16277,1
16279,1
16288,1
16289,1
16295,1
16296,1
16308,1
16310,1
16311,1
16320,1
16326,2
16328,1
16336,2
16350,1
16351,3
16355,1
16357,1
16359,1
16362,1
16370,1
16375,2
16379,1
16381,1
16387,3
16391,1
16405,3
16407,1
16409,1
16411,1
16413,1
16419,1
16420,1
16421,1
16424,1
16428,1
16429,1
16432,2
16437,1
16447,1
16448,1
16449,1
16452,1
16454,1
16465,1
16467,2
16470,1
16472,1
16473,1
16479,1
16483,1
16485,1
16488,1
16491,1
16494,1
16497,1
16501,1
16502,1
16504,1
16506,2
16507,1
16509,1
16510,1
16513,1
16516,2
16517,2
16518,2
16520,1
16523,1
16524,1
16534,1
16535,1
16544,1
16546,2
16547,2
16550,1
16557,1
16559,1
16560,1
16561,1
16566,1
16570,1
16571,2
16580,1
16591,1
16594,1
16598,2
16599,2
16603,1
16611,1
16613,2
16620,1
16626,1
16629,1
16631,1
16633,2
16637,2
16639,1
16640,1
16642,1
16644,1
16651,1
16652,2
16662,1
16670,1
16678,1
16679,1
16680,1
16685,1
16687,2
16688,1
16689,1
16693,1
16700,1
16701,1
16709,1
16713,1
16718,1
16723,2
16727,1
16728,1
16731,1
16736,1
16739,1
16740,1
16745,1
16747,1
16749,1
16754,2
16757,1
16763,1
16764,1
16766,1
16770,1
16774,1
16775,1
16777,1
16784,2
16786,1
16787,1
16789,1
16792,1
16795,2
16796,1
16804,1
16807,1
16809,1
16810,1
16811,1
16812,1
16813,1
16818,1
16820,1
16825,1
16828,4
16837,1
16843,1
16844,2
16859,1
16862,1
16869,1
16873,1
16876,1
16877,1
16881,1
16882,1
16887,1
16889,1
16891,1
16893,2
16896,1
16898,1
16899,1
16901,1
16908,1
16909,1
16917,1
16919,1
16921,1
16923,2
16926,1
16933,1
16936,1
16937,1
16938,1
16942,1
16945,1
16946,2
16947,1
16953,1
16955,1
16957,1
16960,2
16961,1
16965,1
16966,1
16967,1
16968,1
16970,1
16977,1
16980,1
16985,2
16987,1
16994,1
16997,2
17009,1
17011,1
17015,1
17023,2
17024,1
17029,1
17031,1
17033,1
17038,1
17052,1
17053,1
17059,1
17060,2
17061,1
17063,1
17070,1
17073,1
17075,2
17083,1
17084,1
17092,1
17100,2
17111,1
17117,1
17119,1
17121,1
17125,2
17126,1
17128,1
17129,1
17130,1
17136,2
17137,2
17139,1
17141,1
17142,1
17143,1
17145,1
17146,1
17149,2
17151,1
17162,1
17174,1
17182,1
17184,1
17185,1
17186,1
17187,1
17196,1
17200,1
17202,1
17207,1
17212,1
17216,2
17218,2
17227,1
17233,1
17237,1
17245,1
17246,1
17249,1
17253,1
17256,1
17258,1
17268,1
17270,1
17278,1
17280,1
17281,1
17283,1
17284,1
17287,1
17289,2
17293,1
17296,2
17300,1
17301,2
17303,2
17308,1
17311,1
17312,1
17313,1
17314,1
17321,1
17322,1
17326,1
17329,1
17330,1
17331,2
17340,1
17342,1
17347,1
17349,1
17353,1
17354,1
17360,1
17364,1
17366,2
17377,2
17386,1
17393,1
17395,1
17402,2
17407,1
17410,1
17419,1
17421,1
17422,1
17424,1
17426,1
17428,1
17435,1
17436,1
17438,1
17446,1
17447,2
17456,1
17458,1
17460,1
17461,1
17469,1
17475,1
17477,1
17492,1
17493,1
17497,1
17500,1
17502,1
17504,1
17509,1
17513,1
17515,1
17524,1
17526,2
17528,1
17532,1
17545,1
17546,1
17548,2
17550,2
17552,1
17555,1
17556,2
17558,1
17565,1
17568,2
17571,1
17573,1
17575,1
17576,1
17578,1
17580,1
17582,1
17584,1
17585,1
17587,2
17595,1
17603,1
17605,1
17619,1
17620,1
17628,1
17630,1
17641,1
17647,1
17650,2
17655,2
17657,1
17663,2
17664,1
17667,1
17675,1
17681,1
17682,1
17686,1
17691,1
17692,1
17705,1
17707,2
17709,1
17713,1
17724,1
17725,1
17729,1
17745,1
17748,1
17753,1
17760,1
17761,1
17763,1
17772,1
17774,2
17781,1
17783,1
17790,1
17791,1
17796,1
17804,2
17806,1
17807,1
17809,1
17810,1
17818,1
17819,1
17830,1
17834,1
17838,1
17842,2
17846,1
17850,1
17855,1
17863,1
17867,1
17868,1
17873,1
17877,1
17878,1
17880,1
17881,2
17882,1
17892,2
17896,1
17899,1
17907,1
17910,1
17912,1
17914,1
17917,1
17919,2
17920,1
17924,1
17928,1
17930,2
17938,1
17949,1
17975,1
17976,1
17981,2
17984,1
17987,1
17988,1
17995,2
18006,1
18007,1
18014,1
18027,1
18030,1
18032,2
18034,1
18038,1
18040,1
18042,1
18043,1
18050,1
18053,1
18056,1
18059,2
18063,1
18068,1
18073,1
18075,3
18083,2
18084,1
18086,1
18089,1
18098,1
18101,1
18107,1
18108,1
18111,1
18118,2
18129,1
18131,1
18136,1
18138,1
18141,1
18146,1
18149,2
18150,1
18152,1
18153,1
18154,1
18160,1
18162,1
18166,1
18168,1
18169,1
18171,1
18178,1
18179,1
18185,1
18186,1
18188,2
18191,1
18193,1
18198,1
18203,1
18207,3
18212,1
18214,1
18221,1
18226,1
18233,2
18239,1
18242,1
18246,1
18253,2
18257,1
18258,1
18259,1
18261,1
18262,1
18265,1
18267,1
18272,1
18273,1
18286,1
18301,1
18304,1
18309,1
18321,2
18322,1
18327,1
18329,1
18330,1
18333,2
18335,1
18336,1
18339,1
18345,1
18359,1
18362,1
18363,1
18374,1
18388,1
18398,1
18400,1
18401,2
18402,1
18409,1
18411,1
18415,1
18418,1
18420,1
18424,1
18436,1
18439,1
18441,1
18442,1
18444,1
18445,1
18446,1
18448,1
18452,1
18457,1
18469,1
18473,2
18480,1
18481,2
18487,1
18488,1
18491,1
18495,1
18507,1
18522,1
18531,1
18535,1
18536,1
18555,1
18559,1
18562,2
18568,1
18569,1
18574,1
18582,1
18589,1
18598,1
18602,1
18610,1
18611,1
18618,1
18619,1
18628,1
18632,1
18634,1
18639,1
18641,1
18648,1
18658,1
18659,1
18674,1
18681,1
18686,1
18687,1
18698,1
18700,1
18702,1
18704,1
18708,1
18710,1
18711,1
18712,1
18713,1
18720,1
18724,2
18727,1
18728,1
18733,2
18735,1
18744,1
18749,1
18753,1
18754,1
18755,1
18756,2
18759,1
18764,1
18769,2
18777,1
18789,1
18791,1
18794,1
18795,1
18819,1
18823,1
18831,1
18849,1
18852,1
18856,1
18862,1
18866,1
18872,1
18874,1
18877,1
18888,1
18894,1
18897,2
18902,2
18903,1
18910,1
18914,1
18919,1
18920,1
18924,1
18926,1
18935,1
18943,1
18944,2
18947,1
18949,1
18951,1
18956,1
18991,1
19008,1
19009,1
19013,1
19014,1
19022,1
19023,1
19034,1
19042,1
19043,1
19055,1
19064,1
19066,1
19070,1
19072,1
19074,1
19075,1
19078,1
19080,1
19081,1
19083,1
19088,1
19096,1
19099,1
19100,1
19101,1
19103,1
19116,1
19120,1
19125,1
19137,1
19139,1
19148,1
19151,1
19161,1
19163,1
19165,1
19166,1
19167,2
19171,1
19172,1
19180,1
19181,1
19189,1
19197,1
19198,1
19199,1
19221,1
19224,1
19225,1
19231,1
19240,1
19244,1
19247,1
19253,2
19255,2
19259,1
19279,1
19280,1
19281,2
19288,1
19303,1
19305,1
19311,1
19318,2
19328,1
19330,1
19333,1
19335,1
19339,1
19343,1
19345,1
19347,1
19349,1
19350,1
19352,1
19362,1
19386,1
19389,1
19393,1
19394,1
19400,1
19402,1
19409,1
19410,1
19412,1
19435,1
19436,3
19438,1
19439,1
19443,1
19450,1
19454,1
19460,1
19463,1
19472,1
19473,1
19481,1
19489,2
19490,2
19491,1
19498,2
19500,3
19504,1
19524,1
19529,1
19537,1
19538,1
19543,1
19545,1
19555,1
19559,2
19564,1
19569,1
19573,1
19574,1
19577,1
19578,1
19581,1
19596,1
19600,1
19609,1
19612,1
19614,1
19617,1
19624,1
19628,1
19633,1
19635,2
19639,1
19642,1
19649,1
19657,1
19662,1
19664,1
19665,1
19670,1
19676,1
19678,1
19686,2
19689,1
19690,1
19692,1
19695,1
19707,1
19716,1
19717,1
19725,2
19726,1
19728,1
19729,1
19730,1
19731,1
19734,1
19740,2
19743,1
19745,1
19746,1
19751,1
19754,1
19766,1
19774,1
19779,1
19782,2
19786,1
19792,1
19794,2
19797,1
19802,1
19812,1
19813,1
19815,1
19818,1
19826,1
19836,2
19839,2
19843,1
19845,1
19847,1
19848,1
19851,1
19854,1
19859,1
19872,1
19874,1
19886,2
19887,1
19888,1
19891,1
19892,1
19898,1
19899,1
19903,1
19905,1
19911,1
19936,1
19943,1
19950,1
19951,1
19956,1
19974,1
19982,1
19983,1
19990,2
19992,1
20008,1
20019,1
20020,1
20041,1
20043,2
20054,1
20062,1
20069,1
20070,1
20072,1
20083,1
20085,1
20094,1
20099,2
20103,1
20104,1
20105,1
20107,1
20111,1
20118,2
20119,1
20122,1
20141,1
20146,1
20149,1
20156,1
20162,1
20164,1
20165,1
20171,1
20196,1
20202,1
20203,1
20204,1
20207,1
20208,1
20211,1
20220,1
20233,1
20243,1
20259,1
20264,1
20267,1
20269,1
20287,1
20289,1
20295,1
20299,1
20302,1
20307,1
20308,1
20311,1
20312,1
20324,1
20326,1
20333,1
20339,1
20341,1
20356,1
20363,1
20365,1
20376,1
20382,1
20383,1
20384,1
20387,2
20397,1
20400,1
20404,1
20409,1
20416,1
20431,1
20442,1
20443,1
20457,1
20462,1
20464,1
20467,1
20472,1
20473,1
20484,1
20499,1
20501,1
20505,1
20513,1
20516,1
20523,1
20535,1
20558,1
20566,1
20580,2
20583,1
20584,1
20586,1
20587,1
20589,1
20595,1
20596,1
20599,1
20601,1
20611,1
20613,1
20618,1
20627,1
20631,1
20660,1
20662,1
20674,1
20676,1
20685,1
20687,1
20690,1
20692,1
20696,1
20697,1
20706,2
20709,1
20719,1
20720,2
20721,1
20723,1
20724,1
20735,1
20737,1
20740,1
20743,1
20746,1
20754,1
20758,1
20760,1
20771,1
20799,1
20800,1
20803,1
20810,1
20815,1
20820,1
20825,1
20830,1
20844,1
20845,1
20848,1
20881,1
20900,1
20906,1
20929,2
20931,1
20935,1
20936,2
20949,1
20956,1
20968,1
20978,1
20979,1
20984,1
20985,1
20990,1
20999,2
21011,1
21013,1
21017,1
21024,1
21029,1
21030,1
21039,1
21043,1
21047,1
21049,1
21059,1
21062,1
21068,1
21078,1
21091,1
21096,1
21110,1
21116,1
21117,1
21119,2
21121,1
21136,1
21137,1
21141,1
21147,1
21151,1
21162,1
21175,1
21176,1
21179,1
21182,1
21192,1
21193,1
21200,1
21204,1
21217,1
21220,1
21232,1
21239,1
21241,1
21246,1
21252,1
21257,1
21263,1
21265,1
21266,1
21271,1
21279,1
21280,1
21281,1
21286,1
21287,1
21289,1
21294,1
21298,1
21302,1
21309,1
21312,1
21313,1
21320,1
21322,1
21325,2
21327,1
21331,1
21334,1
21344,1
21356,1
21357,1
21359,1
21360,1
21368,1
21374,1
21376,1
21384,1
21394,1
21402,1
21403,1
21414,1
21434,1
21440,1
21442,1
21451,2
21457,2
21465,1
21485,1
21494,1
21502,1
21504,1
21510,1
21528,1
21530,1
21533,1
21534,1
21538,1
21551,1
21556,1
21566,1
21586,2
21589,1
21594,1
21602,1
21603,1
21612,2
21613,1
21617,1
21618,2
21648,1
21656,2
21669,1
21672,2
21689,1
21696,1
21712,1
21718,1
21725,1
21726,1
21730,1
21735,1
21736,1
21765,1
21776,1
21779,1
21781,1
21793,2
21798,1
21800,1
21804,1
21806,1
21810,1
21814,1
21825,2
21828,1
21830,2
21843,1
21869,1
21879,1
21884,1
21887,1
21889,1
21890,1
21892,1
21898,1
21901,1
21904,1
21913,1
21924,1
21929,1
21943,2
21948,1
21964,1
21978,1
21995,1
21997,1
22000,1
22005,1
22006,1
22021,1
22030,1
22031,1
22050,1
22057,1
22064,1
22070,1
22088,1
22095,1
22098,2
22106,1
22108,1
22109,1
22116,2
22121,1
22123,1
22133,1
22137,1
22166,1
22172,1
22177,1
22191,1
22219,1
22241,1
22245,1
22246,1
22259,1
22260,1
22276,1
22277,1
22279,1
22283,1
22303,1
22305,1
22333,1
22345,1
22346,1
22348,1
22362,1
22373,1
22380,1
22383,1
22404,1
22413,1
22415,2
22431,1
22435,1
22442,1
22445,1
22450,1
22453,1
22460,1
22483,2
22497,1
22501,1
22514,1
22517,1
22519,1
22520,1
22527,1
22537,2
22539,1
22542,1
22555,1
22561,1
22564,1
22567,1
22570,1
22576,1
22587,1
22589,1
22590,1
22593,1
22607,1
22620,1
22625,1
22629,1
22634,1
22637,1
22639,1
22643,1
22646,1
22649,1
22650,1
22656,1
22660,2
22673,1
22674,1
22675,1
22683,1
22688,1
22693,1
22712,1
22723,1
22735,1
22754,1
22762,1
22765,1
22780,1
22788,1
22791,1
22795,1
22806,1
22822,1
22828,2
22832,1
22840,1
22855,1
22859,1
22866,1
22894,1
22916,1
22920,1
22925,1
22929,1
22949,1
22966,1
22973,1
22995,1
22998,1
23001,1
23007,2
23016,1
23021,1
23025,1
23027,1
23036,1
23038,1
23040,1
23051,1
23052,3
23054,1
23072,1
23075,1
23081,1
23091,1
23141,1
23148,1
23152,1
23161,2
23174,1
23204,1
23213,1
23215,1
23227,1
23228,1
23229,1
23234,1
23237,1
23243,1
23245,1
23264,1
23276,1
23280,1
23294,1
23297,1
23301,1
23305,1
23307,1
23325,1
23335,1
23336,1
23340,1
23348,1
23356,1
23363,1
23373,1
23378,1
23380,2
23383,1
23384,1
23388,1
23408,1
23419,1
23438,1
23448,1
23453,1
23455,1
23459,1
23462,1
23466,1
23491,1
23492,1
23505,1
23510,1
23523,1
23530,1
23542,1
23553,1
23568,2
23572,1
23576,1
23577,1
23585,1
23601,1
23614,1
23622,1
23624,2
23639,1
23642,1
23646,1
23653,1
23657,1
23658,1
23674,1
23692,1
23693,1
23703,1
23710,1
23718,1
23728,1
23749,1
23775,1
23785,1
23788,1
23789,1
23794,1
23807,1
23815,1
23826,1
23830,1
23832,1
23834,1
23842,3
23843,1
23857,1
23867,1
23874,1
23880,1
23881,1
23902,2
23904,1
23914,1
23915,1
23917,1
23930,1
23941,1
23966,1
23976,2
23979,1
23983,1
23986,1
23995,1
23999,2
24005,1
24017,1
24028,1
24042,1
24051,1
24053,1
24062,1
24072,1
24080,1
24087,1
24098,1
24107,1
24114,1
24119,1
24127,1
24130,1
24142,1
24173,1
24178,1
24184,1
24186,1
24196,1
24217,1
24236,1
24244,1
24256,1
24271,1
24284,1
24286,1
24292,1
24295,2
24299,1
24303,1
24319,1
24355,1
24363,1
24384,2
24403,1
24406,1
24409,1
24442,1
24443,1
24451,1
24457,1
24458,1
24494,1
24497,1
24502,1
24519,1
24532,1
24534,1
24541,1
24551,1
24553,1
24557,1
24558,1
24565,1
24574,1
24589,1
24597,1
24598,2
24644,1
24645,1
24650,1
24651,1
24663,1
24669,1
24673,1
24681,1
24685,1
24696,1
24702,1
24708,1
24712,1
24731,1
24743,1
24744,1
24745,1
24759,1
24760,1
24770,1
24775,1
24776,1
24792,1
24797,1
24821,1
24849,1
24857,1
24880,2
24882,1
24909,1
24910,1
24922,1
24932,1
24937,1
24939,2
24943,1
24967,1
24970,1
24973,2
24977,1
24978,1
24979,1
24980,2
24991,1
25009,1
25025,1
25026,1
25034,1
25051,1
25091,1
25095,1
25114,1
25123,1
25132,1
25138,1
25146,1
25148,1
25171,1
25194,1
25202,1
25205,1
25222,1
25225,1
25227,1
25248,1
25259,1
25260,1
25263,1
25268,1
25273,1
25275,1
25301,1
25337,1
25348,1
25363,1
25373,1
25394,1
25396,1
25460,1
25479,1
25488,1
25495,2
25496,1
25497,1
25505,1
25519,1
25541,1
25545,1
25582,1
25610,1
25612,1
25633,1
25639,1
25640,1
25671,1
25695,2
25696,1
25708,1
25714,1
25717,1
25734,1
25751,1
25754,1
25767,1
25775,1
25792,1
25807,1
25811,1
25813,1
25840,1
25847,1
25855,1
25861,1
25882,1
25889,1
25903,1
25905,1
25909,1
25910,1
25918,1
25922,1
25974,2
25989,1
25990,1
25994,1
26011,1
26013,1
26022,1
26042,1
26043,1
26049,1
26065,1
26069,1
26097,1
26110,1
26122,1
26125,1
26137,1
26168,1
26182,1
26206,1
26211,1
26234,1
26239,1
26242,1
26300,1
26301,1
26308,1
26309,1
26311,1
26328,1
26353,1
26362,1
26370,1
26375,1
26389,1
26391,1
26393,1
26394,1
26398,1
26410,1
26411,1
26428,1
26435,1
26438,1
26443,1
26453,1
26456,1
26464,1
26482,1
26486,1
26488,1
26497,1
26499,1
26506,1
26507,1
26554,1
26597,1
26618,1
26630,1
26637,1
26656,1
26657,1
26666,1
26673,1
26679,1
26701,1
26704,1
26733,2
26743,1
26768,1
26772,1
26778,1
26788,1
26791,1
26802,1
26806,1
26807,1
26812,1
26815,1
26841,1
26854,1
26878,1
26882,1
26897,1
26953,1
26954,1
26968,1
26988,1
26995,1
27018,1
27059,1
27080,1
27083,1
27110,1
27112,1
27145,1
27149,1
27154,2
27182,1
27185,1
27209,1
27218,1
27221,1
27265,1
27299,1
27306,1
27314,2
27337,1
27345,1
27348,1
27361,1
27371,1
27372,1
27400,1
27405,1
27423,1
27428,1
27430,1
27446,1
27488,1
27493,1
27513,1
27516,2
27521,1
27523,1
27544,1
27546,1
27549,2
27562,1
27564,1
27574,1
27598,1
27600,1
27611,1
27641,1
27653,1
27665,1
27676,1
27689,1
27701,1
27707,1
27709,1
27719,1
27724,1
27748,1
27753,1
27795,1
27815,1
27879,1
27898,1
27910,1
27915,1
27929,1
27936,1
27952,1
27964,1
28002,1
28017,1
28035,1
28040,1
28067,1
28088,1
28124,1
28129,1
28133,1
28137,1
28143,1
28198,1
28208,1
28211,1
28213,1
28224,1
28243,1
28246,1
28267,1
28272,1
28317,1
28319,1
28344,1
28356,1
28379,1
28380,1
28413,1
28418,1
28420,1
28468,1
28478,1
28490,1
28519,1
28534,1
28554,1
28562,1
28563,1
28575,1
28601,1
28605,1
28614,1
28633,1
28634,1
28672,1
28676,1
28678,1
28734,1
28738,1
28756,1
28786,1
28851,1
28862,1
28871,1
28874,1
28882,1
28892,1
28905,1
28909,1
28942,1
28945,1
28947,1
28950,1
28963,1
29000,1
29024,1
29029,1
29038,1
29049,1
29059,1
29101,1
29116,1
29141,1
29166,1
29171,1
29172,1
29185,1
29186,1
29262,1
29270,1
29291,1
29304,1
29305,1
29311,1
29312,1
29336,1
29351,1
29352,1
29372,1
29383,1
29411,1
29413,1
29415,1
29424,1
29430,1
29433,2
29446,1
29466,2
29470,1
29475,1
29477,1
29483,1
29485,1
29497,1
29507,1
29511,1
29518,1
29583,1
29587,1
29642,1
29666,1
29667,1
29697,1
29739,1
29743,1
29757,1
29775,1
29818,1
29834,2
29844,1
29855,1
29860,1
29884,1
29900,1
29921,1
29960,2
29978,1
29992,1
29993,1
30031,1
30046,1
30096,1
30135,1
30139,1
30158,1
30161,1
30178,1
30182,1
30198,1
30250,1
30292,1
30302,1
30306,1
30324,2
30339,1
30359,1
30429,1
30440,1
30491,1
30510,1
30534,1
30581,1
30583,1
30603,1
30618,1
30668,1
30675,1
30776,2
30784,1
30789,1
30809,1
30849,1
30858,1
30862,1
30899,1
30900,1
30906,1
30913,1
30914,1
30956,1
30962,1
30963,1
30996,1
31047,1
31062,1
31086,1
31104,1
31106,1
31127,1
31128,1
31143,1
31145,1
31167,1
31174,1
31185,1
31190,1
31208,1
31233,1
31274,1
31287,1
31356,1
31423,1
31424,1
31518,1
31534,1
31604,1
31616,1
31625,1
31627,1
31631,1
31675,1
31685,1
31776,1
31809,1
31820,1
31822,1
31826,2
31830,1
31897,1
31900,1
31932,1
31959,1
31973,1
31984,1
32006,1
32062,1
32066,1
32069,2
32099,1
32121,1
32136,1
32182,1
32262,1
32313,1
32317,1
32327,1
32348,1
32359,1
32377,2
32385,1
32419,1
32429,1
32457,1
32482,1
32492,1
32563,1
32584,1
32607,1
32653,1
32682,1
32689,1
32753,1
32820,1
32821,1
32830,1
32839,1
32903,1
32933,1
32952,1
32972,1
32973,1
32978,1
32986,1
33000,1
33022,1
33034,1
33058,1
33069,1
33072,1
33103,1
33158,1
33166,1
33167,1
33180,1
33217,1
33255,1
33290,1
33299,1
33345,1
33369,1
33419,1
33484,1
33501,1
33538,1
33546,1
33559,1
33578,1
33599,1
33600,1
33630,1
33642,1
33643,1
33646,1
33687,1
33740,1
33759,1
33787,1
33794,1
33854,1
33966,1
33971,1
34068,1
34087,1
34098,1
34103,1
34135,1
34145,1
34196,1
34205,1
34257,1
34321,1
34346,1
34380,1
34381,1
34426,1
34429,1
34447,1
34457,1
34472,1
34483,1
34553,1
34564,1
34615,1
34616,1
34636,1
34685,1
34724,1
34744,1
34776,1
34791,1
34824,1
34826,1
34835,1
34865,1
34902,1
34932,1
34941,1
34950,1
34964,1
35016,1
35049,1
35131,1
35154,1
35192,1
35274,1
35286,1
35287,1
35323,1
35327,1
35425,1
35462,1
35482,1
35498,1
35507,1
35510,1
35542,1
35590,1
35631,1
35656,1
35701,1
35742,1
35768,1
35779,1
35790,1
35803,1
35827,1
35881,1
35886,1
35896,1
35909,1
35935,1
35939,1
35949,1
35955,1
35989,1
36020,1
36041,1
36061,1
36093,1
36146,1
36163,1
36193,1
36198,1
36221,1
36223,1
36235,1
36317,1
36318,1
36326,1
36375,1
36412,1
36421,1
36473,1
36542,1
36578,1
36616,1
36626,1
36641,1
36665,1
36740,1
36757,1
36767,1
36797,1
36812,1
36876,1
36932,1
37057,1
37156,1
37273,1
37295,1
37300,1
37309,1
37364,1
37378,1
37381,1
37395,1
37404,1
37435,1
37438,1
37443,1
37456,1
37483,1
37584,1
37588,1
37592,1
37598,1
37622,1
37723,1
37815,1
37819,1
37841,1
37847,1
37871,1
37926,1
37935,1
38132,1
38164,1
38221,1
38233,1
38266,1
38276,1
38397,1
38400,1
38408,1
38425,1
38466,1
38536,1
38591,1
38596,1
38625,1
38687,1
38849,1
38894,1
38991,1
39140,1
39220,1
39276,1
39342,1
39441,1
39458,1
39502,1
39650,1
39655,1
39661,1
39721,1
39728,1
39759,1
39777,1
39804,1
39876,1
39912,1
39930,1
39981,1
40004,1
40051,1
40161,1
40191,1
40260,1
40298,1
40314,1
40342,1
40413,1
40441,1
40457,1
40500,1
40542,1
40574,1
40594,1
40644,1
40647,1
40699,1
40764,1
40835,1
40837,1
40846,1
40895,1
40962,1
40985,1
41031,1
41050,1
41054,1
41079,1
41081,1
41111,1
41163,1
41181,1
41192,1
41242,1
41253,1
41327,1
41428,1
41439,1
41486,1
41656,1
41685,1
41712,1
41746,1
41768,1
41783,1
41967,1
42020,1
42078,1
42148,1
42227,1
42230,1
42267,1
42406,1
42507,1
42579,1
42626,1
42634,1
42676,1
42699,1
42755,1
42835,1
42938,1
42970,1
43078,1
43317,1
43333,1
43456,1
43470,1
43486,1
43494,1
43540,1
43781,1
43806,1
43889,1
43943,1
43998,1
44128,1
44155,1
44226,1
44312,1
44329,1
44331,1
44398,1
44447,1
44528,1
44536,1
44625,1
44717,1
44942,1
44967,1
45004,1
45008,1
45030,1
45066,1
45225,1
45236,1
45258,1
45420,1
45495,1
45521,1
45646,1
45710,1
45758,1
45985,1
46037,1
46092,1
46133,1
46191,1
46197,1
46224,1
46472,1
46517,1
46528,1
46543,1
46563,1
47090,1
47144,1
47232,1
47363,1
47695,1
47994,1
48147,1
48485,1
48546,1
48680,1
48804,1
48965,1
48995,1
49131,1
49141,1
49291,1
49382,1
49425,1
49611,1
49658,1
49687,1
49766,1
50055,1
50142,1
50213,1
50263,1
50495,1
50558,1
50641,1
50705,1
50771,1
50775,1
50905,1
50978,1
51409,1
51579,1
51586,1
51640,1
51868,1
51876,1
52102,1
52265,1
52740,1
52759,1
53123,1
53173,1
53437,1
53460,1
53574,1
53819,1
53976,1
54035,1
54144,1
54267,1
54347,1
54513,1
54626,1
54748,1
54811,1
55013,1
55102,1
55259,1
55265,1
55391,1
55504,1
55771,1
55865,1
56021,1
56055,1
56551,1
56701,1
56871,1
57190,1
57201,1
57247,1
57313,1
57599,1
57634,1
57672,1
57908,1
58659,1
58872,1
58905,1
59093,1
59373,1
59391,1
59479,1
59850,1
60197,1
60215,1
60322,1
60446,1
60676,1
60922,1
62196,1
62420,1
62590,1
62965,1
63067,1
63386,1
63576,1
65223,1
65946,1
66461,1
66956,1
67779,1
68484,1
68820,1
69805,1
69989,1
70062,1
70189,1
70374,1
70868,1
72887,1
74640,1
75117,1
75399,1
75456,1
76786,1
77654,1
78966,1
79607,1
79871,1
80696,1
82049,1
84045,1
88919,1
89568,1
98261,1
102943,1
107981,1
