onset_step,count
110,1
117,1
130,1
133,1
141,1
143,1
151,1
160,1
163,2
164,1
168,1
172,1
173,4
174,2
176,1
178,2
179,1
180,4
182,5
183,4
185,2
186,2
187,1
188,3
189,1
190,3
191,3
192,5
193,2
195,3
196,5
197,1
198,2
199,1
200,5
201,2
202,2
203,1
204,5
205,2
206,4
207,6
208,2
210,3
211,3
212,3
213,1
214,1
215,2
216,3
217,3
218,3
219,6
220,4
221,2
222,6
223,5
224,7
225,1
226,2
227,6
228,3
229,2
230,12
231,10
232,3
233,4
234,3
235,4
236,6
237,3
238,1
239,4
240,4
241,4
242,5
243,6
244,6
245,3
246,8
247,7
248,8
249,2
250,5
251,7
252,8
253,4
254,3
255,7
256,10
257,5
258,5
259,7
260,8
261,7
262,4
263,6
264,13
265,8
266,4
267,5
268,21
269,13
270,6
271,11
272,12
273,15
274,9
275,13
276,29
277,27
278,13
279,10
280,19
281,12
282,14
283,14
284,19
285,13
286,15
287,18
288,21
289,19
290,11
291,11
292,14
293,13
294,15
295,11
296,7
297,13
298,11
299,8
300,11
301,14
302,13
303,6
304,12
305,13
306,9
307,5
308,17
309,17
310,8
311,17
312,11
313,18
314,8
315,10
316,17
317,10
318,17
319,10
320,14
321,13
322,12
323,13
324,12
325,20
326,10
327,11
328,13
329,19
330,17
331,12
332,14
333,18
334,14
335,12
336,14
337,12
338,14
339,18
340,16
341,8
342,11
343,15
344,14
345,10
346,11
347,17
348,14
349,10
350,15
351,17
352,17
353,13
354,18
355,16
356,17
357,14
358,15
359,9
360,10
361,11
362,11
363,15
364,4
365,13
366,11
367,20
368,13
369,9
370,6
371,14
372,13
373,12
374,11
375,12
376,12
377,10
378,15
379,22
380,5
381,12
382,8
383,14
384,11
385,15
386,8
387,16
388,12
389,14
390,14
391,8
392,12
393,15
394,8
395,15
396,10
397,16
398,11
399,18
400,11
401,13
402,10
403,13
404,17
405,13
406,9
407,15
408,11
409,19
410,15
411,19
412,21
413,13
414,12
415,14
416,21
417,12
418,18
419,16
420,21
421,7
422,18
423,24
424,17
425,15
426,13
427,18
428,16
429,17
430,14
431,7
432,13
433,5
434,14
435,14
436,14
437,13
438,16
439,11
440,11
441,14
442,11
443,13
444,11
445,11
446,14
447,22
448,11
449,11
450,7
451,17
452,13
453,10
454,16
455,12
456,11
457,15
458,19
459,16
460,10
461,19
462,17
463,20
464,12
465,18
466,15
467,5
468,10
469,6
470,14
471,14
472,11
473,16
474,12
475,11
476,12
477,16
478,9
479,11
480,12
481,13
482,19
483,12
484,10
485,16
486,20
487,13
488,15
489,13
490,13
491,21
492,22
493,13
494,14
495,11
496,11
497,9
498,13
499,11
500,14
501,11
502,14
503,11
504,19
505,19
506,18
507,11
508,12
509,18
510,16
511,10
512,8
513,13
514,9
515,13
516,7
517,14
518,13
519,14
520,13
521,10
522,8
523,8
524,13
525,15
526,20
527,20
528,16
529,9
530,14
531,11
532,11
533,13
534,12
535,12
536,7
537,12
538,21
539,19
540,21
541,19
542,13
543,10
544,12
545,10
546,14
547,13
548,17
549,12
550,13
551,13
552,17
553,14
554,10
555,7
556,9
557,15
558,15
559,12
560,12
561,10
562,12
563,15
564,14
565,16
566,17
567,18
568,6
569,13
570,12
571,18
572,16
573,17
574,8
575,18
576,13
577,14
578,14
579,16
580,14
581,10
582,9
583,9
584,14
585,13
586,16
587,7
588,16
589,11
590,15
591,12
592,14
593,14
594,10
595,12
596,11
597,17
598,12
599,14
600,12
601,14
602,11
603,14
604,7
605,14
606,14
607,10
608,10
609,10
610,16
611,10
612,17
613,17
614,12
615,15
616,11
617,12
618,13
619,20
620,11
621,6
622,17
623,7
624,13
625,14
626,10
627,16
628,9
629,7
630,14
631,11
632,9
633,14
634,7
635,8
636,16
637,21
638,19
639,12
640,16
641,14
642,6
643,12
644,19
645,12
646,13
647,11
648,7
649,7
650,10
651,13
652,5
653,13
654,11
655,16
656,11
657,18
658,13
659,14
660,11
661,14
662,12
663,17
664,12
665,13
666,14
667,13
668,10
669,11
670,11
671,15
672,6
673,12
674,9
675,12
676,10
677,11
678,13
679,14
680,13
681,10
682,12
683,21
684,9
685,20
686,14
687,14
688,12
689,7
690,16
691,16
692,15
693,13
694,15
695,15
696,11
697,11
698,15
699,16
700,14
701,20
702,11
703,14
704,29
705,12
706,8
707,8
708,16
709,11
710,18
711,25
712,10
713,7
714,14
715,13
716,15
717,18
718,17
719,16
720,18
721,15
722,14
723,17
724,7
725,13
726,11
727,14
728,10
729,13
730,10
731,8
732,16
733,11
734,19
735,12
736,9
737,11
738,15
739,15
740,17
741,15
742,20
743,16
744,17
745,13
746,12
747,15
748,10
749,14
750,10
751,15
752,11
753,11
754,11
755,13
756,13
757,10
758,16
759,15
760,13
761,17
762,12
763,18
764,4
765,7
766,15
767,17
768,9
769,17
770,7
771,11
772,17
773,9
774,12
775,13
776,10
777,10
778,11
779,20
780,9
781,11
782,20
783,15
784,6
785,12
786,10
787,16
788,13
789,15
790,15
791,21
792,11
793,20
794,20
795,20
796,11
797,13
798,13
799,20
800,10
801,14
802,15
803,17
804,16
805,11
806,7
807,13
808,14
809,5
810,18
811,22
812,12
813,14
814,15
815,10
816,11
817,10
818,11
819,14
820,13
821,15
822,9
823,11
824,11
825,14
826,13
827,19
828,11
829,9
830,10
831,16
832,9
833,13
834,15
835,17
836,15
837,17
838,14
839,16
840,9
841,17
842,10
843,16
844,10
845,10
846,17
847,18
848,15
849,17
850,10
851,9
852,12
853,16
854,14
855,12
856,19
857,15
858,11
859,15
860,9
861,18
862,13
863,13
864,8
865,15
866,14
867,16
868,17
869,14
870,19
871,15
872,11
873,14
874,11
875,11
876,16
877,9
878,8
879,18
880,8
881,13
882,11
883,9
884,9
885,14
886,10
887,12
888,15
889,13
890,15
891,8
892,16
893,12
894,19
895,16
896,5
897,17
898,13
899,15
900,15
901,18
902,17
903,11
904,16
905,13
906,11
907,21
908,19
909,17
910,13
911,8
912,13
913,14
914,17
915,16
916,15
917,12
918,15
919,9
920,18
921,12
922,15
923,17
924,9
925,17
926,11
927,15
928,15
929,15
930,10
931,16
932,7
933,11
934,12
935,13
936,7
937,7
938,15
939,17
940,11
941,22
942,14
943,12
944,16
945,15
946,21
947,14
948,11
949,16
950,11
951,9
952,10
953,18
954,11
955,13
956,12
957,13
958,13
959,8
960,9
961,10
962,11
963,18
964,5
965,7
966,12
967,11
968,11
969,23
970,12
971,11
972,15
973,15
974,13
975,11
976,8
977,13
978,17
979,13
980,19
981,17
982,16
983,16
984,10
985,14
986,15
987,12
988,12
989,22
990,10
991,15
992,13
993,17
994,12
995,11
996,15
997,12
998,18
999,15
1000,12
1001,12
1002,18
1003,10
1004,13
1005,19
1006,8
1007,19
1008,14
1009,16
1010,12
1011,15
1012,11
1013,13
1014,10
1015,13
1016,18
1017,11
1018,9
1019,10
1020,15
1021,8
1022,14
1023,15
1024,10
1025,14
1026,10
1027,14
1028,19
1029,8
1030,12
1031,14
1032,16
1033,7
1034,13
1035,15
1036,17
1037,21
1038,12
1039,18
1040,24
1041,16
1042,20
1043,12
1044,15
1045,19
1046,13
1047,10
1048,12
1049,10
1050,9
1051,6
1052,13
1053,17
1054,16
1055,9
1056,14
1057,10
1058,19
1059,9
1060,14
1061,13
1062,17
1063,16
1064,14
1065,10
1066,13
1067,16
1068,11
1069,17
1070,12
1071,11
1072,18
1073,15
1074,8
1075,12
1076,13
1077,13
1078,16
1079,17
1080,9
1081,16
1082,16
1083,11
1084,12
1085,12
1086,15
1087,13
1088,9
1089,9
1090,10
1091,13
1092,8
1093,11
1094,15
1095,13
1096,18
1097,14
1098,9
1099,13
1100,8
1101,13
1102,16
1103,12
1104,10
1105,14
1106,13
1107,17
1108,11
1109,6
1110,19
1111,11
1112,8
1113,17
1114,17
1115,6
1116,9
1117,16
1118,10
1119,7
1120,10
1121,14
1122,13
1123,12
1124,10
1125,9
1126,7
1127,13
1128,13
1129,15
1130,10
1131,9
1132,14
1133,19
1134,8
1135,10
1136,15
1137,12
1138,8
1139,17
1140,13
1141,14
1142,14
1143,7
1144,14
1145,10
1146,13
1147,7
1148,11
1149,14
1150,8
1151,5
1152,9
1153,13
1154,14
1155,9
1156,10
1157,18
1158,10
1159,12
1160,10
1161,14
1162,5
1163,12
1164,14
1165,7
1166,13
1167,10
1168,11
1169,24
1170,16
1171,11
1172,8
1173,13
1174,13
1175,11
1176,10
1177,15
1178,8
1179,10
1180,13
1181,10
1182,16
1183,9
1184,10
1185,20
1186,8
1187,13
1188,10
1189,13
1190,15
1191,10
1192,11
1193,9
1194,8
1195,14
1196,10
1197,9
1198,10
1199,12
1200,19
1201,14
1202,11
1203,13
1204,11
1205,14
1206,12
1207,6
1208,20
1209,13
1210,6
1211,12
1212,13
1213,12
1214,12
1215,10
1216,11
1217,11
1218,9
1219,10
1220,11
1221,14
1222,13
1223,12
1224,15
1225,11
1226,8
1227,8
1228,10
1229,10
1230,13
1231,9
1232,10
1233,13
1234,11
1235,9
1236,9
1237,6
1238,13
1239,10
1240,8
1241,4
1242,8
1243,16
1244,14
1245,15
1246,13
1247,12
1248,13
1249,12
1250,11
1251,9
1252,11
1253,11
1254,9
1255,14
1256,11
1257,12
1258,5
1259,9
1260,9
1261,13
1262,10
1263,10
1264,8
1265,8
1266,7
1267,11
1268,9
1269,10
1270,10
1271,11
1272,11
1273,4
1274,11
1275,13
1276,8
1277,18
1278,4
1279,12
1280,13
1281,11
1282,11
1283,12
1284,10
1285,18
1286,10
1287,5
1288,12
1289,22
1290,7
1291,11
1292,10
1293,10
1294,11
1295,19
1296,16
1297,11
1298,7
1299,12
1300,12
1301,6
1302,15
1303,7
1304,8
1305,8
1306,9
1307,8
1308,9
1309,8
1310,13
1311,9
1312,14
1313,14
1314,9
1315,10
1316,10
1317,12
1318,14
1319,7
1320,14
1321,7
1322,7
1323,7
1324,11
1325,15
1326,9
1327,6
1328,10
1329,11
1330,11
1331,20
1332,17
1333,11
1334,11
1335,9
1336,14
1337,16
1338,13
1339,9
1340,11
1341,14
1342,11
1343,6
1344,11
1345,8
1346,6
1347,7
1348,13
1349,9
1350,9
1351,10
1352,10
1353,10
1354,8
1355,13
1356,10
1357,10
1358,10
1359,10
1360,11
1361,6
1362,12
1363,11
1364,10
1365,12
1366,17
1367,11
1368,14
1369,17
1370,10
1371,9
1372,11
1373,13
1374,6
1375,11
1376,8
1377,7
1378,10
1379,4
1380,6
1381,7
1382,8
1383,12
1384,10
1385,14
1386,19
1387,12
1388,9
1389,14
1390,13
1391,8
1392,11
1393,10
1394,8
1395,15
1396,6
1397,9
1398,7
1399,6
1400,6
1401,11
1402,10
1403,7
1404,8
1405,14
1406,8
1407,9
1408,15
1409,10
1410,7
1411,9
1412,12
1413,12
1414,7
1415,9
1416,13
1417,13
1418,9
1419,10
1420,16
1421,12
1422,9
1423,8
1424,4
1425,10
1426,11
1427,8
1428,9
1429,8
1430,10
1431,9
1432,12
1433,10
1434,6
1435,4
1436,9
1437,11
1438,11
1439,15
1440,11
1441,8
1442,20
1443,13
1444,9
1445,12
1446,16
1447,9
1448,10
1449,8
1450,18
1451,12
1452,13
1453,10
1454,12
1455,13
1456,11
1457,16
1458,13
1459,9
1460,10
1461,3
1462,6
1463,17
1464,9
1465,13
1466,14
1467,6
1468,10
1469,9
1470,11
1471,13
1472,11
1473,8
1474,4
1475,9
1476,11
1477,8
1478,8
1479,10
1480,10
1481,11
1482,10
1483,8
1484,12
1485,8
1486,8
1487,8
1488,15
1489,10
1490,10
1491,5
1492,10
1493,13
1494,7
1495,7
1496,15
1497,7
1498,11
1499,8
1500,12
1501,12
1502,14
1503,15
1504,7
1505,12
1506,20
1507,13
1508,16
1509,8
1510,8
1511,8
1512,8
1513,9
1514,11
1515,10
1516,11
1517,11
1518,5
1519,10
1520,7
1521,6
1522,11
1523,7
1524,9
1525,12
1526,12
1527,16
1528,8
1529,9
1530,10
1531,14
1532,6
1533,12
1534,12
1535,5
1536,7
1537,7
1538,7
1539,7
1540,11
1541,7
1542,10
1543,9
1544,11
1545,11
1546,7
1547,11
1548,12
1549,8
1550,11
1551,11
1552,13
1553,9
1554,10
1555,9
1556,5
1557,7
1558,11
1559,8
1560,12
1561,12
1562,14
1563,6
1564,13
1565,10
1566,6
1567,11
1568,10
1569,8
1570,10
1571,8
1572,13
1573,11
1574,10
1575,13
1576,16
1577,11
1578,8
1579,14
1580,11
1581,15
1582,15
1583,8
1584,10
1585,13
1586,6
1587,11
1588,11
1589,8
1590,13
1591,5
1592,4
1593,10
1594,18
1595,10
1596,9
1597,9
1598,12
1599,15
1600,13
1601,10
1602,17
1603,7
1604,17
1605,9
1606,9
1607,10
1608,7
1609,9
1610,11
1611,16
1612,7
1613,5
1614,10
1615,12
1616,7
1617,14
1618,7
1619,5
1620,14
1621,9
1622,6
1623,10
1624,12
1625,7
1626,10
1627,3
1628,10
1629,14
1630,9
1631,11
1632,9
1633,13
1634,8
1635,8
1636,8
1637,5
1638,9
1639,9
1640,9
1641,14
1642,11
1643,12
1644,9
1645,13
1646,9
1647,15
1648,8
1649,10
1650,6
1651,8
1652,11
1653,7
1654,9
1655,9
1656,6
1657,6
1658,9
1659,11
1660,4
1661,6
1662,13
1663,12
1664,9
1665,7
1666,10
1667,10
1668,7
1669,7
1670,10
1671,7
1672,13
1673,12
1674,5
1675,13
1676,11
1677,12
1678,4
1679,9
1680,9
1681,15
1682,10
1683,7
1684,8
1685,6
1686,9
1687,9
1688,6
1689,14
1690,8
1691,7
1692,6
1693,9
1694,12
1695,14
1696,5
1697,4
1698,9
1699,8
1700,11
1701,10
1702,8
1703,7
1704,9
1705,10
1706,8
1707,5
1708,7
1709,12
1710,7
1711,13
1712,7
1713,8
1714,14
1715,11
1716,9
1717,13
1718,11
1719,10
1720,4
1721,8
1722,8
1723,11
1724,8
1725,10
1726,6
1727,8
1728,10
1729,9
1730,14
1731,7
1732,7
1733,7
1734,5
1735,2
1736,10
1737,5
1738,7
1739,10
1740,2
1741,13
1742,8
1743,10
1744,14
1745,8
1746,15
1747,3
1748,10
1749,9
1750,5
1751,9
1752,9
1753,11
1754,8
1755,5
1756,7
1757,10
1758,7
1759,6
1760,11
1761,9
1762,13
1763,14
1764,11
1765,11
1766,9
1767,8
1768,11
1769,9
1770,6
1771,13
1772,9
1773,7
1774,8
1775,12
1776,5
1777,6
1778,8
1779,6
1780,12
1781,9
1782,11
1783,11
1784,10
1785,5
1786,6
1787,4
1788,6
1789,9
1790,9
1791,6
1792,5
1793,9
1794,11
1795,12
1796,5
1797,8
1798,14
1799,9
1800,12
1801,7
1802,9
1803,13
1804,7
1805,14
1806,9
1807,5
1808,6
1809,8
1810,8
1811,10
1812,11
1813,8
1814,6
1815,8
1816,7
1817,12
1818,9
1819,14
1820,8
1821,9
1822,7
1823,9
1824,10
1825,7
1826,6
1827,6
1828,9
1829,8
1830,7
1831,9
1832,10
1833,14
1834,9
1835,9
1836,9
1837,12
1838,12
1839,6
1840,8
1841,12
1842,13
1843,10
1844,5
1845,8
1846,7
1847,5
1848,9
1849,12
1850,6
1851,10
1852,8
1853,10
1854,9
1855,8
1856,3
1857,8
1858,12
1859,9
1860,7
1861,3
1862,13
1863,9
1864,11
1865,11
1866,8
1867,8
1868,11
1869,11
1870,12
1871,7
1872,10
1873,11
1874,5
1875,14
1876,9
1877,7
1878,8
1879,14
1880,11
1881,12
1882,8
1883,9
1884,4
1885,9
1886,12
1887,10
1888,8
1889,6
1890,10
1891,8
1892,7
1893,7
1894,6
1895,9
1896,9
1897,9
1898,5
1899,6
1900,6
1901,9
1902,9
1903,9
1904,7
1905,6
1906,9
1907,9
1908,7
1909,12
1910,4
1911,8
1912,10
1913,3
1914,13
1915,4
1916,11
1917,9
1918,8
1919,8
1920,8
1921,9
1922,6
1923,4
1924,6
1925,14
1926,9
1927,8
1928,5
1929,6
1930,1
1931,11
1932,9
1933,12
1934,8
1935,12
1936,6
1937,5
1938,7
1939,9
1940,6
1941,11
1942,7
1943,10
1944,12
1945,10
1946,7
1947,12
1948,8
1949,12
1950,11
1951,13
1952,8
1953,8
1954,13
1955,6
1956,5
1957,7
1958,8
1959,10
1960,5
1961,8
1962,3
1963,8
1964,8
1965,9
1966,13
1967,10
1968,10
1969,7
1970,12
1971,7
1972,10
1973,7
1974,4
1975,5
1976,10
1977,6
1978,12
1979,10
1980,2
1981,7
1982,9
1983,9
1984,5
1985,11
1986,9
1987,8
1988,11
1989,5
1990,8
1991,6
1992,8
1993,5
1994,8
1995,10
1996,7
1997,1
1998,10
1999,6
2000,14
2001,8
2002,5
2003,10
2004,9
2005,5
2006,9
2007,6
2008,8
2009,15
2010,5
2011,10
2012,8
2013,9
2014,8
2015,9
2016,6
2017,7
2018,11
2019,15
2020,4
2021,5
2022,7
2023,6
2024,9
2025,14
2026,9
2027,7
2028,8
2029,8
2030,7
2031,6
2032,6
2033,9
2034,8
2035,10
2036,13
2037,8
2038,7
2039,8
2040,5
2041,8
2042,9
2043,10
2044,11
2045,11
2046,11
2047,9
2048,10
2049,10
2050,11
2051,11
2052,8
2053,6
2054,5
2055,5
2056,6
2057,13
2058,8
2059,6
2060,6
2061,7
2062,3
2063,7
2064,6
2065,7
2066,6
2067,14
2068,14
2069,7
2070,7
2071,7
2072,11
2073,15
2074,7
2075,15
2076,7
2077,3
2078,8
2079,11
2080,7
2081,6
2082,8
2083,8
2084,11
2085,4
2086,8
2087,5
2088,5
2089,8
2090,3
2091,6
2092,8
2093,8
2094,6
2095,7
2096,6
2097,5
2098,6
2099,10
2100,7
2101,11
2102,10
2103,10
2104,4
2105,7
2106,5
2107,8
2108,8
2109,10
2110,10
2111,10
2112,6
2113,11
2114,8
2115,7
2116,8
2117,12
2118,5
2119,9
2120,8
2121,9
2122,5
2123,8
2124,11
2125,7
2126,8
2127,8
2128,10
2129,4
2130,5
2131,9
2132,8
2133,4
2134,7
2135,9
2136,4
2137,5
2138,2
2139,7
2140,4
2141,4
2142,5
2143,9
2144,11
2145,5
2146,7
2147,9
2148,8
2149,5
2150,6
2151,6
2152,9
2153,7
2154,8
2155,4
2156,9
2157,4
2158,5
2159,7
2160,7
2161,6
2162,11
2163,5
2164,11
2165,10
2166,8
2167,13
2168,11
2169,4
2170,7
2171,12
2172,7
2173,6
2174,5
2175,9
2176,8
2177,7
2178,6
2179,5
2180,6
2181,6
2182,7
2183,1
2184,8
2185,1
2186,4
2187,8
2188,6
2189,8
2190,5
2191,14
2192,11
2193,3
2194,7
2195,7
2196,9
2197,8
2198,8
2199,6
2200,3
2201,7
2202,7
2203,6
2204,14
2205,5
2206,11
2207,8
2208,7
2209,8
2210,6
2211,6
2212,7
2213,11
2214,8
2215,12
2216,11
2217,11
2218,6
2219,9
2220,6
2221,4
2222,5
2223,5
2224,4
2225,3
2226,5
2227,9
2228,6
2229,4
2230,7
2231,8
2232,7
2233,9
2234,8
2235,12
2236,5
2237,10
2238,7
2239,12
2240,5
2241,8
2242,7
2243,11
2244,5
2245,8
2246,9
2247,6
2248,7
2249,6
2250,1
2251,5
2252,11
2253,10
2254,4
2255,4
2256,12
2257,10
2258,5
2259,7
2260,3
2261,7
2262,8
2263,5
2264,6
2265,6
2266,5
2267,7
2268,8
2269,8
2270,7
2271,7
2272,5
2273,9
2274,10
2275,9
2276,8
2277,3
2278,15
2279,8
2280,6
2281,4
2282,9
2283,7
2284,6
2285,7
2286,5
2287,8
2288,4
2289,5
2290,6
2291,6
2292,6
2293,7
2294,8
2295,10
2296,9
2297,8
2298,7
2299,5
2300,10
2301,5
2302,5
2303,5
2304,7
2305,3
2306,5
2307,8
2308,4
2309,7
2310,8
2311,9
2312,7
2313,3
2314,6
2315,6
2316,5
2317,6
2318,11
2319,3
2320,9
2321,7
2322,5
2323,7
2324,7
2325,4
2326,5
2327,3
2328,7
2329,10
2330,12
2331,12
2332,8
2333,8
2334,9
2335,6
2336,3
2337,7
2338,6
2339,10
2340,8
2341,10
2342,6
2343,9
2344,6
2345,5
2346,9
2347,11
2348,5
2349,3
2350,8
2351,9
2352,8
2353,8
2354,9
2355,8
2356,10
2357,7
2358,1
2359,6
2360,12
2361,8
2362,9
2363,3
2364,9
2365,7
2366,7
2367,5
2368,9
2369,5
2370,4
2371,5
2372,4
2373,11
2374,6
2375,5
2376,7
2377,4
2378,8
2379,7
2380,11
2381,8
2382,6
2383,12
2384,2
2385,12
2386,3
2387,7
2388,3
2389,8
2390,4
2391,6
2392,12
2393,11
2394,8
2395,8
2396,10
2397,13
2398,4
2399,9
2400,7
2401,10
2402,11
2403,7
2404,6
2405,5
2406,9
2407,5
2408,4
2409,6
2410,7
2411,7
2412,7
2413,10
2414,5
2415,5
2416,10
2417,10
2418,10
2419,5
2420,5
2421,10
2422,8
2423,7
2424,9
2425,8
2426,6
2427,7
2428,6
2429,7
2430,7
2431,14
2432,10
2433,11
2434,4
2435,6
2436,8
2437,10
2438,8
2439,6
2440,7
2441,6
2442,5
2443,4
2445,6
2446,6
2447,9
2448,6
2449,8
2450,6
2451,7
2452,8
2453,5
2454,6
2455,5
2456,12
2457,6
2458,6
2459,3
2460,9
2461,5
2462,9
2463,7
2464,9
2465,5
2466,5
2467,5
2468,6
2469,6
2470,2
2471,11
2472,4
2473,7
2474,9
2475,3
2476,1
2477,6
2478,8
2479,6
2480,6
2481,6
2482,3
2483,3
2484,5
2485,4
2486,5
2487,6
2488,4
2489,2
2490,5
2491,8
2492,6
2493,8
2494,3
2495,6
2496,6
2497,2
2498,6
2499,3
2500,11
2501,6
2502,4
2503,9
2504,4
2505,6
2506,7
2507,4
2508,7
2509,3
2510,6
2511,7
2512,5
2513,6
2514,6
2515,6
2516,5
2517,6
2518,4
2519,8
2520,11
2521,7
2522,6
2523,1
2524,10
2525,6
2526,4
2527,4
2528,6
2529,6
2530,8
2531,7
2532,9
2533,8
2534,8
2535,2
2536,4
2537,2
2538,5
2539,8
2540,9
2541,6
2542,4
2543,8
2544,6
2545,4
2546,6
2547,6
2548,6
2549,3
2550,3
2551,8
2552,5
2553,4
2554,5
2555,5
2556,6
2557,4
2558,5
2559,8
2560,5
2561,7
2562,10
2563,5
2564,9
2565,5
2567,3
2568,7
2569,6
2570,5
2571,6
2572,6
2573,6
2574,5
2575,7
2576,4
2577,4
2578,5
2579,7
2580,6
2581,3
2582,2
2583,11
2584,11
2585,4
2586,4
2587,2
2588,10
2589,7
2590,8
2591,4
2592,6
2593,6
2594,3
2595,4
2596,5
2597,7
2598,8
2599,5
2600,8
2601,6
2602,3
2603,8
2604,3
2605,8
2606,4
2607,9
2608,12
2609,4
2610,6
2611,11
2612,4
2613,4
2614,5
2615,6
2616,9
2617,9
2618,5
2619,5
2620,8
2621,10
2622,6
2623,5
2624,10
2625,6
2626,5
2627,5
2628,6
2629,5
2630,5
2631,8
2632,7
2633,7
2634,8
2635,7
2636,12
2637,5
2638,7
2639,5
2640,7
2641,5
2642,7
2643,4
2644,5
2645,3
2646,2
2647,6
2648,5
2649,9
2650,4
2651,13
2652,8
2653,5
2654,2
2655,7
2656,6
2657,6
2658,9
2659,3
2660,3
2661,6
2662,7
2663,10
2664,8
2665,5
2666,6
2667,11
2668,5
2669,5
2670,3
2671,8
2672,3
2673,3
2674,10
2675,5
2676,11
2677,8
2678,6
2679,8
2680,11
2681,6
2682,3
2683,8
2684,7
2685,4
2686,6
2687,8
2688,5
2689,10
2690,8
2691,9
2692,7
2693,4
2694,6
2695,3
2696,3
2697,8
2698,6
2699,5
2700,5
2701,10
2702,7
2703,4
2704,10
2705,5
2706,8
2707,7
2708,10
2709,7
2710,9
2711,9
2712,4
2713,5
2715,5
2716,9
2717,13
2718,9
2719,5
2720,5
2721,4
2722,5
2723,7
2724,6
2725,4
2726,9
2727,4
2728,9
2729,9
2730,4
2731,5
2732,2
2733,12
2734,5
2735,5
2736,5
2737,10
2738,6
2739,6
2740,8
2741,10
2742,3
2743,9
2744,4
2745,5
2746,9
2747,4
2748,5
2749,7
2750,7
2751,7
2752,8
2753,3
2754,3
2755,4
2756,4
2757,7
2758,4
2759,5
2760,7
2761,11
2762,3
2763,8
2764,7
2765,6
2766,9
2767,5
2768,5
2769,5
2770,8
2771,1
2772,4
2773,9
2774,5
2775,3
2776,7
2777,6
2778,14
2779,10
2780,4
2781,3
2782,7
2783,5
2784,11
2785,10
2786,7
2787,6
2788,13
2789,7
2790,4
2791,7
2792,5
2793,4
2794,8
2795,9
2796,8
2797,5
2798,7
2799,5
2800,4
2801,8
2802,6
2803,6
2804,5
2805,2
2806,2
2807,5
2808,10
2809,7
2810,5
2811,6
2812,12
2813,5
2814,4
2815,4
2816,7
2817,7
2818,5
2819,3
2820,6
2821,6
2823,4
2824,8
2825,6
2826,4
2827,10
2828,3
2829,13
2830,1
2831,7
2832,6
2833,1
2834,5
2835,6
2836,8
2837,4
2838,8
2839,6
2840,2
2841,4
2842,4
2843,6
2844,8
2845,5
2846,3
2847,10
2848,5
2849,8
2850,6
2851,5
2852,7
2853,3
2854,6
2855,5
2856,8
2857,4
2858,7
2859,6
2860,4
2861,5
2862,7
2863,4
2864,4
2865,7
2866,3
2867,9
2868,8
2869,4
2870,6
2871,7
2872,1
2873,9
2874,5
2875,3
2876,6
2877,6
2878,4
2879,2
2880,6
2881,6
2882,4
2883,3
2884,8
2885,4
2886,8
2887,5
2888,6
2889,7
2890,4
2891,7
2892,11
2893,2
2894,3
2895,5
2896,6
2897,8
2898,3
2899,10
2900,4
2901,3
2902,3
2903,4
2904,5
2905,4
2906,7
2907,2
2908,5
2909,3
2910,5
2911,6
2912,6
2913,8
2914,6
2915,5
2916,4
2917,6
2918,7
2919,6
2920,6
2921,4
2922,7
2923,4
2924,2
2925,9
2926,8
2927,3
2928,3
2929,4
2930,3
2931,7
2932,3
2933,11
2934,9
2935,9
2936,9
2937,5
2938,3
2939,9
2940,5
2941,5
2942,8
2943,4
2944,4
2945,7
2946,4
2947,5
2948,2
2949,9
2950,6
2951,5
2952,9
2953,5
2954,4
2955,6
2956,7
2957,4
2958,4
2959,4
2960,8
2961,7
2962,7
2963,6
2964,10
2965,3
2966,7
2967,6
2968,6
2969,5
2970,5
2971,7
2972,6
2973,3
2974,4
2975,6
2976,9
2977,8
2978,3
2979,3
2980,8
2981,6
2982,6
2983,6
2984,3
2985,8
2986,6
2987,1
2988,8
2989,7
2990,8
2991,7
2992,4
2993,6
2994,8
2995,4
2996,3
2997,7
2998,3
2999,7
3000,5
3001,5
3002,6
3003,8
3004,6
3005,8
3006,5
3007,5
3008,2
3009,7
3010,10
3011,5
3012,3
3013,5
3014,8
3015,7
3016,6
3017,4
3018,2
3019,9
3020,8
3021,8
3022,6
3023,8
3024,6
3025,6
3026,3
3027,10
3028,6
3029,3
3030,10
3031,4
3032,3
3033,3
3034,7
3035,5
3036,5
3037,5
3038,2
3039,5
3040,5
3041,4
3042,3
3043,3
3044,3
3045,7
3046,7
3047,6
3048,7
3049,3
3050,6
3051,4
3052,4
3053,5
3054,6
3055,5
3056,2
3057,4
3058,6
3059,2
3060,2
3061,5
3062,5
3063,6
3064,7
3065,4
3066,10
3067,3
3068,8
3069,3
3070,5
3071,7
3072,2
3073,6
3074,5
3075,2
3076,8
3077,5
3078,9
3079,5
3080,2
3081,1
3082,3
3083,9
3084,6
3085,6
3086,6
3087,5
3088,5
3089,1
3090,7
3091,7
3092,7
3093,4
3094,6
3095,8
3096,1
3097,5
3098,7
3099,9
3100,6
3101,6
3102,6
3103,2
3104,6
3105,7
3106,6
3107,6
3108,9
3109,2
3110,6
3111,3
3112,10
3113,9
3114,7
3115,2
3116,6
3117,3
3118,7
3119,6
3120,3
3121,6
3122,5
3123,6
3124,8
3125,5
3126,4
3127,7
3128,8
3129,6
3130,3
3131,3
3132,10
3133,2
3134,5
3135,5
3136,7
3137,8
3138,7
3139,7
3140,2
3141,3
3142,4
3143,5
3144,2
3145,8
3146,7
3147,3
3148,5
3149,5
3150,3
3151,6
3152,4
3153,6
3154,4
3155,6
3156,13
3157,5
3158,11
3159,8
3160,4
3161,3
3162,6
3163,4
3164,5
3165,4
3166,3
3167,6
3168,7
3169,6
3170,2
3171,3
3172,5
3173,5
3174,6
3175,11
3176,2
3177,3
3178,3
3179,2
3180,4
3181,6
3182,4
3183,3
3184,8
3185,6
3186,4
3187,4
3188,7
3189,2
3190,3
3191,3
3192,4
3193,3
3194,2
3195,6
3196,7
3197,7
3198,7
3199,4
3200,2
3201,2
3202,6
3203,4
3204,3
3205,9
3206,7
3207,9
3208,4
3209,6
3210,4
3211,4
3212,3
3213,2
3214,4
3215,5
3216,7
3217,5
3218,2
3219,3
3220,7
3221,5
3222,6
3223,4
3224,2
3225,3
3226,6
3227,4
3228,4
3229,3
3230,5
3231,5
3232,2
3233,2
3234,8
3235,7
3236,10
3237,6
3238,7
3239,4
3240,7
3241,5
3242,2
3243,7
3245,4
3246,4
3247,4
3248,9
3249,6
3250,7
3251,6
3252,5
3253,6
3254,4
3255,2
3256,4
3257,7
3258,7
3259,1
3260,2
3261,13
3262,5
3263,6
3264,6
3265,7
3266,10
3267,5
3268,6
3269,6
3270,10
3271,8
3272,6
3273,7
3274,9
3275,4
3276,8
3277,10
3278,2
3279,8
3280,5
3281,4
3282,6
3283,4
3284,3
3285,6
3286,5
3287,6
3288,4
3289,5
3290,9
3291,3
3292,7
3293,6
3294,6
3295,5
3296,7
3297,4
3298,2
3299,9
3300,5
3301,6
3302,12
3303,10
3304,3
3305,6
3306,2
3307,1
3308,3
3309,5
3310,7
3311,5
3312,5
3313,2
3314,5
3315,2
3316,5
3317,6
3318,6
3319,6
3320,11
3321,7
3322,3
3323,1
3324,7
3325,4
3326,6
3327,4
3328,8
3329,2
3330,5
3331,7
3332,6
3333,1
3334,7
3335,3
3336,8
3337,4
3338,7
3339,3
3340,3
3341,3
3342,2
3343,6
3344,4
3345,6
3346,6
3347,9
3348,3
3349,5
3350,7
3351,6
3352,5
3353,5
3354,4
3355,2
3356,2
3357,5
3358,3
3359,6
3360,4
3361,4
3362,3
3363,2
3364,1
3365,2
3366,4
3367,4
3368,9
3369,3
3370,4
3371,3
3372,4
3373,4
3374,8
3375,4
3376,5
3377,2
3378,3
3379,5
3380,3
3381,3
3382,3
3383,3
3384,6
3385,3
3386,3
3387,4
3388,5
3389,8
3390,6
3391,5
3392,1
3393,3
3394,3
3395,4
3396,4
3397,2
3398,3
3399,2
3400,5
3401,4
3402,4
3403,4
3404,2
3405,5
3406,7
3407,7
3408,3
3409,2
3410,5
3411,9
3412,3
3413,3
3414,4
3415,1
3416,5
3417,6
3418,3
3419,6
3420,6
3421,5
3422,4
3423,4
3424,4
3425,7
3426,5
3427,5
3428,8
3429,7
3430,6
3431,3
3432,2
3433,7
3434,3
3435,8
3436,3
3437,4
3438,6
3439,7
3440,11
3441,8
3442,3
3443,5
3444,2
3445,3
3446,5
3447,6
3448,6
3449,4
3450,7
3451,2
3452,5
3453,4
3454,3
3455,5
3456,8
3457,2
3458,3
3459,2
3460,4
3461,5
3462,3
3463,4
3464,4
3465,3
3466,8
3467,5
3468,6
3469,2
3470,6
3471,5
3472,8
3473,5
3474,2
3475,8
3476,7
3477,7
3478,7
3479,6
3480,3
3481,7
3482,9
3483,4
3484,4
3485,4
3486,6
3487,6
3488,6
3489,8
3490,2
3491,6
3492,6
3493,2
3494,7
3495,6
3496,4
3497,6
3498,7
3499,11
3500,2
3501,4
3502,5
3503,7
3504,7
3505,11
3506,4
3507,6
3508,1
3509,1
3510,5
3511,2
3512,7
3513,8
3514,4
3515,5
3516,2
3517,4
3518,4
3519,2
3520,6
3521,11
3522,3
3523,2
3524,4
3525,2
3526,7
3527,9
3528,6
3529,5
3530,6
3531,3
3532,2
3533,5
3534,5
3535,4
3536,4
3537,3
3538,4
3539,6
3540,6
3541,6
3542,8
3543,5
3544,10
3545,5
3546,3
3547,6
3548,4
3549,6
3550,9
3551,3
3552,5
3553,5
3554,3
3555,3
3556,7
3557,10
3558,2
3559,8
3560,3
3561,6
3562,5
3563,5
3564,6
3565,4
3566,5
3567,4
3568,6
3569,7
3570,4
3571,6
3572,4
3573,2
3574,4
3575,5
3576,7
3577,3
3578,7
3579,6
3580,4
3581,5
3582,7
3583,2
3584,9
3585,5
3586,4
3587,1
3588,3
3589,4
3590,5
3591,6
3592,5
3593,9
3594,5
3595,4
3596,2
3598,3
3600,4
3601,5
3602,4
3603,1
3604,6
3605,6
3606,5
3607,3
3608,6
3609,4
3610,6
3611,5
3612,6
3613,4
3614,4
3615,3
3616,1
3617,6
3618,6
3619,3
3620,5
3621,2
3622,3
3623,3
3624,4
3625,2
3626,9
3627,10
3628,4
3629,5
3630,5
3631,5
3632,6
3633,3
3634,3
3635,4
3636,4
3637,2
3639,5
3640,4
3641,4
3642,5
3643,5
3644,5
3645,3
3646,3
3647,7
3648,6
3649,1
3650,2
3651,4
3652,3
3653,6
3654,7
3655,5
3656,5
3657,5
3658,7
3659,2
3660,6
3661,9
3662,4
3663,4
3664,2
3665,6
3666,2
3667,2
3668,3
3669,7
3670,2
3671,5
3672,3
3674,5
3675,8
3676,6
3677,4
3678,4
3679,3
3680,4
3681,2
3682,8
3683,8
3684,5
3685,2
3686,3
3687,1
3688,8
3689,4
3690,7
3691,3
3692,5
3693,5
3694,7
3695,4
3696,5
3697,6
3698,5
3699,5
3700,1
3701,4
3702,2
3703,2
3704,6
3705,3
3706,6
3707,2
3708,6
3709,3
3710,2
3711,7
3712,3
3713,1
3714,6
3715,6
3716,4
3717,5
3718,1
3719,4
3720,4
3721,4
3722,4
3723,4
3724,4
3725,7
3726,6
3727,6
3728,6
3729,7
3730,4
3731,3
3732,4
3733,11
3734,6
3735,2
3736,6
3737,4
3738,6
3739,3
3740,6
3741,6
3742,1
3743,3
3744,4
3745,7
3746,4
3747,4
3748,2
3749,5
3750,2
3751,3
3752,2
3753,2
3754,3
3755,6
3756,4
3757,1
3758,5
3759,6
3760,4
3761,3
3762,5
3763,5
3764,5
3765,4
3766,4
3767,8
3768,5
3769,4
3770,7
3771,2
3772,4
3773,3
3774,4
3775,2
3776,2
3777,6
3778,4
3779,2
3780,7
3781,8
3782,6
3783,3
3784,5
3785,4
3786,5
3787,3
3788,8
3789,5
3790,2
3791,5
3792,6
3793,2
3794,4
3795,6
3796,4
3797,6
3798,2
3799,3
3800,2
3801,5
3802,3
3803,3
3804,4
3805,6
3806,4
3807,4
3808,8
3809,4
3810,2
3811,6
3812,8
3813,4
3814,3
3815,3
3816,7
3817,3
3818,8
3819,5
3820,4
3821,4
3822,7
3823,4
3824,5
3825,6
3827,5
3828,2
3829,4
3830,2
3831,7
3832,4
3833,9
3834,3
3835,5
3836,4
3837,4
3838,3
3839,5
3840,3
3841,5
3842,2
3843,6
3844,5
3845,3
3846,4
3847,3
3848,5
3849,4
3850,4
3851,1
3852,4
3853,4
3854,6
3855,8
3856,6
3857,4
3858,4
3859,1
3860,2
3861,6
3862,2
3863,3
3864,7
3865,4
3866,3
3867,6
3868,3
3869,6
3870,6
3871,5
3872,6
3873,4
3874,9
3875,5
3876,2
3877,2
3878,4
3880,7
3881,6
3882,4
3883,2
3884,5
3885,3
3886,5
3887,6
3888,3
3889,6
3890,4
3891,3
3892,3
3893,3
3894,5
3895,5
3896,3
3897,5
3898,4
3899,1
3900,4
3901,3
3902,7
3903,6
3904,2
3905,7
3906,5
3907,9
3908,3
3909,4
3910,6
3911,8
3912,3
3913,7
3914,5
3915,2
3916,6
3917,3
3918,2
3919,4
3920,2
3921,3
3922,4
3923,1
3925,8
3926,5
3927,1
3928,3
3929,1
3930,1
3931,2
3932,5
3933,7
3934,3
3935,5
3936,2
3937,1
3938,5
3939,4
3940,2
3941,2
3942,3
3943,4
3944,4
3945,4
3946,1
3947,2
3948,5
3949,2
3950,3
3951,3
3952,4
3953,4
3954,3
3955,4
3956,3
3957,3
3958,4
3959,6
3960,4
3961,2
3962,5
3963,2
3964,4
3965,1
3966,4
3967,2
3968,4
3969,7
3970,6
3971,8
3972,4
3973,5
3974,8
3975,5
3976,5
3977,1
3978,4
3979,5
3980,3
3981,8
3982,3
3983,3
3984,3
3985,1
3986,4
3987,3
3988,3
3989,4
3990,3
3991,3
3992,1
3993,2
3994,6
3995,4
3996,4
3997,4
3998,3
4000,9
4001,1
4002,1
4003,6
4004,2
4005,3
4006,1
4007,7
4008,5
4009,8
4010,4
4011,3
4012,4
4013,4
4014,5
4015,5
4016,9
4017,4
4018,2
4019,2
4020,6
4021,4
4022,1
4023,3
4024,3
4025,4
4026,2
4027,6
4028,3
4029,3
4030,3
4031,2
4032,4
4033,2
4034,5
4035,2
4036,8
4037,1
4038,5
4039,3
4040,2
4041,2
4042,2
4043,4
4044,2
4045,4
4046,4
4047,3
4048,2
4049,4
4050,3
4051,3
4052,2
4053,1
4054,4
4055,4
4056,5
4057,2
4058,6
4059,6
4060,3
4061,5
4062,6
4063,7
4064,3
4065,3
4066,5
4067,3
4068,5
4069,5
4071,2
4072,7
4073,4
4074,2
4075,4
4076,8
4077,1
4078,8
4079,3
4080,4
4081,4
4082,5
4083,5
4084,5
4085,3
4086,2
4087,6
4088,4
4089,1
4091,2
4092,4
4093,6
4094,4
4095,1
4096,4
4097,5
4098,5
4099,2
4100,5
4101,3
4102,1
4103,2
4104,4
4105,8
4106,3
4107,7
4108,2
4109,2
4110,2
4111,4
4112,3
4113,2
4114,4
4115,3
4116,2
4117,2
4118,4
4119,2
4120,4
4122,3
4123,3
4124,3
4125,3
4126,4
4127,6
4128,2
4129,6
4130,4
4131,1
4132,1
4133,5
4134,4
4135,1
4136,3
4138,1
4139,4
4140,8
4142,6
4143,1
4144,3
4145,4
4146,1
4147,3
4148,6
4149,8
4151,2
4152,3
4153,3
4154,2
4155,4
4156,1
4157,2
4158,4
4159,2
4160,4
4161,7
4162,5
4163,3
4164,1
4165,2
4166,5
4167,4
4168,5
4169,3
4170,2
4171,8
4172,2
4173,6
4174,3
4175,6
4176,3
4177,2
4178,8
4179,1
4181,2
4182,5
4183,6
4184,4
4185,2
4186,5
4187,3
4188,4
4189,7
4190,7
4191,1
4193,3
4194,6
4196,4
4197,2
4198,3
4199,1
4200,2
4201,3
4202,5
4203,4
4204,2
4205,3
4206,1
4207,4
4208,3
4209,2
4210,2
4212,5
4213,2
4214,4
4215,2
4216,4
4217,5
4218,2
4219,4
4220,3
4221,1
4222,7
4223,5
4224,5
4225,1
4226,2
4227,4
4228,4
4229,6
4230,3
4231,3
4232,5
4233,2
4234,3
4235,4
4236,3
4237,3
4238,2
4239,7
4240,7
4241,3
4242,7
4243,5
4244,2
4245,3
4246,4
4247,4
4248,5
4249,1
4250,6
4251,1
4252,5
4253,5
4254,4
4255,5
4256,5
4257,4
4258,5
4259,3
4260,2
4261,4
4262,4
4263,5
4264,2
4265,2
4266,6
4267,5
4268,2
4269,3
4270,4
4271,8
4272,11
4273,6
4274,6
4275,4
4276,4
4277,5
4278,4
4279,5
4280,3
4281,3
4282,7
4283,3
4284,2
4285,4
4286,1
4287,3
4288,1
4289,5
4290,3
4291,4
4292,1
4293,3
4294,5
4295,5
4296,1
4297,2
4298,2
4299,2
4300,2
4301,3
4302,3
4303,5
4304,2
4305,3
4306,2
4307,2
4308,2
4309,5
4310,1
4311,3
4312,2
4313,3
4314,6
4315,5
4316,3
4318,2
4319,4
4320,3
4321,3
4322,5
4323,4
4324,5
4325,6
4326,3
4327,2
4328,3
4329,6
4330,4
4331,6
4332,7
4333,3
4334,8
4335,4
4336,6
4337,5
4338,2
4339,2
4340,1
4341,4
4343,2
4344,5
4345,1
4346,5
4347,6
4348,4
4349,4
4350,3
4351,5
4352,2
4353,5
4354,6
4355,3
4356,2
4357,5
4358,5
4359,3
4360,1
4361,2
4362,2
4363,4
4364,3
4365,4
4366,3
4367,4
4368,7
4369,2
4370,8
4371,2
4372,2
4373,5
4374,4
4375,3
4376,2
4377,8
4378,5
4379,3
4380,2
4381,3
4382,2
4383,5
4384,3
4387,2
4388,6
4389,8
4390,2
4391,2
4392,6
4393,3
4394,3
4395,5
4396,2
4397,5
4398,3
4399,2
4400,2
4401,2
4402,7
4403,3
4404,3
4405,1
4406,3
4407,4
4408,4
4409,3
4410,3
4411,5
4412,5
4413,3
4414,4
4415,4
4416,4
4417,3
4418,1
4419,3
4420,2
4421,7
4422,2
4423,4
4424,3
4425,6
4426,3
4427,2
4428,3
4430,2
4431,3
4432,3
4433,6
4434,7
4435,6
4436,7
4437,5
4438,4
4440,3
4441,1
4442,4
4443,2
4444,2
4445,1
4446,5
4447,5
4448,3
4449,5
4450,4
4451,3
4452,1
4453,5
4454,2
4455,8
4456,4
4457,1
4458,5
4459,6
4460,3
4461,4
4462,4
4464,2
4465,2
4466,2
4467,6
4468,7
4469,4
4470,2
4471,2
4472,2
4473,2
4474,4
4475,4
4476,1
4477,3
4478,4
4479,8
4480,5
4481,3
4482,4
4483,6
4484,6
4485,6
4486,5
4487,7
4488,4
4489,4
4490,6
4491,5
4492,3
4493,2
4495,4
4496,2
4497,4
4498,3
4499,5
4501,1
4502,1
4503,3
4504,5
4505,3
4506,4
4507,2
4508,3
4509,4
4510,3
4511,2
4512,8
4513,1
4514,3
4515,3
4516,2
4517,3
4518,4
4519,3
4520,2
4521,4
4522,5
4523,3
4524,2
4525,2
4526,4
4527,2
4528,7
4529,2
4530,4
4531,5
4532,4
4533,2
4534,2
4535,1
4536,4
4537,3
4538,5
4539,2
4540,5
4541,1
4542,8
4543,2
4544,3
4545,2
4546,1
4547,3
4548,2
4549,1
4550,3
4551,1
4552,6
4553,4
4554,7
4556,5
4557,2
4558,4
4559,2
4560,3
4561,1
4562,2
4563,3
4564,2
4565,2
4566,6
4568,7
4569,1
4570,2
4571,5
4572,4
4573,6
4574,2
4575,3
4576,6
4577,2
4578,2
4579,6
4580,3
4581,4
4582,6
4583,2
4584,5
4585,3
4586,5
4587,6
4589,3
4590,3
4591,1
4592,2
4593,2
4594,2
4595,3
4596,3
4597,2
4598,6
4600,3
4601,2
4602,5
4603,1
4604,2
4605,4
4606,2
4607,1
4608,5
4609,4
4610,6
4611,4
4612,3
4613,3
4614,4
4615,3
4616,2
4617,3
4618,2
4619,4
4620,3
4621,3
4622,2
4623,4
4624,1
4625,1
4627,1
4628,3
4629,1
4630,3
4631,5
4632,3
4634,1
4635,2
4636,3
4637,4
4638,5
4639,1
4640,3
4641,5
4642,2
4643,5
4644,3
4645,4
4646,3
4647,5
4648,8
4649,8
4650,2
4651,2
4652,2
4653,1
4654,1
4655,3
4656,1
4657,2
4659,4
4660,3
4661,6
4662,3
4663,2
4664,4
4665,2
4666,2
4667,2
4668,1
4670,1
4671,4
4672,1
4673,2
4674,2
4675,5
4676,1
4677,1
4678,1
4679,1
4680,1
4681,4
4682,1
4683,5
4684,3
4685,2
4686,3
4687,3
4688,2
4689,3
4690,3
4691,5
4692,4
4693,4
4694,9
4695,7
4696,2
4697,2
4698,3
4699,4
4701,3
4704,3
4705,4
4706,4
4707,5
4708,1
4709,4
4710,2
4711,5
4712,4
4713,2
4714,3
4715,3
4716,1
4717,3
4718,5
4719,1
4720,4
4721,4
4722,1
4723,1
4724,4
4725,3
4726,5
4727,3
4728,3
4729,4
4730,6
4731,6
4732,3
4733,1
4734,1
4735,3
4736,7
4737,4
4738,2
4739,7
4740,6
4741,6
4742,6
4743,4
4744,3
4745,2
4746,2
4747,4
4748,3
4749,4
4750,5
4751,3
4752,4
4753,7
4754,1
4755,2
4756,1
4758,2
4759,1
4761,2
4762,4
4763,3
4764,4
4765,3
4766,4
4767,4
4768,3
4769,4
4770,4
4771,2
4772,3
4773,5
4774,1
4775,3
4776,6
4777,4
4778,4
4779,2
4780,4
4781,5
4782,1
4783,1
4784,2
4785,2
4786,3
4787,10
4788,1
4789,5
4790,5
4791,2
4792,6
4793,2
4794,2
4795,6
4796,1
4797,5
4798,7
4799,7
4800,2
4802,4
4803,7
4804,4
4805,8
4806,2
4807,4
4808,6
4809,4
4810,3
4811,6
4812,1
4813,2
4814,5
4815,3
4816,2
4817,5
4818,4
4819,7
4820,3
4821,3
4822,4
4823,5
4824,3
4826,2
4828,5
4829,5
4830,3
4831,3
4832,3
4833,3
4834,2
4835,2
4836,1
4837,3
4838,2
4839,1
4840,1
4841,3
4842,4
4843,5
4844,6
4845,2
4846,3
4847,1
4848,7
4849,3
4850,2
4851,5
4852,4
4853,3
4854,4
4855,5
4856,4
4858,1
4859,1
4860,3
4861,5
4862,2
4863,2
4864,3
4865,1
4866,5
4867,2
4868,5
4869,4
4870,3
4871,2
4872,4
4873,7
4874,2
4875,5
4876,2
4877,5
4878,2
4879,3
4880,4
4881,5
4883,2
4884,1
4885,1
4886,5
4887,5
4888,4
4889,5
4890,3
4891,5
4892,3
4893,2
4894,3
4895,2
4896,6
4897,5
4898,1
4899,4
4900,1
4901,6
4902,4
4903,2
4904,2
4905,4
4906,6
4907,2
4908,1
4909,2
4910,1
4912,2
4913,1
4914,4
4915,6
4916,4
4917,5
4918,6
4919,7
4920,1
4921,1
4922,1
4924,2
4925,3
4926,2
4927,2
4928,1
4929,5
4930,2
4931,3
4932,6
4933,6
4934,2
4935,3
4936,2
4937,4
4938,4
4939,5
4940,4
4941,4
4942,4
4943,3
4944,2
4945,3
4946,2
4947,7
4948,3
4949,2
4951,1
4952,2
4953,4
4954,3
4955,4
4956,3
4957,1
4958,4
4959,2
4960,3
4961,4
4962,2
4963,2
4964,2
4965,5
4966,4
4967,1
4968,3
4969,2
4970,2
4971,2
4972,2
4973,5
4974,3
4975,5
4976,3
4977,2
4978,5
4979,5
4980,4
4981,6
4982,3
4983,4
4984,3
4985,1
4986,5
4987,7
4988,2
4989,3
4990,4
4991,4
4992,4
4993,4
4994,2
4995,2
4996,3
4997,5
4998,5
4999,6
5000,5
5001,2
5002,4
5003,1
5004,3
5006,1
5007,2
5008,3
5009,2
5010,3
5011,5
5012,3
5013,2
5014,1
5015,2
5016,1
5017,3
5018,1
5019,1
5021,7
5022,2
5023,5
5024,3
5025,3
5026,2
5028,4
5029,2
5030,4
5031,3
5032,6
5033,3
5034,3
5035,6
5036,2
5037,3
5038,5
5039,4
5040,4
5041,4
5042,2
5043,4
5045,2
5046,1
5047,3
5048,2
5049,4
5050,5
5051,5
5052,2
5053,1
5055,2
5056,4
5057,3
5058,2
5059,4
5060,3
5061,3
5062,2
5063,5
5064,3
5065,2
5067,3
5068,2
5069,3
5070,1
5071,6
5072,3
5073,1
5074,4
5076,5
5077,3
5078,1
5079,5
5080,3
5082,5
5083,6
5084,5
5085,4
5086,3
5087,4
5088,3
5089,4
5090,1
5091,2
5093,3
5096,1
5097,4
5098,2
5099,2
5100,5
5101,4
5102,2
5103,5
5104,5
5106,4
5107,2
5108,1
5109,1
5111,5
5112,4
5113,3
5114,2
5115,3
5116,2
5117,3
5118,3
5119,1
5120,1
5121,5
5122,6
5123,2
5124,1
5125,2
5126,1
5127,4
5128,1
5129,4
5130,4
5131,2
5132,4
5134,7
5135,2
5137,2
5138,4
5139,1
5141,5
5142,2
5143,2
5144,2
5145,3
5146,4
5147,1
5148,2
5149,2
5150,2
5151,4
5152,4
5154,2
5155,8
5156,2
5157,6
5158,3
5159,3
5160,4
5161,1
5162,1
5163,3
5164,7
5165,2
5166,4
5167,5
5168,8
5169,2
5170,3
5171,5
5172,1
5173,6
5174,4
5175,3
5176,1
5177,6
5178,2
5179,1
5181,4
5182,1
5183,2
5184,1
5185,3
5186,2
5187,3
5188,2
5189,5
5190,3
5191,4
5192,2
5193,7
5194,1
5196,5
5197,2
5198,1
5200,4
5201,5
5202,1
5203,3
5204,6
5205,4
5207,2
5208,2
5209,4
5210,3
5211,3
5212,2
5213,1
5214,4
5215,2
5216,3
5217,4
5218,3
5219,7
5220,2
5221,1
5222,8
5223,4
5224,2
5225,2
5226,3
5227,3
5228,1
5229,3
5230,4
5231,5
5232,3
5233,6
5234,3
5235,2
5236,3
5237,3
5238,3
5239,1
5240,1
5241,2
5242,2
5243,3
5244,3
5245,1
5246,2
5247,3
5248,4
5249,2
5251,1
5252,2
5253,2
5254,3
5255,3
5256,1
5257,7
5258,1
5259,1
5260,2
5261,1
5262,2
5264,2
5265,2
5266,4
5267,3
5268,2
5269,2
5270,4
5271,1
5272,4
5273,4
5274,4
5275,5
5276,4
5277,1
5278,1
5279,4
5280,5
5281,4
5282,3
5283,3
5284,3
5285,2
5286,2
5288,3
5289,3
5290,3
5291,4
5292,2
5293,4
5294,3
5295,2
5296,2
5297,1
5298,1
5299,3
5301,2
5302,4
5303,5
5304,1
5305,2
5306,1
5307,2
5308,1
5309,3
5310,7
5311,3
5312,2
5314,2
5315,4
5316,5
5317,3
5318,3
5319,2
5320,3
5321,1
5322,3
5323,1
5324,3
5325,2
5326,4
5327,2
5328,2
5329,2
5330,5
5331,3
5332,1
5333,3
5334,2
5335,2
5336,3
5337,2
5338,2
5339,3
5340,4
5341,2
5342,2
5343,1
5344,4
5345,2
5346,2
5347,2
5348,4
5349,5
5350,1
5351,1
5352,2
5353,5
5354,4
5355,3
5356,1
5357,4
5358,1
5359,1
5361,2
5362,4
5363,1
5365,4
5366,3
5367,1
5368,4
5369,2
5370,5
5371,5
5372,3
5373,1
5374,1
5375,3
5376,3
5377,4
5378,4
5379,4
5380,2
5381,3
5382,3
5383,4
5384,2
5385,3
5386,2
5387,2
5388,1
5389,3
5390,3
5391,1
5392,3
5393,1
5394,1
5395,1
5396,3
5397,4
5398,3
5399,3
5400,6
5401,3
5402,2
5403,2
5404,2
5405,3
5407,3
5409,4
5410,4
5411,1
5412,1
5414,2
5415,2
5416,2
5417,1
5418,4
5419,3
5420,5
5421,4
5422,2
5423,4
5424,3
5425,1
5426,5
5427,1
5428,3
5429,4
5430,1
5431,5
5432,1
5433,3
5434,4
5435,2
5436,5
5439,1
5440,4
5441,2
5442,3
5443,3
5444,6
5445,3
5446,3
5447,2
5448,2
5449,2
5450,2
5451,2
5452,1
5454,3
5455,1
5456,1
5457,2
5458,1
5460,2
5461,3
5462,3
5464,4
5465,5
5466,3
5467,2
5468,1
5469,5
5470,1
5472,3
5473,2
5474,2
5475,3
5476,4
5477,4
5478,3
5479,3
5481,1
5482,3
5484,4
5485,4
5486,2
5487,6
5489,2
5490,3
5491,2
5492,1
5493,2
5494,4
5495,5
5496,2
5497,1
5498,3
5499,2
5500,1
5501,3
5502,3
5503,6
5505,1
5506,3
5507,2
5508,2
5510,2
5511,3
5513,3
5514,2
5515,1
5516,2
5517,3
5518,2
5519,3
5521,2
5522,4
5523,3
5524,3
5525,1
5526,2
5527,5
5528,3
5529,4
5530,6
5531,2
5532,1
5533,1
5534,1
5535,2
5536,6
5537,5
5538,3
5539,1
5540,4
5541,3
5542,6
5544,6
5545,3
5546,3
5547,1
5548,1
5549,2
5550,4
5551,6
5552,2
5553,5
5554,1
5555,2
5556,3
5557,1
5558,5
5559,3
5560,2
5561,3
5562,1
5563,5
5564,5
5565,4
5566,3
5567,3
5569,3
5572,2
5575,3
5576,3
5577,4
5578,4
5579,3
5580,3
5581,4
5582,3
5583,1
5585,2
5586,4
5587,3
5588,2
5589,2
5590,4
5591,1
5592,2
5593,3
5594,2
5595,3
5596,2
5597,4
5598,1
5600,1
5601,1
5602,3
5603,1
5604,4
5605,4
5606,4
5607,2
5608,3
5609,2
5610,3
5611,3
5612,5
5613,4
5614,2
5615,1
5616,3
5617,1
5618,3
5619,1
5620,1
5621,1
5622,1
5623,1
5624,1
5625,1
5626,1
5627,2
5628,3
5629,5
5630,1
5631,4
5632,3
5633,1
5634,2
5635,1
5636,2
5637,3
5638,4
5639,4
5640,1
5641,1
5642,2
5643,3
5644,2
5645,4
5646,2
5647,4
5648,1
5649,2
5650,3
5651,3
5652,2
5653,3
5654,1
5656,1
5657,4
5658,2
5659,1
5660,2
5661,3
5662,3
5663,6
5664,5
5665,3
5666,3
5667,6
5668,2
5669,3
5670,4
5671,3
5672,4
5673,2
5674,3
5675,3
5676,1
5677,2
5678,3
5679,3
5680,1
5682,2
5683,1
5684,2
5685,1
5686,5
5687,3
5688,1
5689,1
5690,1
5691,1
5692,1
5693,2
5694,3
5695,1
5696,6
5697,1
5698,3
5699,3
5700,2
5701,2
5702,1
5703,1
5704,2
5705,5
5706,2
5707,1
5708,4
5710,2
5711,4
5712,3
5713,2
5715,2
5716,6
5717,3
5718,1
5719,3
5720,3
5721,1
5724,4
5725,3
5726,2
5727,3
5728,3
5729,1
5730,3
5731,4
5732,3
5733,3
5734,1
5735,3
5737,3
5738,2
5739,2
5740,2
5741,3
5742,2
5743,1
5744,2
5745,5
5746,2
5747,1
5748,2
5749,2
5752,3
5753,4
5755,3
5758,4
5759,4
5760,1
5761,2
5762,3
5763,4
5764,6
5765,2
5766,1
5767,3
5768,3
5769,2
5771,2
5772,3
5773,4
5774,2
5775,1
5776,6
5778,2
5779,3
5780,3
5782,2
5783,1
5784,3
5785,2
5786,6
5787,4
5789,1
5790,3
5792,2
5793,1
5794,2
5795,3
5796,3
5797,4
5798,4
5799,1
5800,2
5801,4
5802,3
5803,4
5805,1
5806,4
5807,1
5808,2
5809,3
5810,1
5811,3
5812,1
5813,4
5814,3
5815,4
5816,2
5817,4
5818,6
5819,4
5821,1
5822,2
5823,1
5824,1
5825,3
5826,3
5827,3
5828,1
5829,4
5830,2
5831,5
5832,2
5833,1
5834,2
5835,3
5836,7
5837,2
5838,4
5839,2
5840,3
5841,1
5842,3
5843,1
5844,3
5845,3
5846,1
5847,3
5848,1
5849,4
5850,4
5851,1
5852,3
5853,1
5854,3
5855,2
5856,5
5857,3
5858,1
5859,1
5860,3
5861,5
5862,1
5863,2
5864,7
5865,2
5866,2
5867,2
5868,1
5869,1
5870,1
5871,3
5873,6
5874,2
5875,4
5877,2
5878,3
5879,1
5880,1
5881,3
5882,2
5883,4
5884,3
5886,5
5887,3
5888,1
5889,3
5890,1
5891,2
5892,2
5893,2
5894,6
5895,1
5896,2
5897,2
5898,2
5899,2
5900,5
5902,2
5903,3
5904,1
5905,2
5906,1
5907,3
5908,1
5909,6
5910,3
5911,1
5912,3
5913,2
5914,3
5915,1
5916,2
5917,3
5918,2
5920,1
5922,3
5923,2
5924,3
5925,4
5926,6
5927,2
5928,4
5929,2
5930,5
5931,5
5932,3
5933,2
5934,1
5935,4
5936,3
5937,2
5938,2
5939,3
5940,4
5941,2
5942,3
5943,3
5944,2
5945,1
5946,1
5947,1
5948,2
5949,3
5950,1
5952,1
5953,2
5954,4
5955,2
5956,3
5957,3
5958,4
5959,2
5961,1
5962,2
5963,3
5965,2
5967,3
5968,1
5969,2
5971,5
5973,2
5974,2
5975,1
5976,3
5977,1
5978,1
5979,2
5980,3
5982,1
5984,2
5985,2
5986,4
5987,4
5988,3
5989,2
5990,4
5991,1
5993,4
5994,2
5995,1
5996,2
5998,5
5999,4
6000,2
6002,1
6003,7
6004,3
6005,2
6006,3
6007,7
6008,4
6010,3
6011,3
6012,1
6013,2
6014,1
6015,1
6016,1
6017,2
6018,3
6020,1
6021,3
6022,1
6023,4
6024,2
6025,1
6026,3
6027,2
6028,2
6029,1
6030,5
6031,2
6032,5
6033,4
6035,2
6036,3
6037,1
6038,9
6039,6
6040,1
6041,1
6042,3
6043,4
6044,3
6045,1
6046,2
6047,2
6048,1
6049,1
6050,3
6051,2
6052,5
6053,3
6054,2
6055,1
6056,3
6057,2
6058,2
6059,2
6060,1
6061,1
6062,2
6063,2
6064,1
6065,1
6066,3
6067,3
6068,3
6069,2
6070,2
6071,1
6072,3
6073,3
6074,1
6075,3
6076,2
6078,3
6080,4
6082,4
6083,1
6084,1
6085,4
6086,1
6087,1
6088,2
6089,2
6090,2
6091,4
6092,2
6093,4
6094,3
6095,2
6096,2
6097,1
6098,1
6099,2
6100,2
6101,1
6102,4
6103,4
6104,1
6105,1
6106,2
6107,1
6108,2
6109,1
6110,2
6111,2
6112,4
6113,2
6114,5
6115,3
6116,3
6117,4
6118,1
6119,1
6120,2
6121,2
6122,2
6123,2
6124,2
6126,2
6127,2
6128,3
6129,1
6130,2
6131,5
6133,1
6134,3
6135,1
6136,5
6138,1
6139,4
6140,1
6141,2
6142,1
6143,2
6144,1
6146,1
6147,3
6148,3
6149,4
6150,1
6151,2
6152,3
6153,1
6154,1
6155,2
6156,3
6157,2
6158,1
6159,3
6160,5
6161,2
6162,1
6163,4
6164,3
6165,1
6166,2
6167,3
6168,4
6169,4
6170,2
6171,1
6172,3
6173,4
6174,1
6176,7
6177,3
6178,2
6179,2
6180,2
6181,3
6182,2
6184,1
6185,4
6186,1
6187,1
6188,1
6189,5
6190,1
6191,3
6192,1
6193,2
6194,2
6195,3
6196,2
6197,2
6198,3
6199,2
6200,2
6201,2
6202,4
6203,3
6204,3
6205,1
6206,3
6207,1
6209,3
6210,3
6211,4
6212,3
6213,3
6215,3
6216,2
6217,1
6218,2
6220,1
6221,1
6222,2
6223,2
6224,5
6225,1
6226,4
6227,2
6228,4
6229,2
6230,2
6231,4
6232,4
6233,4
6234,1
6235,3
6236,2
6237,1
6239,2
6240,1
6241,3
6242,2
6243,1
6244,4
6245,1
6246,5
6247,2
6248,2
6249,1
6251,3
6252,2
6253,2
6254,2
6255,3
6256,4
6257,2
6258,2
6259,1
6260,2
6261,2
6262,2
6263,4
6264,2
6265,3
6266,2
6267,4
6268,3
6269,1
6270,2
6271,4
6272,1
6273,2
6274,1
6275,1
6276,1
6277,1
6278,2
6280,3
6281,1
6282,5
6284,3
6285,4
6286,1
6287,2
6288,3
6289,3
6291,5
6292,2
6293,6
6295,1
6296,1
6297,3
6298,1
6299,4
6300,2
6301,2
6302,1
6304,2
6305,2
6308,2
6309,5
6310,3
6311,5
6312,1
6313,3
6314,3
6315,2
6316,2
6317,1
6318,2
6319,2
6320,1
6321,3
6322,3
6323,2
6325,1
6326,3
6328,3
6329,2
6330,1
6331,1
6332,1
6333,4
6334,1
6336,2
6337,1
6338,4
6339,1
6340,3
6341,1
6342,2
6343,1
6344,5
6345,4
6346,3
6347,3
6348,1
6349,2
6350,2
6351,1
6352,2
6353,1
6354,1
6355,2
6356,4
6357,3
6358,1
6359,4
6360,2
6361,1
6362,3
6363,2
6364,1
6365,2
6368,1
6369,7
6370,2
6371,1
6373,3
6374,4
6375,1
6376,3
6377,2
6379,1
6381,4
6382,2
6384,3
6385,4
6386,1
6387,2
6388,2
6390,2
6391,2
6392,2
6393,4
6394,3
6395,2
6396,4
6397,2
6398,6
6399,3
6400,1
6402,1
6403,4
6405,3
6406,1
6407,6
6408,1
6409,2
6410,3
6411,1
6412,3
6413,3
6414,4
6415,3
6416,4
6417,2
6418,3
6419,2
6420,1
6421,2
6422,1
6423,6
6424,5
6425,5
6427,2
6428,2
6429,3
6430,2
6431,4
6432,1
6433,2
6434,3
6435,1
6436,1
6437,5
6438,2
6439,3
6440,4
6441,4
6442,4
6443,4
6444,3
6445,2
6446,3
6447,2
6449,3
6450,2
6451,4
6452,3
6453,1
6454,3
6455,2
6456,3
6457,3
6458,3
6459,3
6461,2
6463,4
6464,1
6466,3
6467,2
6468,2
6469,4
6470,2
6471,3
6472,4
6473,2
6475,1
6476,3
6477,1
6478,2
6479,1
6480,1
6481,2
6482,2
6483,1
6484,5
6485,1
6486,3
6487,2
6488,3
6489,1
6491,3
6492,1
6493,1
6494,2
6496,1
6497,1
6498,2
6499,4
6500,1
6501,3
6502,4
6503,1
6504,4
6505,5
6506,1
6507,1
6508,3
6509,2
6510,3
6511,1
6512,2
6513,3
6514,2
6515,2
6516,3
6517,4
6518,2
6519,2
6520,1
6521,2
6522,6
6523,1
6524,1
6526,1
6527,3
6528,1
6529,1
6530,1
6531,2
6532,1
6533,4
6534,3
6535,2
6536,4
6538,3
6539,1
6540,1
6541,1
6542,1
6544,2
6545,1
6546,2
6547,4
6548,2
6549,2
6550,1
6551,3
6552,2
6553,1
6554,4
6555,3
6556,3
6557,2
6558,1
6560,2
6561,3
6562,1
6563,4
6564,5
6565,2
6566,1
6567,4
6568,4
6569,1
6570,2
6571,1
6572,3
6573,2
6574,3
6576,2
6577,2
6578,5
6579,1
6580,2
6582,2
6583,3
6584,3
6585,4
6586,4
6587,1
6588,3
6589,3
6590,2
6592,1
6593,1
6594,3
6595,1
6596,1
6597,2
6598,3
6599,3
6600,5
6601,2
6602,2
6603,2
6604,3
6605,1
6606,2
6607,2
6608,1
6609,2
6610,1
6611,1
6612,1
6613,3
6614,1
6615,4
6616,1
6617,2
6618,2
6619,2
6620,2
6621,1
6622,3
6623,1
6624,1
6625,1
6626,2
6627,1
6628,3
6629,1
6630,5
6631,1
6632,1
6633,1
6634,1
6636,3
6637,1
6639,3
6640,3
6641,2
6642,1
6643,3
6644,1
6645,3
6647,2
6649,1
6650,1
6652,2
6653,2
6654,3
6655,2
6656,2
6657,3
6658,1
6659,3
6660,1
6661,2
6662,1
6663,2
6664,3
6665,4
6666,2
6670,1
6671,3
6672,4
6673,1
6675,1
6676,3
6677,1
6678,1
6679,2
6682,1
6683,2
6684,2
6685,1
6687,3
6688,4
6689,3
6690,2
6691,2
6692,3
6693,3
6694,4
6695,2
6696,2
6698,3
6699,2
6700,1
6701,3
6702,1
6703,3
6704,1
6705,1
6707,1
6708,1
6710,1
6711,2
6713,1
6714,1
6715,2
6716,2
6717,3
6719,2
6720,1
6721,2
6723,3
6724,2
6726,2
6727,4
6728,1
6729,2
6730,1
6731,2
6732,2
6733,2
6735,4
6736,4
6738,2
6739,1
6741,2
6742,2
6743,5
6744,2
6745,3
6746,1
6747,4
6748,4
6749,1
6750,4
6751,3
6752,2
6753,1
6754,1
6755,1
6756,2
6757,2
6758,2
6761,1
6762,2
6763,1
6764,1
6765,1
6766,3
6768,1
6769,3
6770,4
6771,1
6772,1
6773,1
6774,2
6775,3
6776,4
6777,3
6778,4
6779,1
6780,1
6782,1
6783,2
6784,1
6785,1
6786,3
6787,3
6788,3
6789,2
6790,3
6791,2
6792,1
6793,2
6794,4
6795,2
6796,2
6797,2
6798,2
6799,3
6800,2
6801,5
6802,5
6803,1
6804,2
6805,2
6806,1
6807,2
6810,3
6812,1
6813,3
6814,2
6815,3
6816,2
6817,3
6818,2
6819,1
6820,2
6821,2
6822,2
6823,1
6824,2
6825,2
6826,1
6827,2
6828,3
6829,2
6830,3
6831,2
6832,3
6833,1
6834,5
6835,1
6836,3
6837,3
6839,2
6840,3
6841,4
6842,1
6843,3
6844,2
6845,1
6846,2
6848,2
6849,1
6850,1
6851,3
6852,3
6853,3
6854,3
6855,2
6856,3
6857,3
6858,2
6860,3
6861,1
6862,1
6864,2
6865,2
6866,1
6867,2
6868,1
6869,3
6870,2
6871,1
6872,2
6873,2
6874,3
6875,1
6876,3
6878,5
6879,2
6880,3
6881,2
6882,2
6883,1
6884,1
6885,4
6888,3
6889,1
6891,1
6893,2
6894,3
6895,1
6897,5
6899,3
6901,2
6903,1
6905,1
6906,4
6907,2
6910,2
6912,3
6913,2
6914,1
6915,1
6916,2
6917,3
6918,3
6920,5
6922,1
6925,3
6926,2
6927,1
6929,1
6930,2
6931,1
6932,2
6933,1
6934,3
6936,2
6937,1
6938,3
6939,2
6940,2
6941,1
6942,4
6943,1
6944,1
6945,3
6946,3
6947,1
6948,1
6949,1
6950,2
6951,2
6952,3
6953,3
6954,3
6955,1
6956,5
6957,1
6958,1
6960,2
6961,2
6963,2
6964,2
6966,2
6967,5
6968,2
6969,2
6970,1
6971,1
6972,1
6973,3
6974,3
6975,1
6976,6
6978,4
6979,1
6980,3
6981,4
6982,1
6983,2
6985,1
6986,2
6987,3
6988,1
6989,1
6990,1
6991,1
6993,1
6994,2
6995,2
6996,1
6997,3
6998,2
6999,2
7000,3
7001,2
7002,4
7003,1
7004,2
7005,3
7006,2
7007,1
7008,2
7009,4
7010,5
7015,2
7016,3
7017,3
7018,4
7019,1
7020,4
7021,4
7022,2
7023,2
7024,3
7025,1
7026,2
7027,1
7028,1
7029,1
7030,3
7031,5
7033,2
7034,3
7036,1
7037,4
7038,2
7039,1
7040,1
7041,2
7042,2
7043,3
7044,1
7045,1
7046,1
7047,2
7048,3
7049,1
7050,6
7051,2
7052,5
7053,5
7054,1
7055,1
7056,2
7057,3
7058,4
7059,2
7060,5
7061,3
7063,2
7064,1
7065,3
7066,2
7067,4
7068,3
7069,1
7070,2
7071,1
7072,2
7073,5
7074,1
7075,1
7076,1
7077,1
7078,2
7079,1
7080,2
7081,2
7082,2
7083,2
7084,1
7085,1
7086,3
7087,4
7088,3
7089,1
7091,1
7092,2
7093,2
7094,2
7095,1
7097,1
7098,3
7099,1
7100,2
7101,2
7102,1
7103,1
7104,1
7105,3
7106,3
7107,2
7108,1
7109,1
7110,3
7111,2
7112,5
7113,2
7115,1
7117,2
7120,5
7121,1
7122,4
7123,5
7124,6
7125,1
7126,2
7127,3
7128,1
7129,3
7130,1
7131,4
7132,2
7133,2
7134,3
7135,3
7136,2
7137,2
7139,1
7140,1
7143,3
7144,3
7146,4
7147,2
7148,3
7149,2
7150,3
7151,2
7152,4
7153,1
7154,1
7156,4
7158,1
7159,2
7160,2
7161,2
7162,1
7163,1
7164,3
7165,2
7166,3
7167,2
7168,2
7169,4
7170,1
7171,2
7172,2
7173,2
7174,2
7177,1
7178,3
7179,1
7180,2
7181,1
7183,1
7184,3
7185,3
7186,1
7187,2
7189,1
7191,6
7192,2
7193,1
7194,4
7195,1
7196,3
7199,1
7200,4
7201,6
7203,2
7204,3
7206,2
7207,2
7210,4
7211,3
7212,4
7215,4
7218,2
7219,1
7220,3
7221,1
7222,1
7223,1
7224,2
7225,2
7226,3
7227,3
7228,1
7229,1
7232,2
7235,2
7236,2
7237,1
7238,2
7240,1
7241,2
7242,2
7243,3
7245,1
7246,3
7247,3
7248,1
7249,1
7250,3
7251,1
7252,7
7253,2
7254,2
7255,1
7256,1
7257,2
7258,1
7259,2
7261,1
7262,2
7263,6
7264,1
7265,1
7266,3
7267,2
7268,2
7269,1
7270,7
7272,2
7273,1
7276,4
7277,3
7280,1
7281,2
7282,1
7283,3
7286,3
7287,4
7288,3
7289,4
7290,2
7291,2
7292,5
7293,2
7294,2
7295,1
7296,4
7297,2
7298,1
7299,2
7300,1
7301,1
7302,1
7303,2
7307,1
7309,3
7310,1
7312,1
7313,3
7314,4
7315,2
7316,2
7317,4
7319,1
7320,3
7322,2
7323,1
7324,4
7325,1
7326,5
7327,2
7328,2
7329,1
7332,3
7333,2
7334,1
7335,5
7338,3
7339,2
7341,1
7342,1
7344,1
7345,1
7346,2
7347,4
7349,1
7350,2
7351,4
7352,2
7353,2
7354,3
7355,5
7356,2
7358,4
7360,1
7362,3
7363,1
7364,2
7365,1
7366,1
7367,2
7368,2
7369,3
7371,2
7372,3
7373,4
7374,1
7375,3
7376,1
7377,2
7378,6
7379,1
7381,3
7382,1
7383,3
7384,1
7385,4
7386,2
7387,3
7389,2
7390,2
7391,1
7392,3
7393,2
7394,1
7396,2
7398,3
7399,1
7400,1
7402,3
7403,5
7404,1
7405,1
7407,2
7409,1
7410,3
7411,1
7413,1
7414,3
7415,2
7416,2
7417,1
7419,1
7421,1
7423,2
7424,1
7426,2
7427,2
7428,1
7429,1
7430,2
7431,4
7432,2
7433,1
7434,1
7435,1
7436,2
7437,2
7438,1
7440,3
7441,1
7442,3
7443,1
7444,2
7446,2
7447,2
7448,2
7451,1
7452,3
7453,1
7454,2
7456,1
7457,2
7458,1
7459,3
7460,1
7462,2
7463,1
7464,1
7465,1
7466,1
7468,3
7469,2
7471,2
7472,4
7473,3
7474,1
7475,1
7476,3
7477,2
7479,2
7480,3
7481,1
7482,1
7483,1
7484,2
7485,1
7486,2
7487,3
7489,2
7490,3
7491,1
7492,1
7493,2
7494,2
7496,2
7499,3
7500,1
7501,4
7502,4
7503,5
7504,1
7507,1
7508,1
7509,2
7510,1
7511,1
7512,2
7514,1
7515,1
7519,2
7520,4
7521,2
7523,1
7524,1
7525,2
7526,2
7527,3
7529,2
7530,2
7531,1
7533,2
7534,1
7535,2
7536,1
7537,2
7538,2
7539,1
7540,1
7541,1
7542,3
7543,2
7544,2
7545,4
7546,1
7547,2
7549,3
7550,2
7551,3
7552,3
7553,1
7555,2
7556,2
7557,2
7558,3
7559,2
7560,2
7561,1
7563,2
7564,1
7566,4
7568,1
7569,2
7571,1
7572,3
7573,2
7574,2
7575,1
7576,1
7577,2
7581,5
7582,3
7583,3
7584,1
7585,1
7586,2
7587,1
7589,1
7591,1
7592,1
7596,1
7598,6
7599,1
7600,2
7601,2
7603,3
7605,1
7606,3
7608,2
7609,2
7610,3
7611,1
7613,2
7614,2
7615,4
7616,1
7617,2
7618,1
7619,1
7620,3
7623,1
7624,2
7625,2
7626,1
7627,2
7628,2
7629,3
7630,2
7632,2
7634,1
7635,3
7636,4
7638,1
7639,1
7640,2
7641,2
7643,1
7644,1
7645,3
7647,3
7648,1
7649,1
7650,1
7652,3
7653,2
7655,2
7657,2
7659,1
7660,1
7662,5
7663,1
7664,1
7665,2
7667,1
7670,2
7671,3
7672,3
7675,1
7676,1
7677,1
7678,1
7679,1
7680,5
7681,1
7683,2
7684,2
7685,2
7686,1
7687,2
7689,2
7690,1
7691,2
7692,1
7693,2
7694,1
7695,4
7696,3
7697,1
7698,1
7699,3
7700,3
7701,1
7704,1
7705,1
7707,2
7708,1
7709,1
7710,2
7711,1
7712,1
7714,2
7715,2
7716,2
7718,2
7719,1
7720,1
7721,1
7722,2
7723,2
7724,2
7727,3
7728,1
7732,2
7733,1
7737,1
7739,1
7740,1
7741,2
7743,1
7744,4
7745,1
7746,2
7747,1
7748,3
7749,2
7750,1
7751,2
7753,3
7755,1
7756,5
7757,5
7758,3
7759,3
7760,2
7761,1
7762,1
7763,1
7764,1
7765,2
7767,3
7768,1
7769,2
7771,1
7773,1
7775,1
7776,2
7777,1
7778,1
7780,2
7781,1
7782,1
7783,2
7785,1
7786,2
7787,2
7789,2
7790,2
7791,1
7792,3
7793,1
7794,1
7795,4
7796,1
7797,3
7798,2
7799,2
7800,5
7801,2
7802,3
7803,4
7805,3
7806,1
7807,2
7809,1
7810,2
7811,1
7812,6
7813,2
7814,2
7817,1
7819,2
7820,2
7821,1
7823,4
7824,6
7825,2
7827,1
7828,4
7829,3
7830,3
7831,1
7832,2
7833,1
7834,2
7835,2
7837,3
7839,1
7840,4
7841,1
7842,1
7844,3
7845,1
7847,1
7848,1
7849,2
7850,1
7852,3
7853,2
7854,2
7855,1
7857,1
7858,1
7859,1
7860,1
7861,2
7862,1
7863,2
7865,4
7866,1
7867,1
7868,4
7869,3
7870,1
7872,2
7873,2
7875,2
7876,1
7877,2
7878,1
7881,1
7883,1
7884,1
7886,2
7887,4
7889,2
7890,2
7891,1
7893,1
7894,2
7895,1
7897,2
7898,4
7899,1
7901,1
7903,2
7904,2
7905,1
7906,3
7907,2
7908,1
7909,2
7910,2
7911,1
7913,1
7914,4
7915,5
7917,2
7918,3
7919,1
7921,3
7922,1
7926,2
7927,1
7929,1
7930,3
7931,2
7932,1
7933,3
7937,2
7938,2
7939,2
7940,1
7941,1
7942,2
7943,3
7944,3
7946,2
7947,1
7948,4
7949,1
7950,1
7953,2
7954,1
7955,2
7958,1
7959,3
7960,2
7961,3
7962,2
7963,3
7965,1
7966,1
7967,2
7968,3
7969,3
7971,2
7973,4
7974,2
7978,2
7979,1
7984,3
7985,3
7986,2
7987,1
7988,2
7989,1
7990,1
7992,1
7993,2
7995,1
7996,3
7997,1
7998,3
7999,2
8000,2
8001,4
8002,1
8003,1
8004,1
8006,2
8007,2
8008,2
8009,2
8010,2
8011,2
8012,1
8013,2
8014,2
8015,4
8016,2
8018,1
8019,1
8020,1
8021,1
8022,5
8023,2
8025,2
8026,1
8027,1
8028,3
8029,3
8031,2
8032,1
8034,2
8035,1
8036,1
8037,1
8038,1
8040,1
8041,2
8043,1
8044,2
8045,2
8046,2
8047,1
8051,1
8053,2
8054,1
8057,1
8058,2
8059,1
8061,2
8062,2
8066,1
8067,1
8068,1
8070,1
8071,1
8074,1
8075,2
8076,2
8077,1
8079,2
8080,4
8082,2
8083,1
8084,3
8086,1
8087,1
8088,2
8091,3
8093,1
8095,1
8096,1
8097,1
8099,1
8100,1
8101,2
8102,3
8103,2
8104,1
8105,1
8106,1
8107,1
8108,3
8110,2
8113,1
8116,2
8117,4
8120,2
8121,6
8122,1
8124,1
8126,1
8129,1
8130,2
8132,1
8133,1
8139,1
8140,1
8141,2
8142,1
8143,6
8146,1
8147,1
8148,1
8149,1
8150,1
8152,2
8153,3
8154,4
8157,2
8159,1
8160,1
8162,3
8163,1
8164,3
8165,1
8167,2
8168,2
8169,2
8170,1
8171,1
8172,2
8173,2
8175,1
8176,3
8177,3
8180,1
8182,4
8184,3
8185,1
8187,1
8188,1
8189,4
8190,3
8192,2
8193,1
8194,1
8195,3
8196,2
8197,1
8198,4
8199,3
8201,3
8202,1
8205,1
8206,1
8207,1
8208,1
8210,1
8211,2
8212,3
8214,2
8215,2
8218,1
8219,3
8222,4
8223,2
8224,2
8227,3
8228,1
8229,1
8230,3
8233,3
8237,1
8238,1
8239,1
8240,2
8242,1
8243,4
8244,3
8248,2
8253,4
8256,1
8257,1
8258,1
8259,2
8263,1
8264,1
8266,2
8267,3
8269,1
8270,3
8271,1
8272,1
8273,1
8274,1
8275,2
8277,2
8278,2
8279,4
8281,1
8282,3
8283,1
8284,2
8285,1
8287,1
8288,2
8289,2
8290,1
8292,3
8293,1
8294,1
8295,5
8296,1
8297,2
8298,4
8299,2
8301,4
8303,2
8304,2
8307,1
8308,3
8310,1
8311,2
8312,2
8313,1
8314,4
8315,2
8316,3
8317,1
8319,2
8320,1
8322,2
8323,1
8327,2
8329,1
8330,2
8331,3
8332,1
8333,3
8334,2
8335,2
8336,2
8337,5
8338,2
8339,1
8340,3
8341,1
8342,1
8345,5
8346,3
8347,2
8348,1
8349,1
8350,4
8351,5
8352,2
8353,2
8354,1
8355,3
8356,2
8358,2
8359,1
8362,1
8363,1
8364,1
8367,4
8368,1
8369,3
8371,1
8372,4
8373,1
8374,4
8375,2
8376,2
8378,3
8379,2
8380,2
8381,1
8382,1
8383,1
8385,3
8386,1
8387,1
8388,3
8389,3
8391,1
8393,1
8394,1
8395,1
8397,1
8398,2
8399,1
8400,1
8401,2
8402,2
8404,1
8406,1
8407,1
8408,3
8409,1
8410,1
8411,2
8412,3
8413,4
8416,3
8417,1
8418,2
8420,2
8421,1
8422,2
8424,1
8425,1
8426,4
8427,2
8428,1
8429,1
8431,1
8433,1
8435,2
8437,2
8439,2
8440,1
8442,2
8443,1
8444,3
8445,1
8446,2
8451,2
8452,1
8453,3
8455,1
8456,2
8457,2
8458,2
8459,1
8460,1
8461,2
8462,1
8463,3
8464,2
8465,2
8466,2
8467,2
8468,1
8470,1
8471,2
8473,1
8474,2
8475,1
8476,2
8477,2
8479,1
8480,1
8481,1
8483,2
8484,1
8485,2
8487,2
8488,1
8490,1
8492,1
8494,2
8495,1
8496,3
8497,1
8499,2
8501,1
8502,1
8503,4
8505,1
8507,5
8508,5
8509,1
8511,1
8512,1
8513,3
8514,1
8515,1
8517,2
8518,1
8519,2
8520,3
8521,2
8522,2
8523,3
8524,1
8526,2
8527,2
8528,2
8529,4
8530,1
8531,2
8533,2
8534,2
8535,2
8536,2
8537,2
8538,2
8539,2
8540,1
8541,1
8542,1
8543,1
8544,1
8546,2
8547,1
8548,1
8550,1
8551,1
8552,1
8553,2
8555,1
8556,2
8557,3
8558,5
8559,2
8560,2
8561,2
8564,3
8565,1
8566,4
8567,2
8568,1
8569,1
8570,1
8571,1
8572,1
8574,1
8576,3
8577,1
8578,1
8579,1
8580,2
8581,3
8582,3
8583,2
8584,4
8585,2
8586,1
8588,3
8590,1
8591,1
8592,1
8593,1
8594,1
8595,1
8597,2
8598,2
8599,2
8600,2
8601,1
8604,1
8605,2
8607,4
8609,2
8611,1
8612,4
8613,2
8615,1
8618,2
8619,1
8620,1
8621,1
8623,2
8624,2
8625,1
8626,4
8627,1
8628,2
8629,2
8630,1
8631,4
8632,2
8634,2
8638,2
8639,2
8640,1
8641,2
8642,1
8645,1
8647,2
8648,1
8649,4
8650,2
8651,1
8652,1
8654,2
8658,5
8659,1
8660,1
8661,2
8662,2
8663,1
8665,3
8666,1
8667,1
8668,3
8669,1
8670,2
8671,1
8674,2
8675,1
8676,1
8677,1
8678,4
8679,1
8680,1
8683,2
8684,1
8685,1
8688,1
8689,1
8690,4
8691,1
8692,2
8694,1
8695,2
8696,2
8697,2
8700,3
8701,3
8702,2
8703,1
8704,1
8705,2
8706,4
8707,2
8709,2
8712,2
8714,3
8715,1
8716,1
8717,1
8718,3
8720,1
8721,2
8722,1
8723,2
8724,3
8725,1
8726,2
8727,5
8728,2
8730,2
8732,1
8734,1
8735,3
8736,1
8740,1
8741,1
8743,2
8747,1
8748,1
8751,2
8752,1
8753,1
8754,2
8756,1
8757,3
8758,5
8760,1
8761,1
8763,1
8764,3
8765,3
8766,1
8767,1
8768,1
8769,2
8771,1
8772,1
8773,2
8774,2
8776,1
8779,2
8781,2
8782,2
8783,2
8785,5
8786,1
8787,1
8790,3
8791,1
8792,3
8795,1
8796,1
8797,1
8798,3
8800,2
8802,3
8803,2
8804,2
8805,2
8806,2
8808,1
8809,4
8810,2
8811,1
8813,1
8814,1
8815,1
8816,1
8817,1
8820,1
8821,1
8823,2
8824,1
8825,3
8828,1
8829,1
8832,2
8835,4
8836,1
8837,1
8838,1
8839,2
8840,2
8841,2
8842,2
8844,1
8847,1
8848,2
8852,3
8854,1
8856,2
8857,1
8858,1
8859,2
8860,1
8861,2
8862,1
8865,1
8866,4
8868,1
8869,1
8871,1
8872,2
8873,2
8874,2
8876,2
8879,1
8880,2
8882,1
8883,1
8884,1
8885,1
8886,1
8887,3
8888,2
8891,1
8892,1
8893,2
8894,1
8897,1
8898,4
8900,1
8901,1
8902,1
8903,2
8907,1
8909,1
8911,2
8912,1
8913,1
8914,1
8916,1
8918,1
8919,2
8920,1
8921,1
8923,2
8925,2
8926,4
8927,1
8928,2
8929,1
8930,1
8931,1
8932,1
8933,1
8934,1
8935,1
8937,1
8939,2
8941,1
8943,2
8945,2
8946,1
8948,1
8949,2
8950,1
8951,3
8952,1
8953,2
8954,1
8955,1
8961,1
8962,1
8963,2
8964,1
8965,1
8969,2
8971,1
8973,1
8975,1
8976,2
8977,3
8978,1
8979,1
8980,1
8982,5
8986,2
8988,1
8990,1
8992,1
8993,1
8994,1
8995,1
8996,2
8997,5
8999,1
9002,2
9003,1
9005,2
9006,2
9007,1
9009,1
9010,1
9012,2
9013,1
9015,1
9017,2
9019,1
9023,1
9024,1
9025,2
9028,1
9029,1
9030,4
9031,2
9034,3
9036,1
9039,1
9040,4
9043,2
9044,1
9045,1
9048,1
9052,3
9053,1
9054,1
9056,3
9058,1
9062,3
9063,2
9064,1
9066,1
9067,1
9068,1
9069,1
9072,1
9073,2
9076,1
9077,3
9078,1
9080,2
9082,3
9083,1
9084,1
9085,2
9089,2
9091,1
9092,2
9094,1
9095,1
9098,2
9100,3
9101,1
9102,1
9103,3
9105,2
9106,3
9107,2
9108,3
9112,1
9115,2
9116,2
9117,1
9118,3
9119,2
9122,1
9124,1
9125,2
9127,3
9130,4
9131,1
9132,4
9136,3
9138,1
9139,1
9140,1
9141,2
9143,2
9144,1
9145,1
9146,1
9147,1
9150,1
9151,1
9152,1
9153,2
9154,2
9157,1
9159,1
9160,1
9161,1
9165,4
9166,2
9168,1
9169,1
9170,1
9171,1
9172,1
9175,1
9176,3
9177,2
9179,1
9180,1
9181,2
9183,1
9184,2
9186,1
9187,1
9189,2
9190,2
9193,2
9194,1
9195,1
9196,2
9198,2
9200,1
9202,2
9203,1
9204,1
9205,3
9206,2
9208,2
9210,1
9211,2
9212,3
9213,2
9214,2
9215,1
9216,2
9217,1
9219,1
9222,1
9223,2
9224,1
9225,2
9226,3
9227,1
9229,2
9230,1
9231,1
9232,1
9233,3
9235,1
9236,2
9237,2
9239,2
9243,2
9245,1
9246,1
9248,1
9251,1
9252,1
9253,1
9259,1
9260,1
9261,1
9262,4
9263,1
9264,1
9265,2
9266,1
9267,1
9268,2
9269,1
9270,2
9271,1
9272,1
9273,1
9274,2
9275,1
9279,1
9281,2
9282,2
9284,3
9285,3
9286,2
9287,1
9288,2
9289,4
9294,1
9295,1
9296,2
9297,1
9301,3
9302,4
9303,1
9305,1
9309,1
9310,1
9311,1
9313,2
9314,2
9315,3
9317,1
9319,1
9321,1
9323,1
9325,2
9326,2
9327,1
9331,2
9332,2
9333,1
9335,1
9337,1
9340,1
9341,2
9343,1
9344,2
9345,1
9346,1
9347,1
9349,2
9352,3
9355,1
9357,1
9358,1
9359,1
9360,1
9362,1
9364,3
9369,2
9370,2
9371,3
9372,1
9373,1
9375,2
9376,1
9377,1
9378,2
9379,2
9380,2
9381,1
9382,4
9383,1
9384,3
9385,2
9386,1
9388,2
9389,1
9390,3
9391,1
9392,3
9394,3
9395,1
9396,2
9397,1
9399,1
9400,3
9403,3
9404,1
9406,1
9407,3
9408,1
9409,1
9412,3
9413,1
9416,2
9417,2
9418,1
9419,2
9420,1
9421,1
9422,1
9424,1
9426,1
9427,1
9428,3
9429,1
9430,2
9431,1
9432,1
9433,1
9434,2
9435,1
9437,1
9439,1
9440,1
9442,1
9446,1
9453,1
9454,3
9456,2
9458,1
9459,1
9460,3
9462,2
9463,1
9464,3
9465,1
9466,1
9467,2
9469,1
9471,1
9472,1
9473,1
9474,1
9475,1
9476,1
9477,1
9480,1
9481,4
9483,1
9484,1
9485,1
9486,1
9488,4
9489,1
9490,1
9491,2
9492,1
9493,1
9494,2
9495,2
9496,2
9497,1
9498,2
9501,1
9502,1
9507,1
9509,2
9510,1
9516,1
9517,1
9518,3
9524,1
9527,1
9528,1
9529,1
9531,1
9532,1
9533,1
9534,1
9535,3
9537,1
9538,3
9540,3
9541,2
9542,1
9543,1
9545,1
9546,1
9547,2
9554,1
9558,1
9559,1
9561,1
9563,1
9564,1
9568,2
9569,1
9570,2
9571,1
9572,1
9573,2
9574,6
9575,1
9577,1
9578,1
9579,3
9580,2
9581,1
9582,2
9583,1
9585,2
9586,3
9587,1
9588,2
9590,1
9591,1
9592,1
9593,1
9594,1
9597,1
9599,2
9600,3
9601,2
9604,2
9606,1
9607,2
9608,3
9609,2
9610,2
9615,2
9617,1
9618,1
9621,1
9626,1
9627,1
9628,1
9630,1
9631,1
9632,2
9633,1
9635,3
9636,3
9637,1
9638,2
9639,1
9640,1
9642,2
9643,2
9645,1
9646,3
9647,1
9649,1
9650,1
9652,1
9654,2
9655,1
9656,1
9658,1
9659,1
9660,1
9661,3
9662,1
9669,1
9670,2
9671,1
9672,1
9673,1
9674,1
9675,2
9676,2
9677,1
9680,1
9681,1
9682,1
9683,3
9684,3
9686,1
9687,2
9690,1
9691,1
9692,3
9693,1
9697,2
9698,1
9699,2
9702,1
9703,4
9704,2
9706,1
9707,2
9709,2
9710,2
9712,1
9715,1
9716,1
9717,2
9718,1
9719,1
9720,4
9721,5
9722,1
9724,2
9725,5
9727,2
9728,1
9730,1
9731,5
9732,2
9734,4
9738,1
9739,1
9741,2
9742,1
9743,1
9745,2
9747,1
9748,1
9750,1
9751,1
9753,1
9754,2
9755,2
9760,1
9761,1
9762,1
9763,2
9764,1
9765,1
9771,1
9772,2
9773,1
9774,1
9775,2
9776,1
9778,2
9779,1
9780,1
9782,1
9783,1
9785,1
9787,2
9789,1
9790,1
9791,1
9795,1
9796,3
9799,1
9800,3
9801,3
9803,2
9806,1
9809,1
9812,1
9814,1
9815,2
9816,1
9817,1
9818,1
9819,4
9820,1
9821,2
9829,2
9830,2
9832,2
9837,1
9838,1
9839,1
9843,1
9844,1
9847,2
9848,1
9849,2
9850,2
9853,2
9857,1
9858,1
9860,2
9862,1
9863,1
9864,1
9865,1
9866,1
9867,2
9868,1
9871,1
9872,1
9873,2
9874,2
9875,2
9876,1
9878,1
9879,1
9884,2
9885,4
9891,2
9893,1
9894,1
9895,1
9896,1
9897,1
9898,1
9900,3
9902,1
9903,1
9904,2
9906,1
9907,2
9908,1
9910,2
9912,2
9913,1
9914,1
9915,1
9917,1
9918,1
9921,1
9922,1
9923,2
9925,1
9928,3
9930,3
9931,1
9937,1
9938,1
9940,1
9941,1
9942,4
9946,2
9949,1
9950,1
9952,1
9954,2
9955,1
9960,1
9962,1
9966,1
9969,1
9970,1
9971,1
9973,1
9974,2
9976,2
9977,1
9978,2
9979,2
9980,1
9983,1
9984,1
9985,1
9986,1
9987,1
9988,2
9990,1
9991,1
9993,1
9994,1
9996,2
9997,3
9998,1
9999,2
10000,1
10002,1
10005,2
10006,1
10010,1
10013,3
10014,2
10015,2
10017,1
10018,1
10019,1
10020,2
10021,1
10022,2
10024,2
10025,5
10026,2
10029,2
10030,2
10032,2
10033,1
10036,1
10038,1
10039,1
10047,2
10048,1
10049,1
10052,1
10055,1
10056,1
10057,1
10058,1
10059,1
10064,1
10067,1
10071,1
10072,3
10073,1
10077,1
10078,3
10080,1
10081,1
10082,1
10083,1
10084,3
10085,1
10086,1
10087,3
10090,2
10091,1
10094,1
10096,1
10097,1
10098,1
10099,1
10102,4
10103,2
10104,1
10105,2
10107,1
10108,1
10110,2
10111,1
10112,1
10114,1
10115,1
10117,2
10118,1
10119,1
10120,1
10122,2
10126,3
10127,1
10128,2
10129,1
10130,1
10131,1
10132,2
10133,1
10136,1
10138,1
10139,1
10141,2
10142,1
10143,1
10148,1
10149,2
10150,1
10155,4
10158,2
10159,3
10161,1
10164,2
10167,2
10168,1
10169,3
10170,1
10171,2
10172,3
10173,1
10174,4
10175,1
10176,1
10178,1
10180,1
10181,2
10182,2
10184,1
10188,1
10189,2
10190,1
10191,2
10192,1
10194,2
10195,2
10196,1
10197,2
10198,1
10199,1
10200,1
10201,2
10202,1
10203,2
10204,1
10205,2
10206,2
10208,1
10209,6
10210,2
10212,1
10215,1
10216,1
10217,2
10219,1
10220,1
10221,1
10222,2
10224,2
10225,1
10226,1
10227,1
10229,1
10230,1
10233,4
10236,1
10237,1
10239,1
10240,2
10242,2
10243,2
10244,1
10245,1
10247,1
10248,4
10249,1
10250,3
10251,2
10253,3
10254,1
10255,1
10263,2
10264,1
10265,1
10270,3
10271,3
10272,2
10274,1
10275,3
10276,2
10277,1
10278,1
10281,2
10282,2
10283,3
10285,1
10288,2
10289,1
10290,1
10291,3
10293,2
10295,1
10296,3
10299,1
10300,1
10302,1
10303,3
10305,2
10306,2
10307,1
10308,1
10313,2
10315,1
10317,1
10319,2
10321,1
10322,1
10323,4
10324,2
10325,2
10326,3
10328,1
10331,1
10333,1
10334,1
10336,1
10337,1
10338,3
10339,1
10340,1
10341,1
10343,2
10344,1
10345,3
10347,1
10349,1
10350,1
10351,2
10356,4
10357,1
10358,1
10360,2
10361,2
10362,1
10364,1
10369,1
10370,1
10371,1
10375,2
10376,3
10377,1
10378,2
10380,2
10381,1
10382,3
10384,1
10385,2
10388,2
10389,1
10391,1
10394,1
10395,2
10396,1
10397,1
10398,3
10399,1
10402,2
10404,1
10405,1
10406,1
10409,1
10410,1
10411,4
10412,1
10413,3
10414,1
10415,1
10419,3
10421,1
10423,1
10424,1
10427,2
10428,1
10432,2
10434,1
10439,1
10440,1
10442,4
10443,2
10445,1
10446,2
10447,2
10448,1
10450,1
10454,1
10456,2
10457,1
10458,1
10463,1
10464,2
10470,1
10471,2
10474,2
10477,2
10478,3
10481,1
10484,2
10485,1
10487,1
10488,1
10489,1
10490,1
10491,3
10493,3
10497,2
10498,1
10499,2
10500,2
10502,1
10505,3
10506,3
10507,1
10509,3
10510,1
10511,1
10512,2
10517,1
10518,4
10519,3
10521,1
10525,3
10526,1
10528,1
10530,1
10531,3
10532,1
10534,1
10535,2
10539,1
10540,1
10541,1
10542,1
10543,2
10545,1
10546,1
10547,1
10550,2
10551,1
10552,3
10553,2
10556,1
10557,3
10558,1
10559,1
10560,1
10561,1
10563,2
10565,2
10566,1
10568,1
10570,1
10571,1
10572,1
10576,1
10577,1
10580,2
10581,1
10582,2
10583,1
10584,1
10586,1
10589,1
10590,2
10591,2
10592,2
10593,1
10595,2
10596,1
10597,1
10598,1
10599,2
10600,1
10601,1
10605,1
10606,3
10607,2
10610,1
10611,3
10612,1
10613,3
10616,3
10617,1
10618,1
10620,2
10623,2
10624,2
10626,2
10628,1
10629,1
10631,1
10632,1
10634,1
10635,2
10637,1
10640,1
10643,2
10645,1
10646,2
10647,1
10648,1
10650,2
10651,1
10654,1
10655,2
10656,2
10659,1
10660,3
10661,1
10664,1
10665,1
10667,3
10670,1
10671,1
10672,1
10673,1
10674,1
10676,2
10677,1
10678,2
10680,2
10683,1
10684,1
10687,1
10688,2
10689,1
10691,1
10692,1
10693,1
10695,2
10696,1
10697,2
10699,2
10700,2
10702,1
10704,2
10707,1
10708,2
10709,1
10710,2
10711,1
10712,1
10714,2
10715,2
10719,2
10720,2
10723,1
10725,2
10728,1
10729,1
10732,1
10733,1
10738,2
10742,1
10743,2
10744,1
10745,1
10746,1
10747,2
10749,1
10751,2
10752,1
10753,1
10756,2
10757,2
10762,1
10763,2
10764,1
10765,2
10767,2
10768,1
10769,1
10770,1
10771,2
10772,1
10774,1
10776,1
10777,1
10778,1
10779,1
10782,2
10784,2
10787,1
10790,3
10791,2
10792,1
10793,2
10795,1
10796,1
10797,2
10798,1
10799,1
10801,1
10804,1
10805,2
10808,1
10809,1
10810,1
10812,1
10813,1
10814,2
10816,1
10818,1
10819,1
10823,2
10824,2
10825,1
10828,1
10829,2
10831,1
10832,1
10835,2
10837,2
10838,1
10842,2
10843,1
10844,1
10846,3
10851,1
10852,2
10853,1
10854,1
10856,1
10857,1
10860,2
10862,1
10864,1
10865,1
10866,2
10867,1
10869,2
10870,2
10871,1
10873,1
10874,2
10876,1
10877,1
10879,1
10880,1
10883,2
10888,1
10889,1
10891,2
10893,1
10894,2
10895,1
10896,1
10897,1
10898,2
10901,2
10902,1
10909,1
10912,1
10914,2
10918,1
10919,1
10920,1
10921,3
10924,1
10929,1
10933,1
10939,1
10940,2
10941,1
10943,1
10948,1
10949,1
10950,1
10951,2
10952,2
10954,1
10956,1
10958,2
10960,1
10961,2
10962,1
10964,2
10966,1
10969,1
10973,1
10974,1
10976,1
10979,2
10981,2
10982,1
10986,2
10987,2
10988,1
10989,1
10991,3
10993,2
10994,1
10997,1
10998,1
11000,2
11002,1
11003,1
11007,1
11008,1
11009,1
11010,1
11011,2
11012,2
11013,1
11015,1
11018,1
11020,2
11022,3
11023,1
11032,2
11039,1
11042,2
11043,1
11044,1
11047,2
11049,2
11050,1
11054,1
11055,1
11061,2
11065,1
11066,1
11068,1
11069,2
11070,1
11073,1
11074,2
11076,2
11077,2
11081,1
11083,1
11084,1
11085,3
11086,2
11091,1
11092,1
11093,1
11094,1
11095,3
11097,1
11098,1
11099,1
11100,3
11101,1
11102,1
11103,3
11105,7
11106,2
11107,1
11108,1
11109,2
11110,1
11112,2
11114,2
11115,3
11116,2
11117,2
11118,1
11119,1
11123,1
11124,1
11126,2
11127,2
11128,1
11130,2
11131,1
11133,1
11135,1
11139,1
11140,1
11142,2
11144,2
11145,2
11148,2
11151,1
11154,2
11156,1
11157,2
11158,1
11163,1
11164,2
11165,4
11168,1
11170,3
11172,2
11173,1
11174,1
11175,1
11177,1
11178,1
11179,3
11181,1
11182,1
11184,1
11185,1
11186,2
11187,1
11189,1
11190,1
11193,2
11197,1
11198,1
11199,1
11200,2
11201,1
11202,2
11203,1
11204,1
11206,1
11207,1
11208,1
11209,1
11210,1
11211,3
11212,1
11213,2
11217,1
11218,1
11223,2
11228,1
11229,1
11233,2
11235,1
11237,1
11238,1
11244,1
11247,1
11249,3
11250,1
11251,2
11253,1
11255,2
11257,1
11259,1
11260,1
11266,4
11269,2
11270,1
11272,3
11273,1
11276,1
11277,1
11278,1
11279,3
11280,2
11281,2
11284,2
11286,1
11289,4
11292,1
11296,2
11297,3
11299,2
11301,1
11302,2
11303,1
11305,1
11306,1
11307,1
11308,3
11309,1
11311,2
11316,1
11318,2
11324,2
11326,2
11328,2
11330,2
11331,1
11332,1
11333,2
11334,3
11335,1
11337,3
11339,1
11340,2
11341,1
11342,1
11344,2
11347,1
11348,1
11349,3
11352,1
11355,1
11358,3
11359,1
11360,2
11361,1
11362,1
11363,1
11364,2
11366,2
11368,1
11369,1
11372,1
11373,2
11374,1
11375,1
11376,2
11377,3
11378,1
11382,1
11384,1
11387,1
11389,1
11390,1
11391,2
11393,1
11394,1
11395,1
11396,1
11399,1
11400,1
11402,1
11406,2
11407,1
11408,1
11412,1
11414,2
11415,2
11416,1
11418,2
11419,1
11421,1
11422,1
11423,1
11427,2
11431,1
11432,4
11434,2
11435,1
11436,2
11438,1
11439,2
11440,2
11441,1
11442,1
11444,1
11447,1
11449,1
11451,1
11453,1
11459,1
11465,1
11466,1
11468,1
11470,1
11472,1
11475,1
11481,1
11482,2
11485,1
11487,1
11490,2
11492,1
11494,1
11498,1
11501,1
11502,2
11505,1
11507,1
11508,1
11509,2
11511,1
11514,2
11515,1
11519,1
11521,1
11522,1
11523,1
11526,1
11530,1
11531,1
11532,1
11533,2
11534,1
11535,1
11536,1
11542,1
11543,1
11544,2
11546,1
11548,1
11549,2
11550,2
11551,3
11552,1
11553,2
11555,1
11557,1
11558,4
11563,1
11565,1
11574,1
11575,1
11579,2
11580,1
11582,1
11584,2
11586,1
11587,1
11589,1
11591,1
11592,2
11594,2
11595,1
11596,1
11600,2
11603,2
11609,3
11611,2
11612,2
11613,1
11614,1
11616,1
11617,1
11619,1
11620,1
11621,1
11623,3
11624,1
11625,1
11626,2
11628,1
11629,2
11631,1
11633,2
11636,1
11637,1
11640,1
11643,1
11646,3
11647,1
11651,1
11654,2
11655,1
11659,3
11660,1
11661,2
11662,2
11663,1
11664,1
11666,2
11667,1
11668,1
11671,2
11673,1
11674,1
11677,1
11678,2
11683,3
11688,1
11690,1
11692,2
11693,3
11694,2
11698,1
11699,1
11700,2
11702,1
11705,1
11706,2
11707,2
11710,3
11712,1
11715,1
11719,1
11722,1
11723,2
11725,2
11726,1
11731,1
11732,2
11733,2
11734,1
11735,1
11736,1
11739,1
11742,1
11744,1
11746,2
11747,3
11749,2
11751,1
11752,1
11754,1
11758,3
11759,1
11760,1
11761,2
11763,1
11764,1
11765,1
11766,1
11769,1
11770,1
11771,1
11776,2
11779,3
11780,1
11781,1
11783,1
11788,1
11789,4
11791,1
11793,1
11794,1
11796,2
11800,2
11802,2
11803,2
11804,1
11805,1
11811,3
11812,1
11813,1
11815,2
11816,1
11817,3
11818,2
11819,1
11820,2
11821,1
11822,3
11823,1
11824,1
11826,2
11828,2
11831,2
11833,1
11835,1
11836,2
11838,1
11840,2
11842,3
11844,2
11845,1
11846,2
11847,1
11848,2
11850,1
11851,2
11853,1
11859,1
11861,1
11863,3
11864,1
11865,1
11867,1
11871,1
11872,2
11875,1
11876,1
11884,1
11889,1
11892,3
11894,1
11896,1
11898,1
11899,2
11903,1
11904,1
11907,1
11909,1
11910,1
11911,1
11912,1
11913,1
11914,1
11915,1
11918,1
11921,1
11922,1
11923,1
11930,2
11933,1
11934,1
11936,2
11938,3
11940,1
11941,1
11943,1
11945,1
11946,2
11947,2
11948,1
11949,2
11951,1
11954,1
11956,1
11959,3
11961,1
11962,1
11965,1
11966,2
11968,1
11969,2
11970,1
11972,1
11975,2
11976,1
11977,2
11978,1
11979,2
11981,1
11983,1
11984,1
11985,1
11986,1
11987,1
11988,2
11992,1
11994,1
11996,1
11999,2
12000,3
12001,1
12002,1
12006,2
12007,1
12016,1
12018,1
12020,1
12021,1
12023,1
12024,1
12025,1
12027,1
12029,2
12030,1
12033,1
12034,1
12035,1
12039,1
12041,1
12042,2
12043,2
12044,1
12046,2
12047,1
12048,1
12049,1
12050,2
12051,1
12056,1
12058,1
12063,1
12064,1
12065,1
12066,1
12067,2
12070,1
12071,1
12072,1
12076,1
12077,1
12082,1
12085,1
12087,2
12089,2
12092,1
12097,1
12098,2
12101,1
12103,1
12104,1
12107,2
12113,1
12114,1
12115,1
12122,1
12123,2
12125,1
12126,1
12128,3
12129,2
12130,1
12131,1
12132,3
12137,1
12139,1
12140,1
12141,2
12142,2
12144,1
12148,1
12150,1
12151,1
12154,3
12159,3
12162,1
12164,1
12166,2
12167,1
12170,1
12173,1
12175,1
12176,1
12181,1
12182,1
12184,1
12186,1
12187,1
12188,1
12192,1
12193,1
12194,3
12198,1
12204,1
12206,2
12207,1
12208,1
12211,1
12216,1
12218,1
12221,1
12222,1
12223,1
12228,1
12229,1
12235,1
12238,1
12239,1
12241,2
12242,1
12246,2
12247,2
12249,1
12250,1
12256,1
12260,1
12261,2
12262,1
12263,1
12265,1
12268,3
12272,1
12274,1
12275,1
12277,2
12279,2
12280,2
12282,1
12283,2
12284,1
12285,1
12286,1
12287,1
12288,2
12289,2
12291,3
12292,1
12294,1
12295,2
12296,2
12297,2
12300,1
12302,2
12303,1
12307,3
12308,1
12309,1
12310,1
12311,1
12315,1
12317,2
12325,2
12327,1
12331,1
12334,1
12335,1
12336,1
12337,3
12340,2
12344,1
12346,2
12347,1
12348,1
12350,1
12356,1
12357,1
12358,1
12360,1
12363,1
12364,1
12366,1
12368,1
12369,1
12371,1
12374,1
12377,1
12380,1
12381,1
12382,1
12385,2
12386,1
12388,1
12390,1
12392,2
12394,2
12396,3
12399,1
12400,1
12403,1
12404,2
12407,1
12410,2
12411,1
12414,1
12416,1
12421,1
12422,2
12424,2
12425,1
12426,1
12427,1
12428,1
12429,1
12431,1
12438,1
12440,1
12441,1
12443,1
12444,2
12449,1
12450,1
12453,2
12455,1
12456,1
12457,1
12458,1
12460,2
12461,3
12463,1
12464,2
12465,2
12471,1
12473,1
12478,2
12479,2
12481,1
12485,1
12486,1
12489,1
12491,1
12494,1
12505,1
12506,1
12507,1
12509,1
12511,1
12512,1
12513,1
12514,2
12516,1
12518,1
12521,2
12523,1
12524,1
12525,3
12528,1
12529,1
12530,1
12531,1
12532,1
12535,1
12536,1
12537,1
12540,2
12541,1
12543,1
12546,1
12547,1
12549,1
12550,1
12554,2
12556,1
12557,1
12558,1
12560,4
12561,1
12562,1
12563,1
12565,1
12566,1
12568,1
12571,1
12572,1
12574,1
12575,1
12582,1
12584,1
12587,1
12588,1
12590,1
12591,4
12592,1
12596,1
12598,2
12600,1
12602,2
12604,1
12606,1
12607,1
12609,2
12610,2
12612,1
12617,1
12619,1
12620,2
12623,1
12628,1
12629,1
12630,1
12633,3
12637,1
12645,1
12646,1
12649,2
12651,1
12656,1
12657,1
12658,1
12659,1
12660,2
12662,2
12663,1
12664,1
12665,2
12667,1
12669,1
12671,1
12676,1
12679,1
12680,1
12682,1
12683,1
12684,2
12686,2
12690,1
12691,2
12692,1
12696,1
12697,1
12698,1
12699,2
12700,1
12704,1
12706,1
12707,1
12708,2
12709,2
12714,1
12718,2
12719,1
12721,3
12722,1
12727,3
12732,1
12734,1
12735,2
12737,1
12739,1
12741,1
12742,2
12743,1
12746,1
12748,2
12750,1
12753,2
12754,2
12756,2
12757,1
12758,1
12759,1
12760,1
12761,1
12764,2
12765,2
12767,1
12770,2
12772,1
12773,2
12776,1
12777,1
12778,2
12780,1
12781,1
12784,2
12785,1
12786,1
12787,1
12788,2
12791,1
12793,3
12794,2
12800,1
12804,1
12809,2
12811,1
12817,1
12821,1
12823,2
12825,2
12827,2
12828,1
12831,1
12834,1
12835,1
12836,1
12838,1
12845,1
12849,1
12851,2
12854,2
12857,1
12861,2
12862,3
12871,1
12872,1
12873,1
12876,1
12877,3
12881,1
12883,1
12884,1
12885,3
12892,1
12893,2
12894,1
12895,2
12896,1
12897,1
12899,1
12900,2
12908,1
12909,1
12913,1
12916,1
12917,1
12918,1
12920,1
12921,2
12922,1
12923,1
12927,1
12928,1
12931,1
12932,1
12936,1
12942,2
12943,1
12948,1
12956,1
12965,3
12967,1
12968,1
12972,1
12973,1
12975,1
12976,1
12977,1
12978,1
12980,2
12982,1
12988,1
12990,1
12992,2
12993,1
12997,3
13000,1
13002,1
13004,1
13005,1
13006,1
13008,1
13009,1
13010,2
13012,2
13014,1
13018,1
13019,2
13020,1
13021,2
13023,1
13024,1
13025,2
13027,1
13028,1
13030,1
13034,4
13035,2
13040,1
13041,2
13044,1
13048,1
13050,1
13051,2
13052,1
13054,1
13055,3
13059,1
13060,1
13061,1
13067,1
13068,1
13069,1
13074,1
13077,1
13079,1
13080,1
13081,1
13085,1
13086,2
13088,1
13089,2
13091,1
13094,1
13095,1
13097,2
13098,1
13099,3
13103,1
13104,1
13106,1
13107,2
13109,1
13111,1
13113,1
13115,2
13118,1
13119,1
13120,1
13121,2
13125,1
13126,1
13133,1
13135,1
13136,1
13137,1
13139,1
13151,1
13152,1
13154,2
13155,1
13158,1
13159,2
13164,1
13167,1
13172,1
13173,2
13174,1
13181,1
13182,1
13183,2
13184,1
13187,1
13188,1
13192,1
13193,1
13194,1
13195,2
13197,1
13199,1
13200,1
13203,2
13206,1
13215,2
13221,1
13225,1
13228,2
13230,1
13231,1
13232,2
13234,1
13236,1
13237,1
13242,1
13243,2
13250,1
13251,1
13254,1
13256,1
13257,2
13262,1
13263,1
13265,1
13266,1
13267,1
13268,1
13274,1
13276,1
13278,1
13285,1
13286,1
13287,2
13290,1
13291,1
13292,3
13296,1
13298,1
13299,1
13300,2
13304,1
13306,1
13308,2
13309,1
13312,1
13313,2
13314,1
13315,1
13316,2
13318,1
13320,2
13321,1
13323,2
13325,2
13326,1
13328,2
13330,1
13337,1
13338,2
13339,1
13341,1
13345,2
13348,3
13349,1
13350,1
13351,3
13359,1
13362,2
13364,1
13369,2
13372,1
13374,2
13378,1
13381,2
13384,1
13385,2
13389,1
13390,1
13391,1
13393,1
13397,1
13399,1
13401,1
13402,1
13405,1
13407,1
13408,1
13410,1
13413,1
13415,2
13416,1
13417,2
13418,1
13421,1
13425,1
13428,1
13429,1
13430,2
13431,2
13432,2
13433,2
13435,1
13439,1
13440,1
13442,1
13446,1
13447,1
13448,1
13450,1
13454,2
13455,3
13456,1
13458,1
13464,1
13465,1
13466,1
13468,1
13478,1
13479,2
13481,1
13482,1
13483,1
13485,1
13488,1
13490,1
13493,1
13494,1
13495,1
13496,1
13497,3
13500,1
13501,2
13508,1
13509,2
13511,1
13512,1
13513,2
13517,1
13518,1
13519,1
13520,2
13522,1
13525,2
13526,4
13527,1
13528,1
13531,2
13533,2
13538,1
13539,1
13540,1
13541,1
13547,2
13549,1
13554,1
13557,2
13560,1
13561,1
13562,1
13563,1
13564,1
13565,1
13567,1
13570,1
13572,1
13573,2
13577,1
13579,2
13580,1
13585,1
13591,1
13593,1
13595,1
13597,3
13598,1
13600,1
13601,2
13602,1
13603,1
13604,1
13607,1
13608,2
13610,1
13617,1
13618,1
13619,1
13620,1
13624,3
13632,3
13639,2
13646,1
13648,1
13649,1
13651,1
13652,1
13653,2
13655,1
13656,1
13658,1
13660,1
13663,1
13664,2
13665,1
13667,1
13668,1
13669,2
13675,1
13680,1
13684,1
13685,1
13691,1
13693,1
13694,2
13698,1
13700,1
13701,1
13703,1
13704,1
13706,1
13707,1
13708,1
13710,1
13713,1
13714,2
13716,1
13717,1
13721,1
13723,1
13724,1
13726,1
13727,1
13728,1
13732,1
13736,2
13745,1
13749,1
13751,1
13753,1
13754,1
13755,1
13758,1
13759,1
13760,1
13768,1
13772,1
13773,2
13777,1
13781,1
13783,2
13790,1
13791,1
13794,1
13799,1
13802,1
13803,1
13804,1
13807,2
13808,1
13809,2
13812,1
13815,1
13818,1
13819,1
13820,1
13821,2
13822,2
13824,1
13825,1
13826,2
13834,1
13837,2
13840,1
13844,3
13845,1
13848,1
13854,3
13857,1
13859,1
13862,1
13863,2
13864,3
13866,1
13867,1
13873,3
13874,1
13878,1
13880,2
13881,1
13883,1
13889,2
13893,3
13894,1
13895,1
13896,1
13899,1
13901,2
13904,1
13907,3
13910,1
13913,2
13914,1
13917,1
13919,1
13921,1
13926,2
13927,1
13930,3
13935,1
13937,1
13939,1
13942,1
13946,1
13947,1
13949,1
13952,1
13954,1
13956,2
13960,1
13961,1
13962,1
13963,2
13966,2
13973,1
13974,1
13975,1
13976,1
13979,1
13980,1
13981,1
13982,1
13990,1
13991,1
13995,1
13996,1
13999,2
14002,1
14004,1
14005,2
14006,1
14008,1
14012,2
14014,1
14016,1
14017,2
14019,1
14024,2
14025,1
14032,1
14034,1
14036,1
14038,1
14039,1
14041,1
14043,1
14046,1
14052,1
14053,1
14054,1
14057,1
14058,3
14064,1
14069,2
14071,3
14073,1
14075,3
14077,1
14082,2
14084,1
14086,1
14088,1
14089,1
14092,1
14094,1
14095,1
14096,1
14097,1
14101,1
14107,1
14109,1
14111,1
14112,1
14113,3
14114,1
14121,2
14122,1
14124,2
14125,1
14127,1
14133,1
14135,1
14136,1
14137,1
14139,1
14145,1
14146,1
14147,1
14148,2
14150,1
14151,1
14152,1
14156,1
14159,1
14167,1
14168,2
14173,3
14176,1
14187,1
14188,1
14194,1
14199,1
14201,1
14206,1
14209,1
14210,1
14211,1
14215,2
14216,1
14219,1
14221,1
14223,1
14227,1
14229,1
14230,1
14232,1
14233,1
14234,1
14236,3
14238,1
14243,1
14244,1
14245,1
14248,1
14253,1
14255,1
14256,1
14257,2
14261,1
14262,1
14263,1
14265,2
14266,1
14271,1
14274,1
14281,1
14283,1
14285,1
14286,1
14290,1
14291,1
14293,1
14294,1
14295,1
14296,1
14302,1
14304,1
14305,1
14314,2
14315,1
14316,1
14321,1
14328,1
14329,2
14330,1
14338,1
14347,1
14349,1
14350,2
14353,1
14356,1
14357,1
14361,1
14364,1
14367,2
14369,1
14373,1
14379,1
14381,2
14382,1
14383,1
14384,1
14385,1
14387,1
14392,1
14393,1
14395,1
14397,1
14398,2
14400,1
14403,1
14404,2
14405,2
14408,1
14409,1
14410,1
14417,2
14419,1
14421,1
14422,2
14423,2
14425,1
14427,1
14430,1
14432,1
14437,1
14438,1
14439,2
14440,1
14441,2
14445,2
14451,1
14452,1
14455,1
14460,1
14462,1
14464,1
14466,1
14468,2
14473,1
14479,1
14490,1
14491,2
14493,1
14500,1
14501,1
14502,1
14504,1
14505,3
14510,1
14513,1
14515,1
14516,1
14517,1
14523,1
14526,1
14527,2
14529,1
14530,2
14534,2
14536,1
14543,1
14544,1
14547,1
14548,1
14550,1
14558,1
14561,1
14562,4
14563,1
14564,1
14567,1
14571,1
14572,1
14573,2
14575,1
14577,1
14580,1
14582,2
14583,2
14587,1
14592,1
14594,2
14595,1
14598,2
14601,1
14602,2
14603,1
14608,1
14611,1
14612,1
14614,1
14616,1
14623,1
14625,1
14626,1
14627,1
14628,1
14640,1
14644,2
14648,1
14650,1
14654,1
14655,1
14661,1
14663,1
14664,1
14668,1
14669,1
14671,1
14672,1
14675,1
14677,1
14678,1
14680,1
14681,1
14682,1
14683,1
14684,1
14685,1
14691,1
14692,1
14693,1
14695,2
14696,1
14700,1
14701,1
14705,1
14706,1
14709,2
14716,1
14724,1
14725,1
14728,1
14734,1
14736,2
14741,1
14744,1
14745,1
14748,1
14759,2
14760,1
14767,1
14773,1
14775,2
14783,1
14786,1
14787,2
14789,1
14790,1
14791,1
14792,1
14793,1
14794,2
14798,1
14801,1
14802,2
14804,1
14805,1
14806,1
14809,1
14810,2
14811,1
14813,1
14814,1
14821,1
14824,2
14825,1
14827,1
14828,1
14829,1
14831,1
14833,1
14834,1
14835,1
14838,1
14842,1
14843,1
14844,1
14845,1
14850,2
14857,1
14862,1
14864,1
14865,1
14866,1
14867,1
14868,3
14869,1
14873,1
14878,2
14881,1
14883,1
14886,1
14888,1
14889,1
14900,1
14903,1
14909,2
14910,1
14915,1
14916,1
14920,2
14923,3
14925,3
14928,1
14932,1
14933,1
14936,1
14940,1
14941,1
14943,1
14945,2
14952,1
14958,1
14959,1
14960,2
14961,1
14962,1
14971,1
14973,1
14974,2
14976,1
14981,1
14982,3
14987,1
14995,2
14997,2
15000,2
15001,1
15002,2
15004,1
15008,1
15009,1
15012,1
15014,1
15015,1
15018,1
15019,1
15021,1
15022,1
15025,1
15026,1
15027,2
15030,1
15031,2
15032,1
15033,3
15034,1
15036,1
15037,1
15038,1
15042,1
15047,1
15049,1
15055,2
15060,1
15061,1
15063,1
15064,1
15068,1
15069,1
15070,1
15073,1
15078,1
15079,1
15084,1
15088,1
15090,1
15096,1
15098,1
15100,1
15101,1
15109,1
15110,1
15111,1
15113,1
15115,2
15123,1
15127,1
15128,1
15134,1
15139,1
15140,1
15146,1
15148,1
15151,1
15154,2
15157,1
15160,1
15161,1
15162,1
15163,1
15169,1
15173,1
15174,2
15179,1
15180,2
15182,1
15184,1
15185,1
15186,1
15195,1
15200,1
15201,1
15202,1
15206,1
15207,1
15209,1
15212,1
15213,1
15215,1
15216,1
15221,1
15222,2
15224,2
15226,1
15234,1
15235,1
15238,1
15239,1
15241,1
15245,2
15246,1
15247,1
15255,1
15257,1
15258,1
15268,2
15270,1
15272,1
15274,2
15276,2
15284,1
15286,1
15288,2
15290,1
15291,2
15293,1
15295,1
15301,1
15302,1
15304,1
15306,1
15309,1
15314,1
15318,1
15321,1
15327,1
15328,1
15330,1
15331,1
15333,1
15337,1
15343,1
15344,1
15348,1
15350,2
15351,1
15356,1
15359,1
15362,1
15364,1
15367,1
15369,1
15370,1
15375,1
15381,1
15392,1
15394,2
15395,1
15404,1
15409,2
15411,1
15413,1
15417,1
15423,1
15424,2
15435,1
15439,1
15452,1
15453,1
15454,2
15456,2
15464,1
15465,1
15467,1
15468,2
15476,1
15477,1
15478,1
15483,2
15484,1
15490,1
15495,1
15506,1
15517,2
15519,1
15524,1
15530,3
15536,1
15538,1
15539,1
15546,1
15548,1
15551,2
15552,1
15559,1
15561,1
15562,1
15566,1
15568,1
15579,1
15580,1
15581,2
15585,1
15588,1
15589,1
15590,1
15594,1
15598,1
15601,1
15602,1
15605,1
15610,1
15612,1
15616,1
15617,1
15621,2
15624,1
15626,1
15627,1
15628,1
15634,1
15636,1
15639,1
15640,2
15646,1
15650,1
15652,1
15654,1
15663,1
15664,1
15666,1
15667,2
15669,1
15672,1
15674,1
15675,2
15676,1
15679,1
15680,1
15691,1
15707,1
15708,1
15709,1
15710,1
15711,1
15713,1
15716,1
15722,1
15723,1
15725,2
15731,1
15732,1
15737,1
15738,1
15752,1
15754,2
15756,1
15771,1
15775,1
15779,2
15780,1
15790,1
15791,1
15793,3
15798,1
15800,1
15801,1
15802,1
15803,2
15817,1
15819,2
15820,1
15822,1
15824,1
15831,2
15833,1
15836,1
15842,1
15845,1
15848,1
15852,1
15854,1
15856,1
15863,1
15864,2
15870,1
15871,1
15873,1
15878,1
15879,1
15888,2
15897,1
15903,1
15908,1
15910,1
15911,1
15914,1
15918,1
15920,1
15921,1
15926,1
15927,1
15939,1
15944,2
15947,1
15955,1
15963,1
15964,2
15965,1
15968,1
15971,1
15979,1
15981,1
15982,2
15983,2
15984,1
15985,1
15987,1
15988,3
15995,1
15998,1
15999,2
16000,1
16001,1
16003,1
16004,1
16007,1
16014,1
16017,1
16018,2
16020,1
16022,2
16023,2
16027,1
16030,1
16032,1
16035,1
16037,1
16039,1
16046,1
16049,1
16051,1
16054,1
16055,1
16057,1
16070,1
16074,1
16075,2
16077,3
16080,1
16085,2
16090,1
16094,1
16102,1
16104,1
16109,1
16115,1
16118,1
16123,1
16127,1
16129,1
16136,1
16137,1
16143,1
16148,1
16156,1
16165,2
16168,2
16169,2
16170,1
16177,1
16182,1
16187,2
16190,1
16192,1
16195,1
16197,1
16198,1
16200,1
16202,1
16214,1
16216,1
16219,1
16222,1
16225,1
16227,1
16229,1
16234,1
16238,1
16240,1
16243,1
16245,1
16247,1
16251,1
16256,1
16261,1
16265,2
16267,1
16268,2
16272,2
16276,1
16281,1
16285,1
16287,1
16288,1
16295,1
16299,1
16308,2
16314,1
16315,1
16316,1
16317,1
16323,1
16326,1
16328,3
16330,1
16332,1
16338,1
16343,1
16345,1
16348,1
16349,1
16350,1
16353,1
16355,1
16360,1
16365,1
16368,1
16370,1
16375,1
16379,1
16381,2
16382,1
16383,1
16384,2
16387,1
16392,1
16393,1
16400,1
16402,1
16405,2
16414,2
16419,1
16420,1
16421,1
16428,2
16431,1
16435,1
16436,3
16442,1
16444,1
16451,1
16454,1
16457,1
16458,1
16463,1
16464,1
16466,2
16472,2
16476,1
16480,1
16485,1
16487,1
16493,1
16505,1
16506,1
16510,2
16515,2
16518,1
16519,1
16520,2
16522,1
16527,1
16528,1
16529,1
16533,1
16534,1
16535,2
16537,1
16543,1
16544,1
16551,1
16555,1
16556,1
16559,1
16560,1
16561,1
16563,1
16564,2
16567,1
16573,1
16576,3
16579,1
16581,1
16582,1
16585,1
16589,1
16594,1
16595,1
16600,1
16601,1
16602,1
16610,1
16616,1
16618,2
16622,1
16627,2
16630,1
16631,1
16633,1
16634,2
16635,1
16639,2
16650,1
16658,1
16659,1
16660,1
16664,1
16666,1
16669,2
16671,1
16672,1
16675,1
16676,1
16677,1
16682,1
16687,1
16688,1
16689,1
16690,1
16691,1
16692,1
16694,1
16696,1
16698,1
16699,1
16701,1
16702,2
16705,3
16708,1
16712,1
16713,2
16716,3
16718,3
16721,1
16723,1
16732,1
16741,1
16744,1
16751,1
16755,3
16756,1
16760,1
16763,1
16764,1
16765,1
16767,1
16771,1
16785,1
16788,1
16789,1
16791,1
16792,1
16793,1
16797,2
16800,1
16803,1
16804,1
16805,1
16811,1
16816,1
16817,1
16819,1
16823,1
16827,1
16829,1
16831,2
16836,1
16838,1
16842,1
16843,1
16844,1
16845,1
16849,1
16857,1
16859,1
16861,1
16865,1
16868,1
16870,1
16873,1
16874,1
16877,1
16878,1
16879,1
16882,1
16886,1
16888,1
16892,1
16897,1
16899,1
16902,1
16903,1
16908,1
16915,1
16919,2
16921,1
16924,1
16929,1
16933,1
16937,1
16938,1
16942,1
16946,1
16949,1
16953,1
16955,1
16956,1
16961,1
16966,1
16968,1
16969,1
16975,1
16976,1
16983,1
16984,1
16988,2
16992,1
16993,1
16997,1
16998,1
17000,1
17008,1
17009,1
17014,1
17018,1
17020,2
17025,1
17031,1
17033,1
17034,1
17038,2
17043,2
17044,1
17045,1
17050,1
17054,2
17057,1
17061,1
17072,1
17074,2
17076,1
17077,1
17079,1
17081,1
17082,2
17084,1
17085,1
17086,1
17087,1
17089,1
17090,1
17093,1
17098,2
17102,1
17104,1
17106,2
17110,1
17111,1
17112,1
17114,1
17118,1
17123,1
17124,1
17125,2
17129,1
17132,1
17133,1
17134,2
17136,1
17137,2
17140,1
17146,1
17147,1
17151,1
17152,1
17153,1
17156,2
17159,1
17162,1
17171,1
17172,1
17177,1
17185,1
17190,1
17191,1
17193,1
17196,2
17197,1
17204,1
17206,1
17207,1
17211,1
17213,2
17222,1
17225,2
17228,1
17232,1
17243,1
17248,2
17250,1
17255,1
17258,4
17260,1
17262,1
17265,1
17269,1
17278,1
17286,1
17288,1
17289,1
17292,1
17294,1
17295,1
17296,1
17302,1
17305,1
17308,1
17309,1
17317,1
17325,1
17328,2
17332,1
17333,1
17336,1
17344,1
17345,1
17354,1
17355,1
17357,1
17359,1
17361,1
17367,1
17368,1
17370,1
17371,2
17377,1
17381,1
17382,2
17385,2
17396,1
17401,1
17406,1
17413,1
17420,1
17422,1
17426,1
17431,1
17434,1
17436,1
17440,1
17442,1
17445,1
17447,1
17453,1
17457,1
17459,1
17461,1
17475,2
17477,1
17485,2
17488,2
17490,1
17493,1
17494,1
17496,1
17501,3
17506,2
17510,1
17516,1
17519,1
17524,1
17525,1
17528,1
17529,1
17531,1
17535,1
17539,1
17542,1
17549,1
17550,1
17558,1
17561,1
17568,1
17573,1
17574,1
17575,1
17596,1
17601,1
17602,1
17606,4
17607,1
17612,1
17617,1
17619,1
17623,2
17624,2
17625,1
17628,1
17629,1
17634,1
17636,1
17642,1
17645,1
17652,2
17659,1
17660,1
17663,1
17665,1
17667,2
17682,1
17684,1
17688,1
17692,1
17697,1
17698,1
17700,1
17701,1
17702,1
17703,1
17705,1
17707,1
17708,1
17712,2
17723,1
17727,1
17729,1
17731,1
17733,1
17734,1
17735,1
17737,1
17738,1
17739,2
17747,2
17748,1
17751,1
17757,1
17758,2
17760,1
17762,1
17764,1
17765,1
17766,1
17767,1
17775,1
17783,2
17787,1
17801,1
17803,1
17806,2
17807,2
17808,1
17811,1
17816,1
17820,1
17821,1
17822,2
17824,1
17828,1
17835,1
17840,1
17847,1
17850,1
17853,1
17855,1
17857,1
17863,1
17865,1
17866,1
17867,1
17870,1
17881,1
17884,1
17891,1
17893,1
17898,1
17901,1
17905,2
17908,1
17910,1
17913,1
17920,2
17921,2
17923,1
17925,1
17926,1
17934,1
17936,1
17941,1
17948,1
17953,1
17954,1
17959,1
17960,1
17967,2
17969,1
17973,1
17974,1
17991,1
17999,1
18000,1
18001,1
18012,2
18019,1
18022,1
18033,1
18037,1
18040,1
18044,1
18045,2
18046,1
18056,1
18062,2
18071,1
18074,1
18080,1
18081,1
18086,1
18090,1
18091,1
18103,2
18104,1
18107,1
18108,1
18112,1
18116,1
18119,1
18127,2
18130,1
18132,1
18138,1
18139,1
18141,2
18155,1
18164,2
18168,1
18170,1
18172,2
18173,1
18178,1
18191,1
18193,1
18195,2
18197,1
18204,1
18207,1
18208,1
18209,1
18210,1
18215,1
18218,1
18220,3
18221,1
18225,1
18226,1
18230,1
18231,1
18235,2
18242,1
18244,1
18248,1
18253,1
18257,1
18267,1
18273,1
18288,1
18290,1
18297,1
18308,1
18314,1
18315,1
18317,1
18320,1
18322,1
18324,3
18329,1
18330,1
18331,1
18334,1
18344,1
18345,1
18349,2
18354,1
18360,1
18369,1
18376,1
18377,1
18382,1
18387,2
18397,1
18409,1
18418,1
18422,1
18423,1
18426,1
18427,1
18433,1
18438,1
18447,1
18453,1
18465,1
18470,1
18471,1
18472,2
18473,1
18476,1
18477,1
18478,1
18483,1
18496,1
18498,2
18507,1
18508,1
18518,1
18519,1
18523,1
18525,1
18530,1
18539,2
18541,1
18542,1
18547,1
18562,1
18571,1
18573,1
18574,1
18577,1
18580,1
18581,1
18588,1
18594,1
18598,1
18599,1
18607,1
18608,1
18609,1
18610,2
18614,1
18615,1
18617,1
18618,1
18621,1
18631,1
18638,1
18643,1
18650,1
18656,1
18659,1
18661,1
18669,1
18677,1
18681,1
18682,1
18686,2
18690,1
18692,1
18694,1
18700,1
18702,1
18705,1
18713,2
18717,2
18729,1
18748,2
18752,1
18753,1
18754,1
18764,1
18777,1
18781,2
18789,1
18790,1
18796,1
18797,1
18817,1
18836,1
18838,2
18839,1
18846,2
18848,1
18850,1
18853,1
18854,1
18858,1
18865,1
18867,2
18870,1
18880,1
18893,1
18896,1
18897,2
18907,1
18913,1
18917,2
18926,1
18931,1
18933,1
18934,1
18936,1
18941,1
18947,1
18955,2
18958,1
18965,1
18970,1
18975,2
18978,1
18979,1
18980,1
18982,2
18984,1
18986,1
18988,1
18993,1
19002,1
19005,1
19014,1
19015,1
19020,1
19038,1
19042,1
19045,1
19050,1
19055,1
19056,1
19062,1
19066,1
19067,1
19093,1
19099,1
19108,1
19111,1
19118,1
19119,1
19121,1
19126,1
19131,1
19132,1
19133,1
19134,1
19135,1
19137,1
19141,1
19143,1
19145,1
19156,1
19158,1
19165,1
19168,1
19172,1
19181,1
19182,1
19192,1
19196,1
19198,1
19199,1
19206,1
19208,1
19217,1
19225,2
19231,1
19236,1
19238,1
19241,1
19253,1
19271,1
19281,1
19286,1
19294,1
19299,1
19308,2
19312,1
19314,1
19320,1
19325,1
19327,1
19328,1
19329,1
19332,2
19333,1
19334,1
19340,1
19342,1
19344,1
19356,1
19357,1
19359,1
19365,1
19369,1
19376,2
19383,1
19394,1
19402,1
19406,1
19414,1
19422,3
19426,1
19432,1
19433,1
19434,1
19435,1
19440,1
19446,1
19455,1
19461,1
19466,1
19473,1
19474,1
19478,2
19485,1
19488,1
19490,1
19493,1
19497,1
19507,1
19511,1
19546,1
19549,1
19558,1
19567,1
19574,1
19575,1
19587,1
19588,2
19591,1
19605,1
19606,2
19607,1
19611,1
19612,1
19615,2
19619,1
19625,1
19627,1
19636,1
19639,1
19672,1
19698,1
19708,1
19709,1
19713,1
19715,1
19729,1
19733,1
19740,1
19749,1
19753,1
19754,1
19756,1
19757,1
19766,1
19773,1
19790,1
19793,1
19795,1
19801,1
19805,1
19807,1
19811,1
19814,1
19817,2
19821,1
19829,1
19838,1
19846,1
19852,1
19855,1
19860,1
19871,1
19874,1
19879,1
19880,2
19882,1
19886,1
19889,2
19890,1
19891,1
19894,2
19908,2
19910,1
19911,1
19916,1
19918,1
19919,1
19936,1
19937,1
19938,1
19944,1
19950,1
19951,1
19961,1
19962,2
19963,1
19966,2
19973,2
19981,2
19984,1
19994,1
19995,1
19998,1
20008,1
20011,1
20031,1
20033,1
20044,1
20047,1
20051,1
20052,1
20060,1
20065,1
20070,1
20071,1
20072,1
20076,1
20078,1
20079,1
20097,1
20104,2
20111,1
20113,1
20114,1
20120,1
20134,1
20147,1
20150,1
20152,1
20159,2
20161,1
20167,1
20170,1
20171,1
20177,1
20183,1
20186,1
20188,2
20214,2
20218,1
20222,1
20225,1
20227,1
20235,2
20237,1
20240,1
20244,1
20246,1
20259,1
20260,1
20271,1
20275,1
20292,1
20294,1
20298,1
20304,1
20307,1
20321,1
20339,1
20351,1
20353,1
20362,1
20372,3
20375,1
20376,1
20381,1
20384,1
20385,1
20391,1
20399,1
20403,1
20404,1
20427,1
20442,1
20447,1
20451,1
20452,1
20457,1
20466,1
20470,1
20471,1
20473,1
20476,1
20482,1
20483,1
20489,1
20500,1
20503,2
20506,1
20508,1
20510,1
20516,1
20532,1
20533,2
20544,1
20555,1
20561,1
20563,1
20564,1
20565,1
20571,2
20572,1
20578,1
20580,1
20587,1
20589,1
20595,1
20598,1
20615,1
20618,1
20625,1
20640,1
20652,1
20654,1
20660,1
20664,1
20668,1
20687,1
20691,2
20696,1
20700,1
20706,1
20711,2
20714,1
20717,1
20722,1
20723,1
20726,1
20749,1
20755,1
20756,2
20766,1
20768,1
20770,1
20778,1
20786,1
20794,2
20798,1
20804,1
20816,1
20817,1
20820,1
20824,2
20825,1
20830,1
20835,2
20838,1
20842,1
20854,1
20863,1
20866,1
20887,1
20888,1
20890,1
20896,1
20899,1
20901,1
20910,1
20916,1
20917,1
20926,1
20928,1
20936,1
20939,1
20942,2
20943,1
20958,1
20960,1
20972,1
20977,1
20984,1
20988,1
20990,1
20991,1
20993,1
20996,1
21001,2
21002,1
21006,1
21014,3
21018,1
21025,1
21028,1
21038,1
21039,1
21044,1
21056,1
21063,1
21065,1
21066,1
21068,2
21069,1
21078,1
21084,1
21086,1
21092,1
21097,1
21111,1
21114,1
21115,1
21117,1
21121,1
21123,1
21126,1
21133,1
21134,1
21149,1
21155,1
21156,1
21159,1
21170,1
21174,1
21181,1
21188,1
21200,1
21202,1
21206,1
21211,1
21215,1
21216,1
21223,1
21228,1
21236,2
21252,1
21253,1
21270,1
21274,1
21287,1
21290,1
21292,1
21298,1
21305,1
21312,1
21318,2
21323,1
21324,1
21325,1
21328,1
21330,1
21339,1
21346,1
21363,1
21364,1
21376,2
21391,1
21394,2
21398,1
21399,1
21404,1
21405,1
21412,1
21417,1
21422,1
21423,1
21426,1
21451,1
21458,1
21465,1
21475,1
21478,1
21488,1
21491,1
21496,1
21503,1
21516,1
21543,1
21548,1
21550,1
21567,1
21570,1
21583,2
21584,1
21592,1
21593,1
21597,1
21600,1
21604,1
21606,1
21609,1
21612,1
21622,1
21625,1
21643,1
21651,1
21656,2
21660,1
21663,1
21677,1
21682,1
21683,1
21685,1
21690,1
21697,1
21730,1
21734,1
21740,1
21744,1
21745,1
21750,1
21755,1
21759,1
21760,1
21763,1
21778,1
21795,1
21798,1
21799,1
21806,1
21808,1
21809,1
21816,1
21819,1
21822,1
21825,1
21826,1
21827,1
21831,1
21834,1
21846,1
21854,1
21878,1
21882,1
21884,1
21901,1
21902,1
21906,1
21908,1
21911,1
21921,2
21922,1
21924,1
21928,1
21939,1
21947,2
21952,1
21959,1
21982,1
21985,1
21989,1
21994,1
21996,1
21999,2
22000,1
22002,2
22005,1
22006,1
22007,1
22009,1
22014,1
22031,1
22050,1
22063,1
22071,1
22074,1
22086,1
22088,1
22092,1
22109,1
22111,1
22124,1
22131,1
22143,1
22144,1
22145,1
22152,1
22156,1
22157,1
22161,1
22165,1
22176,1
22183,1
22196,1
22208,1
22209,1
22210,1
22224,1
22232,1
22234,1
22235,1
22237,1
22239,1
22247,1
22249,1
22250,2
22262,1
22271,1
22278,1
22280,1
22288,1
22291,1
22294,1
22295,1
22297,2
22306,1
22317,1
22319,1
22325,1
22339,1
22345,1
22348,1
22352,1
22358,1
22363,1
22368,1
22374,1
22382,1
22383,2
22390,1
22395,1
22397,1
22412,1
22413,1
22416,2
22426,1
22431,1
22440,1
22442,1
22473,1
22481,1
22493,1
22496,1
22498,1
22503,1
22505,1
22526,1
22528,1
22530,2
22542,1
22546,1
22552,2
22559,1
22568,1
22577,2
22578,1
22579,1
22609,1
22633,1
22648,1
22656,1
22669,1
22675,1
22679,2
22693,1
22712,1
22719,1
22721,1
22726,1
22728,2
22748,2
22749,1
22755,2
22766,1
22775,1
22791,1
22792,1
22796,1
22815,2
22829,1
22840,1
22856,1
22865,1
22874,1
22878,1
22879,2
22891,1
22904,1
22907,1
22928,1
22929,1
22942,1
22946,1
22947,1
22952,1
22954,1
22958,1
22959,1
22962,1
22965,2
22970,1
22985,1
22987,1
22997,1
23027,1
23030,1
23052,1
23065,1
23067,1
23072,1
23099,1
23102,1
23110,1
23112,1
23114,1
23120,2
23136,1
23137,2
23139,1
23141,1
23151,1
23184,1
23187,1
23191,1
23201,1
23204,1
23211,1
23219,1
23221,1
23228,1
23240,1
23248,1
23249,1
23254,1
23267,1
23269,1
23275,1
23282,1
23285,1
23299,1
23302,1
23315,1
23324,1
23332,1
23336,1
23355,1
23372,1
23377,1
23378,1
23393,1
23398,1
23401,1
23405,1
23440,1
23441,1
23450,1
23454,1
23455,1
23466,1
23472,1
23486,1
23494,1
23495,1
23506,1
23518,1
23519,1
23537,1
23544,1
23557,1
23563,1
23566,1
23577,1
23583,1
23609,1
23613,1
23617,1
23632,1
23643,1
23648,1
23653,1
23680,1
23683,1
23689,1
23711,1
23714,1
23719,1
23722,1
23727,1
23729,1
23735,1
23739,1
23740,1
23746,1
23747,2
23749,1
23755,1
23775,1
23786,1
23799,1
23800,1
23803,1
23832,2
23833,1
23842,1
23846,1
23847,1
23849,1
23856,1
23858,1
23868,1
23877,1
23886,1
23892,1
23901,1
23908,1
23913,1
23920,1
23933,1
23952,1
23961,1
23968,1
23970,1
23978,1
23983,1
23985,1
23997,2
24003,1
24005,1
24006,1
24015,1
24016,1
24017,1
24022,1
24025,1
24032,1
24056,1
24060,1
24061,1
24074,1
24101,1
24102,1
24139,1
24147,1
24154,1
24167,1
24168,1
24194,1
24198,1
24205,1
24208,1
24216,1
24218,1
24220,1
24241,1
24264,1
24287,1
24289,1
24298,1
24300,1
24304,1
24310,1
24313,1
24317,1
24321,1
24322,1
24352,1
24366,1
24368,1
24373,1
24375,1
24378,2
24383,1
24384,1
24386,1
24388,1
24395,1
24396,1
24400,1
24401,1
24402,1
24403,1
24417,1
24423,1
24424,1
24429,1
24454,1
24467,1
24476,1
24480,1
24491,1
24505,1
24510,1
24540,1
24544,1
24582,1
24589,1
24591,1
24592,1
24593,1
24607,2
24614,1
24618,1
24623,1
24626,1
24641,1
24655,1
24658,1
24678,1
24680,1
24684,1
24685,1
24699,1
24706,1
24716,1
24718,1
24731,1
24733,1
24737,1
24743,1
24749,1
24755,1
24771,1
24785,1
24825,1
24831,2
24836,1
24837,1
24839,1
24849,1
24857,1
24858,1
24883,1
24884,1
24886,1
24887,2
24891,1
24903,1
24911,1
24917,1
24934,1
24941,1
24971,1
24979,1
24985,1
24986,1
25000,1
25011,1
25029,1
25039,1
25048,1
25053,1
25056,1
25057,1
25065,1
25073,1
25099,1
25101,1
25111,1
25118,1
25134,1
25142,1
25154,1
25169,1
25174,1
25195,1
25200,1
25206,1
25216,1
25222,1
25230,1
25232,1
25248,1
25260,1
25268,1
25290,1
25294,1
25310,1
25315,1
25319,1
25343,1
25347,1
25349,1
25355,1
25362,1
25381,1
25387,1
25400,1
25404,1
25412,1
25429,1
25430,1
25433,1
25434,1
25436,1
25442,1
25446,1
25447,1
25454,1
25458,1
25468,1
25477,1
25500,1
25511,1
25527,2
25534,1
25559,1
25561,1
25604,1
25605,1
25609,1
25612,1
25619,1
25652,1
25683,1
25685,1
25689,1
25690,1
25695,1
25712,1
25716,1
25717,1
25723,1
25748,1
25756,1
25778,1
25794,1
25800,1
25810,1
25823,1
25825,1
25827,1
25829,1
25834,1
25839,1
25845,1
25850,1
25868,1
25879,1
25887,1
25906,1
25908,1
25914,1
25920,1
25922,1
25936,1
25944,2
25952,1
25990,1
25993,1
26009,1
26018,1
26020,2
26023,1
26031,1
26041,1
26051,1
26052,1
26069,1
26071,1
26087,1
26096,1
26100,1
26115,1
26116,1
26120,1
26121,1
26124,1
26132,1
26144,1
26158,1
26159,1
26173,1
26180,1
26185,1
26198,1
26201,1
26211,1
26212,2
26215,1
26220,1
26234,1
26254,1
26270,1
26280,1
26283,1
26287,2
26289,1
26301,2
26321,1
26334,1
26350,2
26359,1
26370,1
26372,1
26406,1
26425,1
26430,1
26451,1
26458,1
26488,1
26489,1
26534,1
26536,2
26542,1
26557,1
26576,1
26577,1
26583,1
26626,1
26645,1
26657,1
26675,1
26691,1
26693,1
26695,1
26705,2
26712,1
26721,1
26731,1
26733,1
26744,1
26746,1
26754,2
26756,1
26762,1
26776,1
26779,1
26780,1
26781,1
26793,1
26803,1
26828,1
26837,1
26846,1
26847,1
26850,1
26851,1
26871,1
26879,1
26888,1
26894,1
26906,1
26932,1
26937,1
26938,1
26939,1
26951,1
26960,1
26963,1
26964,1
26972,1
26975,1
26977,1
26990,1
26991,1
26993,1
26995,1
26996,1
27003,1
27042,1
27046,1
27070,1
27077,1
27081,1
27082,1
27085,1
27092,1
27120,1
27126,1
27130,1
27140,1
27142,2
27147,1
27176,1
27199,1
27214,1
27216,1
27227,1
27230,1
27248,1
27255,1
27261,1
27275,1
27278,1
27279,1
27290,1
27293,1
27312,1
27315,1
27320,1
27323,1
27324,1
27334,1
27336,1
27348,1
27432,1
27435,1
27444,1
27466,1
27478,1
27484,1
27488,1
27502,1
27507,1
27547,1
27562,1
27565,1
27599,1
27608,1
27611,1
27618,1
27625,1
27633,1
27636,1
27660,1
27671,1
27676,1
27683,1
27691,1
27734,1
27751,1
27763,1
27775,1
27776,1
27783,1
27785,1
27786,1
27789,1
27793,1
27794,1
27803,1
27807,1
27818,1
27821,1
27822,1
27823,1
27833,1
27849,1
27873,1
27880,1
27884,1
27892,1
27909,1
27911,1
27912,1
27923,1
27934,1
27960,1
27962,1
27993,1
27995,1
27998,2
28029,1
28063,1
28072,1
28082,1
28093,2
28108,1
28115,1
28155,1
28163,1
28167,1
28169,1
28191,1
28201,1
28212,1
28225,1
28228,1
28230,1
28232,1
28235,1
28236,1
28347,1
28379,1
28401,1
28410,1
28411,1
28420,1
28423,1
28424,1
28429,1
28432,1
28450,1
28470,1
28471,1
28498,1
28500,1
28522,2
28534,1
28559,1
28567,1
28569,1
28574,1
28577,1
28578,1
28579,1
28582,1
28627,1
28630,1
28634,1
28640,1
28641,1
28656,1
28667,1
28683,1
28688,1
28708,1
28709,1
28710,1
28711,1
28736,1
28743,2
28752,1
28771,1
28772,1
28785,1
28802,2
28806,1
28828,1
28833,1
28839,1
28841,1
28872,1
28889,1
28913,1
28932,1
28937,1
29007,1
29022,1
29023,1
29024,1
29030,2
29038,1
29042,1
29078,1
29102,1
29106,1
29116,1
29124,1
29133,1
29142,1
29150,1
29158,1
29166,1
29174,1
29175,1
29182,1
29184,1
29191,1
29200,1
29238,1
29247,1
29256,1
29295,1
29298,1
29327,1
29344,1
29382,1
29384,1
29394,1
29396,1
29448,1
29450,1
29462,1
29473,1
29490,1
29530,1
29534,1
29546,2
29548,1
29554,1
29611,1
29649,1
29650,1
29664,1
29675,1
29678,2
29682,1
29685,1
29692,1
29695,1
29704,1
29712,1
29720,1
29723,1
29726,1
29727,2
29729,1
29758,1
29789,1
29798,1
29811,1
29813,1
29829,1
29836,1
29847,1
29872,1
29909,1
29926,1
29939,1
29957,1
29970,1
29986,2
30017,1
30018,1
30049,1
30062,1
30063,1
30089,1
30102,1
30122,1
30150,2
30151,1
30181,1
30283,1
30314,1
30331,1
30353,2
30370,1
30386,1
30397,1
30455,1
30459,1
30502,1
30534,1
30550,1
30556,1
30580,1
30591,1
30592,1
30624,1
30661,1
30692,1
30724,1
30731,1
30755,1
30772,1
30775,1
30794,1
30847,1
30879,1
30947,1
30992,1
30995,1
31012,1
31031,1
31040,1
31054,1
31101,1
31110,1
31132,1
31142,1
31179,1
31206,1
31244,1
31260,1
31281,1
31282,1
31287,1
31301,1
31322,1
31324,1
31384,1
31389,1
31417,1
31424,1
31434,1
31441,1
31459,1
31482,1
31501,1
31506,1
31508,1
31533,1
31550,1
31563,1
31582,1
31588,1
31593,1
31601,1
31613,1
31634,1
31635,1
31640,1
31643,1
31667,1
31670,1
31675,1
31682,1
31725,1
31778,1
31835,1
31839,1
31847,1
31862,1
31874,1
31931,2
31973,1
31991,1
32001,1
32005,1
32036,1
32045,1
32046,1
32057,1
32069,1
32082,1
32114,2
32195,1
32223,1
32269,1
32281,1
32285,1
32359,1
32376,1
32382,1
32424,1
32428,1
32436,1
32439,1
32463,1
32480,1
32481,1
32490,1
32509,1
32510,1
32546,1
32553,1
32563,1
32608,3
32611,1
32638,1
32683,1
32753,1
32807,1
32874,1
32914,1
32929,1
32941,1
32981,1
33016,1
33033,1
33088,2
33128,1
33136,1
33163,1
33172,1
33198,1
33211,1
33222,1
33324,1
33334,1
33363,1
33386,1
33393,1
33398,1
33404,1
33423,1
33443,1
33445,1
33453,1
33463,1
33496,1
33515,1
33538,1
33541,1
33549,1
33556,1
33586,1
33587,1
33615,1
33616,1
33619,2
33656,1
33692,1
33697,1
33699,1
33777,1
33788,1
33793,1
33796,1
33806,1
33851,1
33884,1
33912,1
33955,1
33969,1
33970,1
33978,1
33981,1
34029,1
34033,1
34040,1
34047,1
34068,1
34093,1
34099,1
34103,1
34104,1
34158,1
34228,1
34309,1
34310,1
34322,1
34337,1
34366,1
34370,1
34402,1
34463,1
34493,1
34494,1
34548,1
34563,1
34585,1
34591,1
34608,1
34612,1
34640,1
34652,1
34653,1
34665,1
34666,1
34681,1
34707,1
34717,1
34753,1
34773,1
34834,1
34843,1
34864,1
34885,1
34900,1
34901,1
34904,1
34931,1
34964,1
34979,1
35015,1
35037,1
35057,1
35068,1
35078,1
35210,1
35243,1
35300,1
35323,1
35332,1
35349,1
35376,1
35452,1
35468,1
35478,1
35481,1
35483,1
35530,1
35546,1
35587,1
35593,1
35622,1
35643,1
35663,1
35682,1
35725,1
35787,1
35793,1
35807,1
35825,1
35838,1
35866,1
35921,1
35943,1
35957,1
35988,1
36041,1
36089,1
36102,1
36114,1
36256,1
36370,1
36430,1
36442,1
36514,1
36523,1
36793,1
36799,1
36802,1
36823,1
36875,1
36946,1
36986,1
36987,1
36997,1
37010,1
37076,1
37081,1
37089,1
37162,1
37196,1
37206,1
37228,1
37237,1
37262,1
37267,1
37310,1
37312,1
37319,1
37320,1
37321,1
37341,1
37351,1
37477,1
37480,1
37525,1
37553,1
37568,1
37587,2
37591,1
37622,2
37629,1
37694,1
37698,1
37714,1
37716,1
37755,1
37758,1
37794,1
37857,1
37952,1
37956,1
38059,1
38144,1
38204,1
38206,1
38416,1
38432,1
38437,1
38488,1
38600,1
38637,1
38720,1
38723,1
38853,1
38868,1
38871,1
38888,1
38921,1
38935,1
38978,1
38998,1
39104,1
39143,1
39219,1
39253,1
39263,1
39272,1
39296,1
39358,1
39368,1
39372,1
39386,1
39387,1
39522,1
39564,1
39597,1
39671,1
39749,1
39888,1
39896,1
39917,1
39946,1
39992,1
40009,1
40083,1
40107,1
40163,1
40188,1
40235,1
40275,1
40283,1
40285,1
40305,1
40338,1
40373,1
40380,1
40392,1
40393,1
40626,1
40654,1
40772,1
40776,1
40777,1
40790,1
40810,1
40824,1
40880,1
40906,1
40978,1
41021,1
41079,1
41131,1
41171,1
41177,1
41339,1
41368,1
41375,1
41402,1
41431,1
41523,1
41546,1
41576,1
41578,1
41629,1
41737,1
41800,1
41960,1
41964,1
41979,1
41994,1
42093,1
42100,1
42104,1
42272,1
42287,1
42464,1
42485,1
42514,1
42605,1
42651,1
42672,1
42747,1
42801,1
42886,1
43015,1
43141,1
43210,1
43211,1
43222,1
43236,1
43260,1
43426,1
43457,1
43491,1
43717,1
43746,1
43817,1
43835,1
43896,1
43998,1
44052,1
44178,1
44404,1
44437,1
44467,1
44468,1
44558,1
44601,1
44637,1
44818,1
44944,1
45010,1
45056,1
45161,1
45220,1
45313,1
45461,1
45469,1
45475,1
45544,1
45613,1
45828,1
45909,1
45968,1
46218,1
46345,1
46375,1
46409,1
46421,1
46508,1
46924,1
47082,1
47111,1
47252,1
47354,1
47371,1
47374,1
47554,1
47709,1
47762,1
47799,1
47867,1
47882,1
47928,1
47938,1
48113,1
48186,1
48206,1
48210,2
48460,1
48487,1
48546,1
48848,1
48960,1
49045,1
49149,1
49177,1
49243,1
49367,1
49677,1
49689,1
49882,1
49950,1
50051,1
50575,1
50608,1
50734,1
50756,1
50856,1
50913,1
50948,1
50962,1
51046,1
51078,1
51109,1
51398,1
51503,1
51709,1
51772,1
51780,1
51820,1
51840,1
52237,1
52375,1
52548,1
52714,1
52716,1
53170,1
53626,1
53835,1
53944,1
53991,1
54382,1
54459,1
54505,1
54526,1
54528,1
54741,1
55038,1
55128,1
55174,1
55297,1
55484,1
55530,1
55862,1
56192,1
56243,1
56694,1
56716,1
56816,1
57010,1
57025,1
57459,1
57491,1
57985,1
58051,1
58338,1
58453,1
58482,1
59485,1
60118,1
60583,1
61193,1
61556,1
61872,1
62601,1
63674,1
64695,1
65384,1
65392,1
65420,1
65796,1
66934,1
68094,1
68305,1
68338,1
68900,1
70985,1
71482,1
72826,1
72850,1
74502,1
74551,1
75502,1
75835,1
75874,1
76397,1
77469,1
78679,1
80118,1
80460,1
81370,1
83218,1
87454,1
87572,1
88815,1
90443,1
90703,1
93897,1
96197,1
97882,1
110836,1
111157,1
111865,1
126826,1
