rule,status,onset,cert_step,period,dx,dy,visited,bbox_w,bbox_h,onset_exact
R,CYCLE,-1,7,4,0,0,4,2,2,0
RR,CYCLE,-1,15,8,0,0,4,2,2,0
RL,HIGHWAY,9977,11264,104,-2,-2,1648,73,45,1
RRR,CYCLE,-1,27,12,0,0,4,2,2,0
RRL,HIGHWAY,39,1024,18,1,-1,286,58,59,1
RLR,TIMEOUT,-1,20000000,-1,0,0,244831,630,624,0
RLL,TIMEOUT,-1,20000000,-1,0,0,187306,498,502,0
RRRR,CYCLE,-1,31,16,0,0,4,2,2,0
RRRL,HIGHWAY,79,5120,52,2,-2,987,198,199,1
RRLR,OOB,-1,349235,-1,0,0,18886,979,1075,0
RRLL,TIMEOUT,-1,20000000,-1,0,0,39030,200,238,0
RLRR,TIMEOUT,-1,20000000,-1,0,0,180649,483,493,0
RLRL,HIGHWAY,10077,11264,104,-2,-2,1648,73,45,1
RLLR,TIMEOUT,-1,20000000,-1,0,0,421690,600,706,0
RLLL,TIMEOUT,-1,20000000,-1,0,0,144878,433,424,0
RRRRR,CYCLE,-1,51,20,0,0,4,2,2,0
RRRRL,HIGHWAY,103,4096,68,2,-2,606,122,123,1
RRRLR,TIMEOUT,-1,20000000,-1,0,0,156305,494,448,0
RRRLL,TIMEOUT,-1,20000000,-1,0,0,1120,36,37,0
RRLRR,TIMEOUT,-1,20000000,-1,0,0,3339006,1829,1828,0
RRLRL,TIMEOUT,-1,20000000,-1,0,0,148070,504,435,0
RRLLR,TIMEOUT,-1,20000000,-1,0,0,1236,39,39,0
RRLLL,TIMEOUT,-1,20000000,-1,0,0,1738,45,45,0
RLRRR,TIMEOUT,-1,20000000,-1,0,0,150157,437,422,0
RLRRL,TIMEOUT,-1,20000000,-1,0,0,236631,612,561,0
RLRLR,TIMEOUT,-1,20000000,-1,0,0,168873,477,462,0
RLRLL,TIMEOUT,-1,20000000,-1,0,0,244255,572,606,0
RLLRR,TIMEOUT,-1,20000000,-1,0,0,1768,44,46,0
RLLRL,TIMEOUT,-1,20000000,-1,0,0,198827,613,521,0
RLLLR,TIMEOUT,-1,20000000,-1,0,0,1476,40,38,0
RLLLL,TIMEOUT,-1,20000000,-1,0,0,134132,401,416,0
RRRRRR,CYCLE,-1,55,24,0,0,4,2,2,0
RRRRRL,HIGHWAY,127,2048,84,2,-2,247,50,51,1
RRRRLR,TIMEOUT,-1,20000000,-1,0,0,140328,423,481,0
RRRRLL,TIMEOUT,-1,20000000,-1,0,0,686,27,30,0
RRRLRR,TIMEOUT,-1,20000000,-1,0,0,144141,437,452,0
RRRLRL,TIMEOUT,-1,20000000,-1,0,0,109155,417,377,0
RRRLLR,TIMEOUT,-1,20000000,-1,0,0,722,28,30,0
RRRLLL,HIGHWAY,99,1024,38,-1,1,198,30,30,1
RRLRRR,TIMEOUT,-1,20000000,-1,0,0,135378,439,398,0
RRLRRL,HIGHWAY,55,1024,18,1,-1,286,58,59,1
RRLRLR,TIMEOUT,-1,20000000,-1,0,0,130968,403,440,0
RRLRLL,TIMEOUT,-1,20000000,-1,0,0,157999,437,481,0
RRLLRR,TIMEOUT,-1,20000000,-1,0,0,790,29,32,0
RRLLRL,TIMEOUT,-1,20000000,-1,0,0,113103,378,408,0
RRLLLR,TIMEOUT,-1,20000000,-1,0,0,135483,464,419,0
RRLLLL,TIMEOUT,-1,20000000,-1,0,0,1506,38,40,0
RLRRRR,TIMEOUT,-1,20000000,-1,0,0,129488,407,398,0
RLRRRL,OOB,-1,16636694,-1,0,0,4165676,2042,2042,0
RLRRLR,TIMEOUT,-1,20000000,-1,0,0,244831,630,624,0
RLRRLL,TIMEOUT,-1,20000000,-1,0,0,188386,568,486,0
RLRLRR,TIMEOUT,-1,20000000,-1,0,0,183753,495,531,0
RLRLRL,HIGHWAY,10077,11264,104,-2,-2,1648,73,45,1
RLRLLR,TIMEOUT,-1,20000000,-1,0,0,137639,453,432,0
RLRLLL,TIMEOUT,-1,20000000,-1,0,0,121835,420,403,0
RLLRRR,TIMEOUT,-1,20000000,-1,0,0,1856,40,48,0
RLLRRL,TIMEOUT,-1,20000000,-1,0,0,233422,596,584,0
RLLRLR,TIMEOUT,-1,20000000,-1,0,0,170811,489,477,0
RLLRLL,TIMEOUT,-1,20000000,-1,0,0,187306,498,502,0
RLLLRR,TIMEOUT,-1,20000000,-1,0,0,176496,426,422,0
RLLLRL,TIMEOUT,-1,20000000,-1,0,0,202626,452,462,0
RLLLLR,TIMEOUT,-1,20000000,-1,0,0,1296,36,36,0
RLLLLL,TIMEOUT,-1,20000000,-1,0,0,113955,369,384,0
RRRRRRR,CYCLE,-1,59,28,0,0,4,2,2,0
RRRRRRL,HIGHWAY,151,1024,100,2,-2,107,22,23,1
RRRRRLR,TIMEOUT,-1,20000000,-1,0,0,121197,449,394,0
RRRRRLL,TIMEOUT,-1,20000000,-1,0,0,484,24,24,0
RRRRLRR,TIMEOUT,-1,20000000,-1,0,0,120932,396,376,0
RRRRLRL,TIMEOUT,-1,20000000,-1,0,0,16958,150,148,0
RRRRLLR,TIMEOUT,-1,20000000,-1,0,0,509,24,24,0
RRRRLLL,HIGHWAY,115,8192,92,-2,2,1255,181,181,1
RRRLRRR,TIMEOUT,-1,20000000,-1,0,0,113767,380,362,0
RRRLRRL,TIMEOUT,-1,20000000,-1,0,0,134893,472,410,0
RRRLRLR,TIMEOUT,-1,20000000,-1,0,0,35160,208,205,0
RRRLRLL,TIMEOUT,-1,20000000,-1,0,0,118974,445,371,0
RRRLLRR,TIMEOUT,-1,20000000,-1,0,0,532,24,26,0
RRRLLRL,TIMEOUT,-1,20000000,-1,0,0,106484,419,347,0
RRRLLLR,HIGHWAY,5716,7168,268,2,2,640,36,39,1
RRRLLLL,TIMEOUT,-1,20000000,-1,0,0,23344,172,174,0
RRLRRRR,TIMEOUT,-1,20000000,-1,0,0,3338963,1829,1828,0
RRLRRRL,TIMEOUT,-1,20000000,-1,0,0,216024,618,547,0
RRLRRLR,HIGHWAY,55,1024,18,1,-1,286,58,59,1
RRLRRLL,HIGHWAY,55,1024,18,1,-1,286,58,59,1
RRLRLRR,OOB,-1,2884758,-1,0,0,365591,1033,1031,0
RRLRLRL,TIMEOUT,-1,20000000,-1,0,0,135898,410,484,0
RRLRLLR,OOB,-1,5154399,-1,0,0,80060,1077,1172,0
RRLRLLL,TIMEOUT,-1,20000000,-1,0,0,184017,433,434,0
RRLLRRR,TIMEOUT,-1,20000000,-1,0,0,592,26,26,0
RRLLRRL,TIMEOUT,-1,20000000,-1,0,0,79235,313,308,0
RRLLRLR,HIGHWAY,301,1024,42,1,-1,221,25,27,1
RRLLRLL,TIMEOUT,-1,20000000,-1,0,0,23016,179,172,0
RRLLLRR,HIGHWAY,977,2048,120,2,-2,266,29,31,1
RRLLLRL,HIGHWAY,118,2048,42,-1,1,359,53,53,1
RRLLLLR,TIMEOUT,-1,20000000,-1,0,0,64593,275,264,0
RRLLLLL,TIMEOUT,-1,20000000,-1,0,0,782,28,28,0
RLRRRRR,TIMEOUT,-1,20000000,-1,0,0,111990,373,381,0
RLRRRRL,OOB,-1,16645649,-1,0,0,4167721,2042,2043,0
RLRRRLR,TIMEOUT,-1,20000000,-1,0,0,175497,510,465,0
RLRRRLL,OOB,-1,16674692,-1,0,0,4173750,2044,2044,0
RLRRLRR,TIMEOUT,-1,20000000,-1,0,0,204222,550,532,0
RLRRLRL,TIMEOUT,-1,20000000,-1,0,0,251030,554,744,0
RLRRLLR,HIGHWAY,192632,194560,168,-2,-2,8171,125,101,1
RLRRLLL,TIMEOUT,-1,20000000,-1,0,0,153651,473,463,0
RLRLRRR,TIMEOUT,-1,20000000,-1,0,0,88574,317,310,0
RLRLRRL,TIMEOUT,-1,20000000,-1,0,0,160615,446,535,0
RLRLRLR,TIMEOUT,-1,20000000,-1,0,0,295427,592,760,0
RLRLRLL,TIMEOUT,-1,20000000,-1,0,0,293152,761,643,0
RLRLLRR,TIMEOUT,-1,20000000,-1,0,0,124898,425,426,0
RLRLLRL,TIMEOUT,-1,20000000,-1,0,0,244481,613,576,0
RLRLLLR,TIMEOUT,-1,20000000,-1,0,0,106038,374,373,0
RLRLLLL,TIMEOUT,-1,20000000,-1,0,0,21806,174,172,0
RLLRRRR,TIMEOUT,-1,20000000,-1,0,0,886,30,32,0
RLLRRRL,TIMEOUT,-1,20000000,-1,0,0,150677,449,401,0
RLLRRLR,TIMEOUT,-1,20000000,-1,0,0,69520,270,266,0
RLLRRLL,TIMEOUT,-1,20000000,-1,0,0,72684,278,284,0
RLLRLRR,TIMEOUT,-1,20000000,-1,0,0,162321,521,408,0
RLLRLRL,TIMEOUT,-1,20000000,-1,0,0,155775,481,468,0
RLLRLLR,TIMEOUT,-1,20000000,-1,0,0,55765,283,257,0
RLLRLLL,TIMEOUT,-1,20000000,-1,0,0,156064,451,439,0
RLLLRRR,TIMEOUT,-1,20000000,-1,0,0,73694,280,272,0
RLLLRRL,TIMEOUT,-1,20000000,-1,0,0,518220,720,720,0
RLLLRLR,TIMEOUT,-1,20000000,-1,0,0,183441,448,442,0
RLLLRLL,TIMEOUT,-1,20000000,-1,0,0,136696,436,446,0
RLLLLRR,TIMEOUT,-1,20000000,-1,0,0,594224,776,776,0
RLLLLRL,TIMEOUT,-1,20000000,-1,0,0,35582,194,190,0
RLLLLLR,TIMEOUT,-1,20000000,-1,0,0,676,26,26,0
RLLLLLL,TIMEOUT,-1,20000000,-1,0,0,107107,368,376,0
RRRRRRRR,CYCLE,-1,63,32,0,0,4,2,2,0
RRRRRRRL,HIGHWAY,175,3072,116,2,-2,267,54,55,1
RRRRRRLR,TIMEOUT,-1,20000000,-1,0,0,110495,383,406,0
RRRRRRLL,TIMEOUT,-1,20000000,-1,0,0,382,20,22,0
RRRRRLRR,TIMEOUT,-1,20000000,-1,0,0,1670503,1293,1294,0
RRRRRLRL,TIMEOUT,-1,20000000,-1,0,0,2899,62,61,0
RRRRRLLR,TIMEOUT,-1,20000000,-1,0,0,398,21,22,0
RRRRRLLL,HIGHWAY,131,1024,108,-2,2,143,23,22,1
RRRRLRRR,TIMEOUT,-1,20000000,-1,0,0,2004110,1417,1417,0
RRRRLRRL,TIMEOUT,-1,20000000,-1,0,0,110475,396,391,0
RRRRLRLR,TIMEOUT,-1,20000000,-1,0,0,2970,62,62,0
RRRRLRLL,TIMEOUT,-1,20000000,-1,0,0,108651,384,400,0
RRRRLLRR,TIMEOUT,-1,20000000,-1,0,0,414,21,22,0
RRRRLLRL,TIMEOUT,-1,20000000,-1,0,0,117725,466,390,0
RRRRLLLR,HIGHWAY,55912,58368,532,2,2,2237,65,74,1
RRRRLLLL,TIMEOUT,-1,20000000,-1,0,0,25734,161,196,0
RRRLRRRR,TIMEOUT,-1,20000000,-1,0,0,110874,343,395,0
RRRLRRRL,HIGHWAY,79,5120,52,2,-2,987,198,199,1
RRRLRRLR,TIMEOUT,-1,20000000,-1,0,0,114474,369,411,0
RRRLRRLL,TIMEOUT,-1,20000000,-1,0,0,153260,429,450,0
RRRLRLRR,TIMEOUT,-1,20000000,-1,0,0,4991,78,76,0
RRRLRLRL,TIMEOUT,-1,20000000,-1,0,0,111876,396,398,0
RRRLRLLR,TIMEOUT,-1,20000000,-1,0,0,122946,409,408,0
RRRLRLLL,TIMEOUT,-1,20000000,-1,0,0,96089,326,394,0
RRRLLRRR,TIMEOUT,-1,20000000,-1,0,0,434,22,22,0
RRRLLRRL,TIMEOUT,-1,20000000,-1,0,0,87904,342,337,0
RRRLLRLR,HIGHWAY,129,2048,100,-2,2,375,44,44,1
RRRLLRLL,TIMEOUT,-1,20000000,-1,0,0,3227,63,63,0
RRRLLLRR,TIMEOUT,-1,20000000,-1,0,0,113095,417,363,0
RRRLLLRL,TIMEOUT,-1,20000000,-1,0,0,104574,369,403,0
RRRLLLLR,TIMEOUT,-1,20000000,-1,0,0,39094,195,238,0
RRRLLLLL,TIMEOUT,-1,20000000,-1,0,0,91688,323,336,0
RRLRRRRR,TIMEOUT,-1,20000000,-1,0,0,101661,360,357,0
RRLRRRRL,TIMEOUT,-1,20000000,-1,0,0,168651,482,478,0
RRLRRRLR,OOB,-1,349235,-1,0,0,18886,979,1075,0
RRLRRRLL,HIGHWAY,2834,6144,216,-2,-2,741,51,51,1
RRLRRLRR,HIGHWAY,55,1024,18,1,-1,286,58,59,1
RRLRRLRL,HIGHWAY,55,1024,18,1,-1,286,58,59,1
RRLRRLLR,HIGHWAY,55,1024,18,1,-1,286,58,59,1
RRLRRLLL,HIGHWAY,55,1024,18,1,-1,286,58,59,1
RRLRLRRR,TIMEOUT,-1,20000000,-1,0,0,6569,84,84,0
RRLRLRRL,TIMEOUT,-1,20000000,-1,0,0,144302,468,452,0
RRLRLRLR,TIMEOUT,-1,20000000,-1,0,0,131314,422,425,0
RRLRLRLL,TIMEOUT,-1,20000000,-1,0,0,154072,459,504,0
RRLRLLRR,OOB,-1,321430,-1,0,0,36667,1055,1046,0
RRLRLLRL,TIMEOUT,-1,20000000,-1,0,0,161812,496,440,0
RRLRLLLR,TIMEOUT,-1,20000000,-1,0,0,240269,486,508,0
RRLRLLLL,TIMEOUT,-1,20000000,-1,0,0,218887,478,464,0
RRLLRRRR,TIMEOUT,-1,20000000,-1,0,0,470,22,24,0
RRLLRRRL,TIMEOUT,-1,20000000,-1,0,0,87721,323,329,0
RRLLRRLR,TIMEOUT,-1,20000000,-1,0,0,120250,432,400,0
RRLLRRLL,TIMEOUT,-1,20000000,-1,0,0,39030,200,238,0
RRLLRLRR,OOB,-1,13516090,-1,0,0,495653,1144,1139,0
RRLLRLRL,TIMEOUT,-1,20000000,-1,0,0,110940,394,384,0
RRLLRLLR,TIMEOUT,-1,20000000,-1,0,0,3764,71,69,0
RRLLRLLL,TIMEOUT,-1,20000000,-1,0,0,95672,362,344,0
RRLLLRRR,HIGHWAY,1543281,1545216,248,-2,-2,21616,191,168,1
RRLLLRRL,TIMEOUT,-1,20000000,-1,0,0,9687,116,118,0
RRLLLRLR,OOB,-1,136883,-1,0,0,9332,1031,1051,0
RRLLLRLL,TIMEOUT,-1,20000000,-1,0,0,124843,421,421,0
RRLLLLRR,TIMEOUT,-1,20000000,-1,0,0,237304,476,500,0
RRLLLLRL,TIMEOUT,-1,20000000,-1,0,0,102036,361,345,0
RRLLLLLR,TIMEOUT,-1,20000000,-1,0,0,157647,412,401,0
RRLLLLLL,TIMEOUT,-1,20000000,-1,0,0,576,24,24,0
RLRRRRRR,TIMEOUT,-1,20000000,-1,0,0,109151,367,362,0
RLRRRRRL,OOB,-1,17229670,-1,0,0,4165606,2042,2042,0
RLRRRRLR,TIMEOUT,-1,20000000,-1,0,0,138589,424,452,0
RLRRRRLL,OOB,-1,16661087,-1,0,0,4171803,2043,2044,0
RLRRRLRR,TIMEOUT,-1,20000000,-1,0,0,180649,483,493,0
RLRRRLRL,TIMEOUT,-1,20000000,-1,0,0,155878,455,471,0
RLRRRLLR,OOB,-1,16652685,-1,0,0,4169766,2043,2043,0
RLRRRLLL,OOB,-1,16660959,-1,0,0,4171797,2043,2044,0
RLRRLRRR,TIMEOUT,-1,20000000,-1,0,0,144437,432,492,0
RLRRLRRL,TIMEOUT,-1,20000000,-1,0,0,216043,558,571,0
RLRRLRLR,TIMEOUT,-1,20000000,-1,0,0,246924,596,633,0
RLRRLRLL,TIMEOUT,-1,20000000,-1,0,0,161214,487,482,0
RLRRLLRR,TIMEOUT,-1,20000000,-1,0,0,139353,431,442,0
RLRRLLRL,TIMEOUT,-1,20000000,-1,0,0,199398,561,550,0
RLRRLLLR,TIMEOUT,-1,20000000,-1,0,0,8422,94,100,0
RLRRLLLL,TIMEOUT,-1,20000000,-1,0,0,148219,446,418,0
RLRLRRRR,TIMEOUT,-1,20000000,-1,0,0,5799,81,82,0
RLRLRRRL,TIMEOUT,-1,20000000,-1,0,0,178069,518,505,0
RLRLRRLR,TIMEOUT,-1,20000000,-1,0,0,163404,465,476,0
RLRLRRLL,TIMEOUT,-1,20000000,-1,0,0,166713,479,495,0
RLRLRLRR,HIGHWAY,4174,5120,88,2,-2,1011,54,53,1
RLRLRLRL,HIGHWAY,10077,11264,104,-2,-2,1648,73,45,1
RLRLRLLR,TIMEOUT,-1,20000000,-1,0,0,316242,633,851,0
RLRLRLLL,TIMEOUT,-1,20000000,-1,0,0,264885,654,574,0
RLRLLRRR,TIMEOUT,-1,20000000,-1,0,0,108565,384,382,0
RLRLLRRL,TIMEOUT,-1,20000000,-1,0,0,120064,404,409,0
RLRLLRLR,TIMEOUT,-1,20000000,-1,0,0,257745,600,655,0
RLRLLRLL,HIGHWAY,129218,131072,120,-2,2,6432,100,124,1
RLRLLLRR,TIMEOUT,-1,20000000,-1,0,0,108475,425,374,0
RLRLLLRL,TIMEOUT,-1,20000000,-1,0,0,127592,435,415,0
RLRLLLLR,TIMEOUT,-1,20000000,-1,0,0,123321,459,490,0
RLRLLLLL,TIMEOUT,-1,20000000,-1,0,0,3345,66,68,0
RLLRRRRR,TIMEOUT,-1,20000000,-1,0,0,1120,32,36,0
RLLRRRRL,TIMEOUT,-1,20000000,-1,0,0,168118,455,440,0
RLLRRRLR,TIMEOUT,-1,20000000,-1,0,0,138914,444,429,0
RLLRRRLL,TIMEOUT,-1,20000000,-1,0,0,4917,78,76,0
RLLRRLRR,TIMEOUT,-1,20000000,-1,0,0,158388,474,426,0
RLLRRLRL,TIMEOUT,-1,20000000,-1,0,0,142539,432,420,0
RLLRRLLR,TIMEOUT,-1,20000000,-1,0,0,421690,600,706,0
RLLRRLLL,TIMEOUT,-1,20000000,-1,0,0,175183,424,440,0
RLLRLRRR,TIMEOUT,-1,20000000,-1,0,0,160815,473,454,0
RLLRLRRL,TIMEOUT,-1,20000000,-1,0,0,175838,502,547,0
RLLRLRLR,TIMEOUT,-1,20000000,-1,0,0,156681,520,437,0
RLLRLRLL,TIMEOUT,-1,20000000,-1,0,0,179266,574,460,0
RLLRLLRR,TIMEOUT,-1,20000000,-1,0,0,6573,92,93,0
RLLRLLRL,TIMEOUT,-1,20000000,-1,0,0,156792,477,441,0
RLLRLLLR,TIMEOUT,-1,20000000,-1,0,0,142624,419,424,0
RLLRLLLL,TIMEOUT,-1,20000000,-1,0,0,151043,434,442,0
RLLLRRRR,TIMEOUT,-1,20000000,-1,0,0,164464,410,408,0
RLLLRRRL,OOB,-1,8775699,-1,0,0,4156898,2037,2041,0
RLLLRRLR,TIMEOUT,-1,20000000,-1,0,0,5160,72,72,0
RLLLRRLL,TIMEOUT,-1,20000000,-1,0,0,157000,398,396,0
RLLLRLRR,TIMEOUT,-1,20000000,-1,0,0,142996,427,421,0
RLLLRLRL,TIMEOUT,-1,20000000,-1,0,0,177814,433,465,0
RLLLRLLR,TIMEOUT,-1,20000000,-1,0,0,146258,410,491,0
RLLLRLLL,TIMEOUT,-1,20000000,-1,0,0,144878,433,424,0
RLLLLRRR,TIMEOUT,-1,20000000,-1,0,0,71608,268,268,0
RLLLLRRL,OOB,-1,19087321,-1,0,0,4145598,2037,2039,0
RLLLLRLR,TIMEOUT,-1,20000000,-1,0,0,182054,440,424,0
RLLLLRLL,TIMEOUT,-1,20000000,-1,0,0,323223,570,576,0
RLLLLLRR,TIMEOUT,-1,20000000,-1,0,0,452044,678,678,0
RLLLLLRL,TIMEOUT,-1,20000000,-1,0,0,3844,62,62,0
RLLLLLLR,TIMEOUT,-1,20000000,-1,0,0,576,24,24,0
RLLLLLLL,TIMEOUT,-1,20000000,-1,0,0,89901,339,328,0
RRRRRRRRR,CYCLE,-1,99,36,0,0,4,2,2,0
RRRRRRRRL,HIGHWAY,199,3072,132,2,-2,237,48,49,1
RRRRRRRLR,TIMEOUT,-1,20000000,-1,0,0,97974,411,369,0
RRRRRRRLL,TIMEOUT,-1,20000000,-1,0,0,344,20,20,0
RRRRRRLRR,TIMEOUT,-1,20000000,-1,0,0,95232,335,377,0
RRRRRRLRL,TIMEOUT,-1,20000000,-1,0,0,1453,43,42,0
RRRRRRLLR,TIMEOUT,-1,20000000,-1,0,0,344,20,20,0
RRRRRRLLL,HIGHWAY,147,2048,124,-2,2,245,37,37,1
RRRRRLRRR,TIMEOUT,-1,20000000,-1,0,0,97375,343,362,0
RRRRRLRRL,TIMEOUT,-1,20000000,-1,0,0,85637,367,329,0
RRRRRLRLR,TIMEOUT,-1,20000000,-1,0,0,1536,44,44,0
RRRRRLRLL,HIGHWAY,348707,352256,216,2,2,5843,130,81,1
RRRRRLLRR,TIMEOUT,-1,20000000,-1,0,0,354,20,20,0
RRRRRLLRL,TIMEOUT,-1,20000000,-1,0,0,85116,356,322,0
RRRRRLLLR,HIGHWAY,8744719,8749056,664,2,-2,64466,323,331,1
RRRRRLLLL,TIMEOUT,-1,20000000,-1,0,0,1539,43,43,0
RRRRLRRRR,TIMEOUT,-1,20000000,-1,0,0,2004298,1417,1417,0
RRRRLRRRL,TIMEOUT,-1,20000000,-1,0,0,105803,422,401,0
RRRRLRRLR,TIMEOUT,-1,20000000,-1,0,0,90250,336,352,0
RRRRLRRLL,HIGHWAY,1847577,1851392,380,2,2,24170,219,197,1
RRRRLRLRR,TIMEOUT,-1,20000000,-1,0,0,1569,44,44,0
RRRRLRLRL,HIGHWAY,2639,3072,66,1,-1,244,22,20,1
RRRRLRLLR,TIMEOUT,-1,20000000,-1,0,0,116206,464,380,0
RRRRLRLLL,TIMEOUT,-1,20000000,-1,0,0,84735,321,323,0
RRRRLLRRR,TIMEOUT,-1,20000000,-1,0,0,360,20,20,0
RRRRLLRRL,HIGHWAY,1858344,1860608,520,-4,-4,16110,158,129,1
RRRRLLRLR,HIGHWAY,145,2048,58,-1,1,328,39,39,1
RRRRLLRLL,TIMEOUT,-1,20000000,-1,0,0,1551,44,44,0
RRRRLLLRR,TIMEOUT,-1,20000000,-1,0,0,107605,403,362,0
RRRRLLLRL,TIMEOUT,-1,20000000,-1,0,0,74573,304,319,0
RRRRLLLLR,TIMEOUT,-1,20000000,-1,0,0,1622,44,46,0
RRRRLLLLL,HIGHWAY,522,1024,62,-1,1,137,17,17,1
RRRLRRRRR,TIMEOUT,-1,20000000,-1,0,0,2504668,1585,1583,0
RRRLRRRRL,TIMEOUT,-1,20000000,-1,0,0,177726,528,539,0
RRRLRRRLR,HIGHWAY,79,5120,52,2,-2,987,198,199,1
RRRLRRRLL,HIGHWAY,79,5120,52,2,-2,987,198,199,1
RRRLRRLRR,TIMEOUT,-1,20000000,-1,0,0,106972,408,361,0
RRRLRRLRL,TIMEOUT,-1,20000000,-1,0,0,158877,490,507,0
RRRLRRLLR,TIMEOUT,-1,20000000,-1,0,0,162109,427,448,0
RRRLRRLLL,TIMEOUT,-1,20000000,-1,0,0,3322421,1825,1821,0
RRRLRLRRR,TIMEOUT,-1,20000000,-1,0,0,3409,66,62,0
RRRLRLRRL,TIMEOUT,-1,20000000,-1,0,0,133827,373,476,0
RRRLRLRLR,TIMEOUT,-1,20000000,-1,0,0,114079,380,395,0
RRRLRLRLL,TIMEOUT,-1,20000000,-1,0,0,111692,384,421,0
RRRLRLLRR,TIMEOUT,-1,20000000,-1,0,0,122023,397,416,0
RRRLRLLRL,TIMEOUT,-1,20000000,-1,0,0,126254,418,416,0
RRRLRLLLR,TIMEOUT,-1,20000000,-1,0,0,95617,366,370,0
RRRLRLLLL,TIMEOUT,-1,20000000,-1,0,0,101692,384,336,0
RRRLLRRRR,TIMEOUT,-1,20000000,-1,0,0,382,21,22,0
RRRLLRRRL,TIMEOUT,-1,20000000,-1,0,0,74551,298,302,0
RRRLLRRLR,HIGHWAY,151095,155648,928,6,-6,4337,103,105,1
RRRLLRRLL,TIMEOUT,-1,20000000,-1,0,0,1685,46,47,0
RRRLLRLRR,HIGHWAY,967,3072,248,-4,4,357,49,47,1
RRRLLRLRL,TIMEOUT,-1,20000000,-1,0,0,85113,307,353,0
RRRLLRLLR,TIMEOUT,-1,20000000,-1,0,0,1727,48,46,0
RRRLLRLLL,TIMEOUT,-1,20000000,-1,0,0,81229,319,298,0
RRRLLLRRR,HIGHWAY,6772883,6774784,488,2,-2,46059,260,263,1
RRRLLLRRL,TIMEOUT,-1,20000000,-1,0,0,118794,380,414,0
RRRLLLRLR,TIMEOUT,-1,20000000,-1,0,0,94526,322,394,0
RRRLLLRLL,TIMEOUT,-1,20000000,-1,0,0,96320,349,344,0
RRRLLLLRR,TIMEOUT,-1,20000000,-1,0,0,1836,46,47,0
RRRLLLLRL,TIMEOUT,-1,20000000,-1,0,0,90438,357,349,0
RRRLLLLLR,TIMEOUT,-1,20000000,-1,0,0,2726,56,56,0
RRRLLLLLL,TIMEOUT,-1,20000000,-1,0,0,78709,289,296,0
RRLRRRRRR,TIMEOUT,-1,20000000,-1,0,0,103255,360,357,0
RRLRRRRRL,TIMEOUT,-1,20000000,-1,0,0,129393,424,404,0
RRLRRRRLR,TIMEOUT,-1,20000000,-1,0,0,155734,456,451,0
RRLRRRRLL,TIMEOUT,-1,20000000,-1,0,0,3339056,1828,1829,0
RRLRRRLRR,TIMEOUT,-1,20000000,-1,0,0,170220,515,525,0
RRLRRRLRL,TIMEOUT,-1,20000000,-1,0,0,237255,714,505,0
RRLRRRLLR,TIMEOUT,-1,20000000,-1,0,0,150760,490,463,0
RRLRRRLLL,TIMEOUT,-1,20000000,-1,0,0,154314,443,501,0
RRLRRLRRR,HIGHWAY,55,1024,18,1,-1,286,58,59,1
RRLRRLRRL,HIGHWAY,55,1024,18,1,-1,286,58,59,1
RRLRRLRLR,HIGHWAY,55,1024,18,1,-1,286,58,59,1
RRLRRLRLL,HIGHWAY,55,1024,18,1,-1,286,58,59,1
RRLRRLLRR,HIGHWAY,55,1024,18,1,-1,286,58,59,1
RRLRRLLRL,HIGHWAY,55,1024,18,1,-1,286,58,59,1
RRLRRLLLR,HIGHWAY,55,1024,18,1,-1,286,58,59,1
RRLRRLLLL,HIGHWAY,55,1024,18,1,-1,286,58,59,1
RRLRLRRRR,TIMEOUT,-1,20000000,-1,0,0,2316,50,50,0
RRLRLRRRL,TIMEOUT,-1,20000000,-1,0,0,128259,450,402,0
RRLRLRRLR,TIMEOUT,-1,20000000,-1,0,0,136095,418,466,0
RRLRLRRLL,TIMEOUT,-1,20000000,-1,0,0,155245,460,459,0
RRLRLRLRR,TIMEOUT,-1,20000000,-1,0,0,127501,420,446,0
RRLRLRLRL,TIMEOUT,-1,20000000,-1,0,0,149652,477,441,0
RRLRLRLLR,TIMEOUT,-1,20000000,-1,0,0,141485,475,406,0
RRLRLRLLL,TIMEOUT,-1,20000000,-1,0,0,166182,564,457,0
RRLRLLRRR,OOB,-1,7093997,-1,0,0,1072162,1065,2018,0
RRLRLLRRL,TIMEOUT,-1,20000000,-1,0,0,169999,476,462,0
RRLRLLRLR,HIGHWAY,10850523,10854400,776,4,4,100615,355,412,1
RRLRLLRLL,TIMEOUT,-1,20000000,-1,0,0,150271,495,416,0
RRLRLLLRR,TIMEOUT,-1,20000000,-1,0,0,154913,410,390,0
RRLRLLLRL,TIMEOUT,-1,20000000,-1,0,0,262892,526,507,0
RRLRLLLLR,TIMEOUT,-1,20000000,-1,0,0,155147,406,388,0
RRLRLLLLL,TIMEOUT,-1,20000000,-1,0,0,175589,426,416,0
RRLLRRRRR,TIMEOUT,-1,20000000,-1,0,0,422,22,22,0
RRLLRRRRL,TIMEOUT,-1,20000000,-1,0,0,74188,309,310,0
RRLLRRRLR,TIMEOUT,-1,20000000,-1,0,0,87081,316,349,0
RRLLRRRLL,TIMEOUT,-1,20000000,-1,0,0,1751,47,47,0
RRLLRRLRR,OOB,-1,261776,-1,0,0,12246,1049,1074,0
RRLLRRLRL,TIMEOUT,-1,20000000,-1,0,0,91657,356,377,0
RRLLRRLLR,TIMEOUT,-1,20000000,-1,0,0,1876,49,49,0
RRLLRRLLL,TIMEOUT,-1,20000000,-1,0,0,2891,60,62,0
RRLLRLRRR,TIMEOUT,-1,20000000,-1,0,0,106806,383,400,0
RRLLRLRRL,HIGHWAY,1210285,1211392,148,2,-2,16833,162,148,1
RRLLRLRLR,HIGHWAY,11916160,11917312,268,-2,-2,79449,352,340,1
RRLLRLRLL,HIGHWAY,10833,11264,46,-1,1,706,36,36,1
RRLLRLLRR,TIMEOUT,-1,20000000,-1,0,0,1922,49,49,0
RRLLRLLRL,TIMEOUT,-1,20000000,-1,0,0,102515,356,381,0
RRLLRLLLR,TIMEOUT,-1,20000000,-1,0,0,99957,350,380,0
RRLLRLLLL,TIMEOUT,-1,20000000,-1,0,0,95993,375,336,0
RRLLLRRRR,OOB,-1,135992,-1,0,0,12289,1045,1042,0
RRLLLRRRL,TIMEOUT,-1,20000000,-1,0,0,205218,699,488,0
RRLLLRRLR,TIMEOUT,-1,20000000,-1,0,0,119482,353,435,0
RRLLLRRLL,TIMEOUT,-1,20000000,-1,0,0,2880,56,56,0
RRLLLRLRR,TIMEOUT,-1,20000000,-1,0,0,108440,375,398,0
RRLLLRLRL,TIMEOUT,-1,20000000,-1,0,0,396669,865,910,0
RRLLLRLLR,HIGHWAY,32157,37888,108,2,2,2229,150,138,1
RRLLLRLLL,TIMEOUT,-1,20000000,-1,0,0,138918,402,410,0
RRLLLLRRR,TIMEOUT,-1,20000000,-1,0,0,2954,61,56,0
RRLLLLRRL,TIMEOUT,-1,20000000,-1,0,0,2355,49,49,0
RRLLLLRLR,TIMEOUT,-1,20000000,-1,0,0,96180,358,342,0
RRLLLLRLL,TIMEOUT,-1,20000000,-1,0,0,94703,331,351,0
RRLLLLLRR,TIMEOUT,-1,20000000,-1,0,0,2287,48,48,0
RRLLLLLRL,TIMEOUT,-1,20000000,-1,0,0,104764,350,340,0
RRLLLLLLR,TIMEOUT,-1,20000000,-1,0,0,144875,385,399,0
RRLLLLLLL,TIMEOUT,-1,20000000,-1,0,0,478,22,22,0
RLRRRRRRR,TIMEOUT,-1,20000000,-1,0,0,95341,357,343,0
RLRRRRRRL,OOB,-1,16751986,-1,0,0,4169754,2042,2044,0
RLRRRRRLR,OOB,-1,16663797,-1,0,0,4145147,2036,2038,0
RLRRRRRLL,OOB,-1,16670259,-1,0,0,4173850,2044,2044,0
RLRRRRLRR,TIMEOUT,-1,20000000,-1,0,0,159106,458,482,0
RLRRRRLRL,OOB,-1,16661530,-1,0,0,4171801,2044,2043,0
RLRRRRLLR,OOB,-1,16644685,-1,0,0,4167725,2042,2043,0
RLRRRRLLL,OOB,-1,16659726,-1,0,0,4167659,2042,2043,0
RLRRRLRRR,TIMEOUT,-1,20000000,-1,0,0,156453,441,411,0
RLRRRLRRL,OOB,-1,16660950,-1,0,0,4171811,2044,2043,0
RLRRRLRLR,TIMEOUT,-1,20000000,-1,0,0,178946,509,537,0
RLRRRLRLL,HIGHWAY,11775,13312,476,4,-4,1151,48,49,1
RLRRRLLRR,OOB,-1,16643360,-1,0,0,4163555,2044,2039,0
RLRRRLLRL,OOB,-1,16529162,-1,0,0,4138939,2036,2035,0
RLRRRLLLR,TIMEOUT,-1,20000000,-1,0,0,136350,444,425,0
RLRRRLLLL,OOB,-1,16652695,-1,0,0,4169762,2043,2043,0
RLRRLRRRR,TIMEOUT,-1,20000000,-1,0,0,92450,359,354,0
RLRRLRRRL,TIMEOUT,-1,20000000,-1,0,0,156869,454,532,0
RLRRLRRLR,TIMEOUT,-1,20000000,-1,0,0,244831,630,624,0
RLRRLRRLL,TIMEOUT,-1,20000000,-1,0,0,156276,503,425,0
RLRRLRLRR,TIMEOUT,-1,20000000,-1,0,0,244101,611,599,0
RLRRLRLRL,TIMEOUT,-1,20000000,-1,0,0,247847,602,619,0
RLRRLRLLR,TIMEOUT,-1,20000000,-1,0,0,177307,605,483,0
RLRRLRLLL,TIMEOUT,-1,20000000,-1,0,0,155999,521,471,0
RLRRLLRRR,TIMEOUT,-1,20000000,-1,0,0,151129,484,445,0
RLRRLLRRL,TIMEOUT,-1,20000000,-1,0,0,174519,576,434,0
RLRRLLRLR,TIMEOUT,-1,20000000,-1,0,0,186727,480,558,0
RLRRLLRLL,TIMEOUT,-1,20000000,-1,0,0,173289,486,545,0
RLRRLLLRR,TIMEOUT,-1,20000000,-1,0,0,151735,460,448,0
RLRRLLLRL,TIMEOUT,-1,20000000,-1,0,0,161208,440,478,0
RLRRLLLLR,TIMEOUT,-1,20000000,-1,0,0,2632,53,54,0
RLRRLLLLL,TIMEOUT,-1,20000000,-1,0,0,426055,665,666,0
RLRLRRRRR,TIMEOUT,-1,20000000,-1,0,0,2826,57,56,0
RLRLRRRRL,TIMEOUT,-1,20000000,-1,0,0,156409,464,456,0
RLRLRRRLR,TIMEOUT,-1,20000000,-1,0,0,155263,503,445,0
RLRLRRRLL,TIMEOUT,-1,20000000,-1,0,0,170899,532,446,0
RLRLRRLRR,TIMEOUT,-1,20000000,-1,0,0,167120,481,475,0
RLRLRRLRL,TIMEOUT,-1,20000000,-1,0,0,156608,494,465,0
RLRLRRLLR,TIMEOUT,-1,20000000,-1,0,0,170226,484,489,0
RLRLRRLLL,TIMEOUT,-1,20000000,-1,0,0,153610,446,457,0
RLRLRLRRR,HIGHWAY,728,1024,88,2,-2,232,22,21,1
RLRLRLRRL,TIMEOUT,-1,20000000,-1,0,0,274550,627,625,0
RLRLRLRLR,HIGHWAY,8627,9216,108,-2,-2,1225,51,63,1
RLRLRLRLL,TIMEOUT,-1,20000000,-1,0,0,304411,616,723,0
RLRLRLLRR,TIMEOUT,-1,20000000,-1,0,0,261103,688,585,0
RLRLRLLRL,TIMEOUT,-1,20000000,-1,0,0,304183,681,675,0
RLRLRLLLR,TIMEOUT,-1,20000000,-1,0,0,277118,627,714,0
RLRLRLLLL,TIMEOUT,-1,20000000,-1,0,0,225081,539,637,0
RLRLLRRRR,TIMEOUT,-1,20000000,-1,0,0,103829,378,348,0
RLRLLRRRL,TIMEOUT,-1,20000000,-1,0,0,123301,441,425,0
RLRLLRRLR,TIMEOUT,-1,20000000,-1,0,0,116601,380,407,0
RLRLLRRLL,TIMEOUT,-1,20000000,-1,0,0,104208,384,355,0
RLRLLRLRR,TIMEOUT,-1,20000000,-1,0,0,289263,663,680,0
RLRLLRLRL,TIMEOUT,-1,20000000,-1,0,0,241830,591,605,0
RLRLLRLLR,TIMEOUT,-1,20000000,-1,0,0,208570,550,534,0
RLRLLRLLL,TIMEOUT,-1,20000000,-1,0,0,200919,642,524,0
RLRLLLRRR,TIMEOUT,-1,20000000,-1,0,0,89130,324,366,0
RLRLLLRRL,TIMEOUT,-1,20000000,-1,0,0,89052,346,342,0
RLRLLLRLR,TIMEOUT,-1,20000000,-1,0,0,139712,417,459,0
RLRLLLRLL,TIMEOUT,-1,20000000,-1,0,0,217221,518,695,0
RLRLLLLRR,TIMEOUT,-1,20000000,-1,0,0,83238,347,331,0
RLRLLLLRL,TIMEOUT,-1,20000000,-1,0,0,106759,367,412,0
RLRLLLLLR,TIMEOUT,-1,20000000,-1,0,0,90011,334,376,0
RLRLLLLLL,TIMEOUT,-1,20000000,-1,0,0,1831,49,49,0
RLLRRRRRR,TIMEOUT,-1,20000000,-1,0,0,676,26,30,0
RLLRRRRRL,TIMEOUT,-1,20000000,-1,0,0,153855,438,417,0
RLLRRRRLR,TIMEOUT,-1,20000000,-1,0,0,147268,417,417,0
RLLRRRRLL,TIMEOUT,-1,20000000,-1,0,0,3396,64,62,0
RLLRRRLRR,TIMEOUT,-1,20000000,-1,0,0,151766,456,414,0
RLLRRRLRL,TIMEOUT,-1,20000000,-1,0,0,149299,419,439,0
RLLRRRLLR,TIMEOUT,-1,20000000,-1,0,0,3108,58,60,0
RLLRRRLLL,TIMEOUT,-1,20000000,-1,0,0,165617,442,428,0
RLLRRLRRR,TIMEOUT,-1,20000000,-1,0,0,178077,473,463,0
RLLRRLRRL,TIMEOUT,-1,20000000,-1,0,0,148799,458,435,0
RLLRRLRLR,TIMEOUT,-1,20000000,-1,0,0,146225,422,466,0
RLLRRLRLL,TIMEOUT,-1,20000000,-1,0,0,153179,422,452,0
RLLRRLLRR,TIMEOUT,-1,20000000,-1,0,0,3654,64,66,0
RLLRRLLRL,TIMEOUT,-1,20000000,-1,0,0,183010,441,436,0
RLLRRLLLR,TIMEOUT,-1,20000000,-1,0,0,2452,50,50,0
RLLRRLLLL,TIMEOUT,-1,20000000,-1,0,0,215100,474,464,0
RLLRLRRRR,TIMEOUT,-1,20000000,-1,0,0,224730,525,529,0
RLLRLRRRL,HIGHWAY,14973493,14977024,578,5,-5,129687,482,405,1
RLLRLRRLR,TIMEOUT,-1,20000000,-1,0,0,148667,506,419,0
RLLRLRRLL,TIMEOUT,-1,20000000,-1,0,0,151282,490,471,0
RLLRLRLRR,TIMEOUT,-1,20000000,-1,0,0,150323,448,478,0
RLLRLRLRL,TIMEOUT,-1,20000000,-1,0,0,170024,563,447,0
RLLRLRLLR,TIMEOUT,-1,20000000,-1,0,0,151540,478,480,0
RLLRLRLLL,TIMEOUT,-1,20000000,-1,0,0,149037,478,431,0
RLLRLLRRR,TIMEOUT,-1,20000000,-1,0,0,3207,60,65,0
RLLRLLRRL,TIMEOUT,-1,20000000,-1,0,0,158923,432,470,0
RLLRLLRLR,TIMEOUT,-1,20000000,-1,0,0,174587,506,508,0
RLLRLLRLL,TIMEOUT,-1,20000000,-1,0,0,187306,498,502,0
RLLRLLLRR,TIMEOUT,-1,20000000,-1,0,0,146433,443,428,0
RLLRLLLRL,TIMEOUT,-1,20000000,-1,0,0,158566,432,486,0
RLLRLLLLR,TIMEOUT,-1,20000000,-1,0,0,204264,470,462,0
RLLRLLLLL,TIMEOUT,-1,20000000,-1,0,0,175826,458,421,0
RLLLRRRRR,TIMEOUT,-1,20000000,-1,0,0,228560,478,480,0
RLLLRRRRL,TIMEOUT,-1,20000000,-1,0,0,125545,356,360,0
RLLLRRRLR,TIMEOUT,-1,20000000,-1,0,0,190635,448,449,0
RLLLRRRLL,TIMEOUT,-1,20000000,-1,0,0,203836,454,452,0
RLLLRRLRR,TIMEOUT,-1,20000000,-1,0,0,132668,376,368,0
RLLLRRLRL,TIMEOUT,-1,20000000,-1,0,0,185856,434,440,0
RLLLRRLLR,TIMEOUT,-1,20000000,-1,0,0,2704,52,52,0
RLLLRRLLL,TIMEOUT,-1,20000000,-1,0,0,131740,364,366,0
RLLLRLRRR,TIMEOUT,-1,20000000,-1,0,0,140431,391,405,0
RLLLRLRRL,TIMEOUT,-1,20000000,-1,0,0,148843,420,434,0
RLLLRLRLR,TIMEOUT,-1,20000000,-1,0,0,158392,416,424,0
RLLLRLRLL,TIMEOUT,-1,20000000,-1,0,0,210310,460,478,0
RLLLRLLRR,TIMEOUT,-1,20000000,-1,0,0,166214,479,490,0
RLLLRLLRL,TIMEOUT,-1,20000000,-1,0,0,136866,434,422,0
RLLLRLLLR,TIMEOUT,-1,20000000,-1,0,0,135491,411,395,0
RLLLRLLLL,TIMEOUT,-1,20000000,-1,0,0,139716,429,405,0
RLLLLRRRR,TIMEOUT,-1,20000000,-1,0,0,3052,56,56,0
RLLLLRRRL,TIMEOUT,-1,20000000,-1,0,0,154556,394,398,0
RLLLLRRLR,TIMEOUT,-1,20000000,-1,0,0,2140,48,46,0
RLLLLRRLL,TIMEOUT,-1,20000000,-1,0,0,172616,416,418,0
RLLLLRLRR,TIMEOUT,-1,20000000,-1,0,0,143344,390,386,0
RLLLLRLRL,TIMEOUT,-1,20000000,-1,0,0,140824,386,386,0
RLLLLRLLR,TIMEOUT,-1,20000000,-1,0,0,154951,418,418,0
RLLLLRLLL,TIMEOUT,-1,20000000,-1,0,0,121558,413,393,0
RLLLLLRRR,TIMEOUT,-1,20000000,-1,0,0,2496,50,50,0
RLLLLLRRL,OOB,-1,15600247,-1,0,0,4169755,2042,2042,0
RLLLLLRLR,OOB,-1,8828022,-1,0,0,4132605,2032,2034,0
RLLLLLRLL,TIMEOUT,-1,20000000,-1,0,0,142272,382,378,0
RLLLLLLRR,TIMEOUT,-1,20000000,-1,0,0,244318,500,496,0
RLLLLLLRL,TIMEOUT,-1,20000000,-1,0,0,2116,46,46,0
RLLLLLLLR,TIMEOUT,-1,20000000,-1,0,0,568,24,24,0
RLLLLLLLL,TIMEOUT,-1,20000000,-1,0,0,88590,319,344,0
RRRRRRRRRR,CYCLE,-1,103,40,0,0,4,2,2,0
RRRRRRRRRL,HIGHWAY,223,7168,148,2,-2,487,98,99,1
RRRRRRRRLR,TIMEOUT,-1,20000000,-1,0,0,93903,384,363,0
RRRRRRRRLL,TIMEOUT,-1,20000000,-1,0,0,280,17,18,0
RRRRRRRLRR,TIMEOUT,-1,20000000,-1,0,0,91230,347,325,0
RRRRRRRLRL,TIMEOUT,-1,20000000,-1,0,0,960,34,34,0
RRRRRRRLLR,TIMEOUT,-1,20000000,-1,0,0,280,17,18,0
RRRRRRRLLL,HIGHWAY,163,2048,140,-2,2,219,33,33,1
RRRRRRLRRR,TIMEOUT,-1,20000000,-1,0,0,91170,341,329,0
RRRRRRLRRL,TIMEOUT,-1,20000000,-1,0,0,33637,206,222,0
RRRRRRLRLR,TIMEOUT,-1,20000000,-1,0,0,984,34,34,0
RRRRRRLRLL,TIMEOUT,-1,20000000,-1,0,0,82598,344,356,0
RRRRRRLLRR,TIMEOUT,-1,20000000,-1,0,0,290,17,18,0
RRRRRRLLRL,TIMEOUT,-1,20000000,-1,0,0,82942,347,337,0
RRRRRRLLLR,TIMEOUT,-1,20000000,-1,0,0,96616,353,365,0
RRRRRRLLLL,TIMEOUT,-1,20000000,-1,0,0,1120,35,38,0
RRRRRLRRRR,TIMEOUT,-1,20000000,-1,0,0,1670575,1294,1294,0
RRRRRLRRRL,TIMEOUT,-1,20000000,-1,0,0,93507,397,328,0
RRRRRLRRLR,TIMEOUT,-1,20000000,-1,0,0,73357,299,328,0
RRRRRLRRLL,TIMEOUT,-1,20000000,-1,0,0,97766,350,378,0
RRRRRLRLRR,TIMEOUT,-1,20000000,-1,0,0,1078,36,36,0
RRRRRLRLRL,HIGHWAY,193,1024,148,-2,2,132,17,17,1
RRRRRLRLLR,TIMEOUT,-1,20000000,-1,0,0,93888,338,392,0
RRRRRLRLLL,TIMEOUT,-1,20000000,-1,0,0,46091,226,263,0
RRRRRLLRRR,TIMEOUT,-1,20000000,-1,0,0,298,18,18,0
RRRRRLLRRL,TIMEOUT,-1,20000000,-1,0,0,67310,296,305,0
RRRRRLLRLR,HIGHWAY,161,1024,132,-2,2,149,19,19,1
RRRRRLLRLL,TIMEOUT,-1,20000000,-1,0,0,1011,35,35,0
RRRRRLLLRR,OOB,-1,87436,-1,0,0,8198,1045,1020,0
RRRRRLLLRL,TIMEOUT,-1,20000000,-1,0,0,41338,222,232,0
RRRRRLLLLR,TIMEOUT,-1,20000000,-1,0,0,1202,37,40,0
RRRRRLLLLL,HIGHWAY,189,2048,140,-2,2,274,33,33,1
RRRRLRRRRR,TIMEOUT,-1,20000000,-1,0,0,93928,320,341,0
RRRRLRRRRL,HIGHWAY,103,4096,68,2,-2,606,122,123,1
RRRRLRRRLR,TIMEOUT,-1,20000000,-1,0,0,105422,332,427,0
RRRRLRRRLL,TIMEOUT,-1,20000000,-1,0,0,152591,414,444,0
RRRRLRRLRR,TIMEOUT,-1,20000000,-1,0,0,71478,298,306,0
RRRRLRRLRL,TIMEOUT,-1,20000000,-1,0,0,104331,365,385,0
RRRRLRRLLR,TIMEOUT,-1,20000000,-1,0,0,123471,408,441,0
RRRRLRRLLL,TIMEOUT,-1,20000000,-1,0,0,116083,399,392,0
RRRRLRLRRR,TIMEOUT,-1,20000000,-1,0,0,1081,36,36,0
RRRRLRLRRL,TIMEOUT,-1,20000000,-1,0,0,89439,339,351,0
RRRRLRLRLR,TIMEOUT,-1,20000000,-1,0,0,116574,401,378,0
RRRRLRLRLL,TIMEOUT,-1,20000000,-1,0,0,58712,292,259,0
RRRRLRLLRR,HIGHWAY,13005,15360,384,2,-2,870,40,42,1
RRRRLRLLRL,TIMEOUT,-1,20000000,-1,0,0,97058,363,360,0
RRRRLRLLLR,TIMEOUT,-1,20000000,-1,0,0,71059,299,297,0
RRRRLRLLLL,TIMEOUT,-1,20000000,-1,0,0,82124,330,317,0
RRRRLLRRRR,TIMEOUT,-1,20000000,-1,0,0,322,18,20,0
RRRRLLRRRL,TIMEOUT,-1,20000000,-1,0,0,69580,312,282,0
RRRRLLRRLR,TIMEOUT,-1,20000000,-1,0,0,107288,369,428,0
RRRRLLRRLL,TIMEOUT,-1,20000000,-1,0,0,1214,37,40,0
RRRRLLRLRR,HIGHWAY,8619,10240,252,2,-2,611,39,37,1
RRRRLLRLRL,TIMEOUT,-1,20000000,-1,0,0,46265,245,239,0
RRRRLLRLLR,TIMEOUT,-1,20000000,-1,0,0,1103,36,36,0
RRRRLLRLLL,HIGHWAY,8891,9216,86,-1,1,434,26,27,1
RRRRLLLRRR,HIGHWAY,1074049,1077248,604,-2,2,12964,148,133,1
RRRRLLLRRL,TIMEOUT,-1,20000000,-1,0,0,102365,353,385,0
RRRRLLLRLR,TIMEOUT,-1,20000000,-1,0,0,62526,277,281,0
RRRRLLLRLL,TIMEOUT,-1,20000000,-1,0,0,97450,340,370,0
RRRRLLLLRR,TIMEOUT,-1,20000000,-1,0,0,1258,37,40,0
RRRRLLLLRL,HIGHWAY,722,4096,290,-3,3,399,46,46,1
RRRRLLLLLR,HIGHWAY,208528,212992,816,-6,6,6222,138,98,1
RRRRLLLLLL,TIMEOUT,-1,20000000,-1,0,0,2752,52,54,0
RRRLRRRRRR,TIMEOUT,-1,20000000,-1,0,0,2504706,1584,1584,0
RRRLRRRRRL,TIMEOUT,-1,20000000,-1,0,0,2504803,1586,1582,0
RRRLRRRRLR,TIMEOUT,-1,20000000,-1,0,0,156305,494,448,0
RRRLRRRRLL,TIMEOUT,-1,20000000,-1,0,0,133607,428,442,0
RRRLRRRLRR,HIGHWAY,79,5120,52,2,-2,987,198,199,1
RRRLRRRLRL,HIGHWAY,79,5120,52,2,-2,987,198,199,1
RRRLRRRLLR,HIGHWAY,79,5120,52,2,-2,987,198,199,1
RRRLRRRLLL,HIGHWAY,79,5120,52,2,-2,987,198,199,1
RRRLRRLRRR,OOB,-1,12914431,-1,0,0,1075856,2017,1067,0
RRRLRRLRRL,TIMEOUT,-1,20000000,-1,0,0,119816,412,386,0
RRRLRRLRLR,TIMEOUT,-1,20000000,-1,0,0,148342,492,446,0
RRRLRRLRLL,TIMEOUT,-1,20000000,-1,0,0,145150,494,411,0
RRRLRRLLRR,TIMEOUT,-1,20000000,-1,0,0,185380,428,472,0
RRRLRRLLRL,TIMEOUT,-1,20000000,-1,0,0,160839,471,487,0
RRRLRRLLLR,TIMEOUT,-1,20000000,-1,0,0,3315547,1824,1818,0
RRRLRRLLLL,TIMEOUT,-1,20000000,-1,0,0,3335894,1827,1827,0
RRRLRLRRRR,TIMEOUT,-1,20000000,-1,0,0,2165,46,52,0
RRRLRLRRRL,TIMEOUT,-1,20000000,-1,0,0,134086,421,431,0
RRRLRLRRLR,TIMEOUT,-1,20000000,-1,0,0,125239,404,459,0
RRRLRLRRLL,TIMEOUT,-1,20000000,-1,0,0,89814,350,358,0
RRRLRLRLRR,TIMEOUT,-1,20000000,-1,0,0,102845,391,353,0
RRRLRLRLRL,TIMEOUT,-1,20000000,-1,0,0,117779,419,410,0
RRRLRLRLLR,TIMEOUT,-1,20000000,-1,0,0,111385,405,412,0
RRRLRLRLLL,TIMEOUT,-1,20000000,-1,0,0,111937,393,401,0
RRRLRLLRRR,TIMEOUT,-1,20000000,-1,0,0,120988,415,406,0
RRRLRLLRRL,TIMEOUT,-1,20000000,-1,0,0,114954,375,400,0
RRRLRLLRLR,TIMEOUT,-1,20000000,-1,0,0,130064,437,440,0
RRRLRLLRLL,HIGHWAY,69379,75776,274,-3,-3,3691,96,132,1
RRRLRLLLRR,TIMEOUT,-1,20000000,-1,0,0,95864,375,367,0
RRRLRLLLRL,TIMEOUT,-1,20000000,-1,0,0,106536,381,387,0
RRRLRLLLLR,HIGHWAY,163366,164864,168,2,-2,3965,96,93,1
RRRLRLLLLL,TIMEOUT,-1,20000000,-1,0,0,116842,369,369,0
RRRLLRRRRR,TIMEOUT,-1,20000000,-1,0,0,334,19,20,0
RRRLLRRRRL,TIMEOUT,-1,20000000,-1,0,0,65731,277,300,0
RRRLLRRRLR,TIMEOUT,-1,20000000,-1,0,0,75843,318,309,0
RRRLLRRRLL,TIMEOUT,-1,20000000,-1,0,0,1120,36,37,0
RRRLLRRLRR,HIGHWAY,454,1024,58,-1,-1,155,18,19,1
RRRLLRRLRL,TIMEOUT,-1,20000000,-1,0,0,54222,273,280,0
RRRLLRRLLR,TIMEOUT,-1,20000000,-1,0,0,1266,38,42,0
RRRLLRRLLL,TIMEOUT,-1,20000000,-1,0,0,84430,339,328,0
RRRLLRLRRR,TIMEOUT,-1,20000000,-1,0,0,103136,447,355,0
RRRLLRLRRL,TIMEOUT,-1,20000000,-1,0,0,96135,362,349,0
RRRLLRLRLR,TIMEOUT,-1,20000000,-1,0,0,73043,308,300,0
RRRLLRLRLL,TIMEOUT,-1,20000000,-1,0,0,88184,342,318,0
RRRLLRLLRR,TIMEOUT,-1,20000000,-1,0,0,1154,38,37,0
RRRLLRLLRL,TIMEOUT,-1,20000000,-1,0,0,79354,305,318,0
RRRLLRLLLR,TIMEOUT,-1,20000000,-1,0,0,82332,322,333,0
RRRLLRLLLL,TIMEOUT,-1,20000000,-1,0,0,57209,269,278,0
RRRLLLRRRR,HIGHWAY,4146465,4149248,524,-2,2,30638,187,207,1
RRRLLLRRRL,HIGHWAY,99,1024,38,-1,1,198,30,30,1
RRRLLLRRLR,HIGHWAY,9449049,9452544,576,-4,4,70671,304,335,1
RRRLLLRRLL,OOB,-1,1152431,-1,0,0,52963,1112,1113,0
RRRLLLRLRR,TIMEOUT,-1,20000000,-1,0,0,97139,350,362,0
RRRLLLRLRL,TIMEOUT,-1,20000000,-1,0,0,97066,362,341,0
RRRLLLRLLR,TIMEOUT,-1,20000000,-1,0,0,99451,361,372,0
RRRLLLRLLL,TIMEOUT,-1,20000000,-1,0,0,94953,336,360,0
RRRLLLLRRR,TIMEOUT,-1,20000000,-1,0,0,1344,38,40,0
RRRLLLLRRL,TIMEOUT,-1,20000000,-1,0,0,83143,320,331,0
RRRLLLLRLR,TIMEOUT,-1,20000000,-1,0,0,83702,324,328,0
RRRLLLLRLL,TIMEOUT,-1,20000000,-1,0,0,66656,298,293,0
RRRLLLLLRR,TIMEOUT,-1,20000000,-1,0,0,82898,298,323,0
RRRLLLLLRL,TIMEOUT,-1,20000000,-1,0,0,96308,336,343,0
RRRLLLLLLR,TIMEOUT,-1,20000000,-1,0,0,2404,49,50,0
RRRLLLLLLL,TIMEOUT,-1,20000000,-1,0,0,81288,293,300,0
RRLRRRRRRR,TIMEOUT,-1,20000000,-1,0,0,91709,359,320,0
RRLRRRRRRL,TIMEOUT,-1,20000000,-1,0,0,3339063,1829,1828,0
RRLRRRRRLR,TIMEOUT,-1,20000000,-1,0,0,3338993,1830,1827,0
RRLRRRRRLL,TIMEOUT,-1,20000000,-1,0,0,3338952,1828,1829,0
RRLRRRRLRR,TIMEOUT,-1,20000000,-1,0,0,3339006,1829,1828,0
RRLRRRRLRL,TIMEOUT,-1,20000000,-1,0,0,151155,471,456,0
RRLRRRRLLR,TIMEOUT,-1,20000000,-1,0,0,3338978,1829,1828,0
RRLRRRRLLL,TIMEOUT,-1,20000000,-1,0,0,3341948,1829,1830,0
RRLRRRLRRR,HIGHWAY,16897953,16899072,300,-2,2,124625,402,414,1
RRLRRRLRRL,TIMEOUT,-1,20000000,-1,0,0,209409,594,579,0
RRLRRRLRLR,TIMEOUT,-1,20000000,-1,0,0,208603,589,528,0
RRLRRRLRLL,TIMEOUT,-1,20000000,-1,0,0,158358,487,511,0
RRLRRRLLRR,TIMEOUT,-1,20000000,-1,0,0,134008,419,437,0
RRLRRRLLRL,TIMEOUT,-1,20000000,-1,0,0,190870,493,520,0
RRLRRRLLLR,HIGHWAY,503410,504832,244,2,2,12134,158,140,1
RRLRRRLLLL,TIMEOUT,-1,20000000,-1,0,0,173235,467,445,0
RRLRRLRRRR,HIGHWAY,55,1024,18,1,-1,286,58,59,1
RRLRRLRRRL,HIGHWAY,55,1024,18,1,-1,286,58,59,1
RRLRRLRRLR,HIGHWAY,55,1024,18,1,-1,286,58,59,1
RRLRRLRRLL,HIGHWAY,55,1024,18,1,-1,286,58,59,1
RRLRRLRLRR,HIGHWAY,55,1024,18,1,-1,286,58,59,1
RRLRRLRLRL,HIGHWAY,55,1024,18,1,-1,286,58,59,1
RRLRRLRLLR,HIGHWAY,55,1024,18,1,-1,286,58,59,1
RRLRRLRLLL,HIGHWAY,55,1024,18,1,-1,286,58,59,1
RRLRRLLRRR,HIGHWAY,55,1024,18,1,-1,286,58,59,1
RRLRRLLRRL,HIGHWAY,55,1024,18,1,-1,286,58,59,1
RRLRRLLRLR,HIGHWAY,55,1024,18,1,-1,286,58,59,1
RRLRRLLRLL,HIGHWAY,55,1024,18,1,-1,286,58,59,1
RRLRRLLLRR,HIGHWAY,55,1024,18,1,-1,286,58,59,1
RRLRRLLLRL,HIGHWAY,55,1024,18,1,-1,286,58,59,1
RRLRRLLLLR,HIGHWAY,55,1024,18,1,-1,286,58,59,1
RRLRRLLLLL,HIGHWAY,55,1024,18,1,-1,286,58,59,1
RRLRLRRRRR,TIMEOUT,-1,20000000,-1,0,0,1410,39,38,0
RRLRLRRRRL,TIMEOUT,-1,20000000,-1,0,0,128394,409,428,0
RRLRLRRRLR,TIMEOUT,-1,20000000,-1,0,0,121280,434,427,0
RRLRLRRRLL,TIMEOUT,-1,20000000,-1,0,0,134900,411,423,0
RRLRLRRLRR,TIMEOUT,-1,20000000,-1,0,0,134231,437,427,0
RRLRLRRLRL,TIMEOUT,-1,20000000,-1,0,0,148070,504,435,0
RRLRLRRLLR,TIMEOUT,-1,20000000,-1,0,0,161045,492,445,0
RRLRLRRLLL,TIMEOUT,-1,20000000,-1,0,0,142058,436,464,0
RRLRLRLRRR,TIMEOUT,-1,20000000,-1,0,0,112139,415,376,0
RRLRLRLRRL,TIMEOUT,-1,20000000,-1,0,0,135605,437,430,0
RRLRLRLRLR,TIMEOUT,-1,20000000,-1,0,0,144362,438,434,0
RRLRLRLRLL,TIMEOUT,-1,20000000,-1,0,0,152078,444,457,0
RRLRLRLLRR,TIMEOUT,-1,20000000,-1,0,0,147311,463,469,0
RRLRLRLLRL,TIMEOUT,-1,20000000,-1,0,0,146743,450,436,0
RRLRLRLLLR,TIMEOUT,-1,20000000,-1,0,0,150768,460,495,0
RRLRLRLLLL,TIMEOUT,-1,20000000,-1,0,0,164756,503,458,0
RRLRLLRRRR,OOB,-1,389052,-1,0,0,48060,1057,1021,0
RRLRLLRRRL,OOB,-1,1187578,-1,0,0,38381,1101,1077,0
RRLRLLRRLR,TIMEOUT,-1,20000000,-1,0,0,152838,418,476,0
RRLRLLRRLL,TIMEOUT,-1,20000000,-1,0,0,180056,461,444,0
RRLRLLRLRR,OOB,-1,687250,-1,0,0,69979,1069,1078,0
RRLRLLRLRL,TIMEOUT,-1,20000000,-1,0,0,153664,457,419,0
RRLRLLRLLR,TIMEOUT,-1,20000000,-1,0,0,158031,504,451,0
RRLRLLRLLL,TIMEOUT,-1,20000000,-1,0,0,137031,411,434,0
RRLRLLLRRR,TIMEOUT,-1,20000000,-1,0,0,197731,462,442,0
RRLRLLLRRL,TIMEOUT,-1,20000000,-1,0,0,193521,436,452,0
RRLRLLLRLR,TIMEOUT,-1,20000000,-1,0,0,264750,540,512,0
RRLRLLLRLL,TIMEOUT,-1,20000000,-1,0,0,209021,543,469,0
RRLRLLLLRR,TIMEOUT,-1,20000000,-1,0,0,193866,438,448,0
RRLRLLLLRL,TIMEOUT,-1,20000000,-1,0,0,170609,418,414,0
RRLRLLLLLR,TIMEOUT,-1,20000000,-1,0,0,81497,290,284,0
RRLRLLLLLL,TIMEOUT,-1,20000000,-1,0,0,206066,464,452,0
RRLLRRRRRR,TIMEOUT,-1,20000000,-1,0,0,346,19,20,0
RRLLRRRRRL,TIMEOUT,-1,20000000,-1,0,0,65981,308,276,0
RRLLRRRRLR,TIMEOUT,-1,20000000,-1,0,0,74784,315,300,0
RRLLRRRRLL,TIMEOUT,-1,20000000,-1,0,0,1340,38,42,0
RRLLRRRLRR,HIGHWAY,11452415,11454464,352,-2,2,70871,315,316,1
RRLLRRRLRL,TIMEOUT,-1,20000000,-1,0,0,58820,285,272,0
RRLLRRRLLR,TIMEOUT,-1,20000000,-1,0,0,1236,39,39,0
RRLLRRRLLL,TIMEOUT,-1,20000000,-1,0,0,77750,289,320,0
RRLLRRLRRR,HIGHWAY,9576269,9582592,108,-2,2,62352,318,409,1
RRLLRRLRRL,TIMEOUT,-1,20000000,-1,0,0,107305,381,399,0
RRLLRRLRLR,TIMEOUT,-1,20000000,-1,0,0,77000,313,323,0
RRLLRRLRLL,TIMEOUT,-1,20000000,-1,0,0,97781,379,351,0
RRLLRRLLRR,TIMEOUT,-1,20000000,-1,0,0,1454,40,42,0
RRLLRRLLRL,TIMEOUT,-1,20000000,-1,0,0,91331,354,361,0
RRLLRRLLLR,TIMEOUT,-1,20000000,-1,0,0,94462,344,337,0
RRLLRRLLLL,TIMEOUT,-1,20000000,-1,0,0,2962,52,66,0
RRLLRLRRRR,TIMEOUT,-1,20000000,-1,0,0,99521,384,323,0
RRLLRLRRRL,HIGHWAY,982,3072,42,1,1,582,61,63,1
RRLLRLRRLR,TIMEOUT,-1,20000000,-1,0,0,108999,392,407,0
RRLLRLRRLL,TIMEOUT,-1,20000000,-1,0,0,109702,403,396,0
RRLLRLRLRR,TIMEOUT,-1,20000000,-1,0,0,149579,506,502,0
RRLLRLRLRL,TIMEOUT,-1,20000000,-1,0,0,101945,372,392,0
RRLLRLRLLR,HIGHWAY,24620,25600,46,1,-1,1310,58,59,1
RRLLRLRLLL,TIMEOUT,-1,20000000,-1,0,0,119072,418,408,0
RRLLRLLRRR,TIMEOUT,-1,20000000,-1,0,0,1325,41,41,0
RRLLRLLRRL,TIMEOUT,-1,20000000,-1,0,0,100657,344,397,0
RRLLRLLRLR,TIMEOUT,-1,20000000,-1,0,0,104501,395,354,0
RRLLRLLRLL,TIMEOUT,-1,20000000,-1,0,0,80732,317,321,0
RRLLRLLLRR,TIMEOUT,-1,20000000,-1,0,0,96539,364,354,0
RRLLRLLLRL,TIMEOUT,-1,20000000,-1,0,0,101736,403,369,0
RRLLRLLLLR,TIMEOUT,-1,20000000,-1,0,0,87502,332,354,0
RRLLRLLLLL,TIMEOUT,-1,20000000,-1,0,0,105103,384,366,0
RRLLLRRRRR,HIGHWAY,4059,5120,232,2,-2,471,31,32,1
RRLLLRRRRL,OOB,-1,3605457,-1,0,0,59601,1123,1123,0
RRLLLRRRLR,TIMEOUT,-1,20000000,-1,0,0,119024,406,417,0
RRLLLRRRLL,TIMEOUT,-1,20000000,-1,0,0,114057,386,395,0
RRLLLRRLRR,HIGHWAY,6387373,6388736,224,-2,2,51691,253,259,1
RRLLLRRLRL,TIMEOUT,-1,20000000,-1,0,0,132404,409,464,0
RRLLLRRLLR,HIGHWAY,13325,15360,168,-2,2,1252,60,60,1
RRLLLRRLLL,TIMEOUT,-1,20000000,-1,0,0,1738,45,45,0
RRLLLRLRRR,TIMEOUT,-1,20000000,-1,0,0,97985,338,399,0
RRLLLRLRRL,TIMEOUT,-1,20000000,-1,0,0,321489,716,775,0
RRLLLRLRLR,OOB,-1,8805029,-1,0,0,110598,995,1228,0
RRLLLRLRLL,HIGHWAY,1051,2048,88,2,-2,364,37,38,1
RRLLLRLLRR,TIMEOUT,-1,20000000,-1,0,0,112160,380,388,0
RRLLLRLLRL,TIMEOUT,-1,20000000,-1,0,0,127649,437,404,0
RRLLLRLLLR,OOB,-1,6120001,-1,0,0,493107,1035,1119,0
RRLLLRLLLL,TIMEOUT,-1,20000000,-1,0,0,194600,457,474,0
RRLLLLRRRR,TIMEOUT,-1,20000000,-1,0,0,2674,47,60,0
RRLLLLRRRL,TIMEOUT,-1,20000000,-1,0,0,98862,338,340,0
RRLLLLRRLR,TIMEOUT,-1,20000000,-1,0,0,99639,327,334,0
RRLLLLRRLL,TIMEOUT,-1,20000000,-1,0,0,2778,52,54,0
RRLLLLRLRR,TIMEOUT,-1,20000000,-1,0,0,95802,341,364,0
RRLLLLRLRL,TIMEOUT,-1,20000000,-1,0,0,111740,374,369,0
RRLLLLRLLR,TIMEOUT,-1,20000000,-1,0,0,102813,372,381,0
RRLLLLRLLL,TIMEOUT,-1,20000000,-1,0,0,88679,332,318,0
RRLLLLLRRR,TIMEOUT,-1,20000000,-1,0,0,106299,333,327,0
RRLLLLLRRL,TIMEOUT,-1,20000000,-1,0,0,1764,42,42,0
RRLLLLLRLR,TIMEOUT,-1,20000000,-1,0,0,134056,373,368,0
RRLLLLLRLL,TIMEOUT,-1,20000000,-1,0,0,87366,315,327,0
RRLLLLLLRR,TIMEOUT,-1,20000000,-1,0,0,2060,45,46,0
RRLLLLLLRL,TIMEOUT,-1,20000000,-1,0,0,112046,346,352,0
RRLLLLLLLR,TIMEOUT,-1,20000000,-1,0,0,368586,619,615,0
RRLLLLLLLL,TIMEOUT,-1,20000000,-1,0,0,400,20,20,0
RLRRRRRRRR,TIMEOUT,-1,20000000,-1,0,0,91782,355,324,0
RLRRRRRRRL,OOB,-1,16746986,-1,0,0,4167715,2043,2042,0
RLRRRRRRLR,OOB,-1,16626109,-1,0,0,4159509,2040,2041,0
RLRRRRRRLL,OOB,-1,16645798,-1,0,0,4167717,2043,2042,0
RLRRRRRLRR,TIMEOUT,-1,20000000,-1,0,0,126256,398,400,0
RLRRRRRLRL,OOB,-1,16652778,-1,0,0,4169766,2043,2043,0
RLRRRRRLLR,OOB,-1,16645094,-1,0,0,4167717,2043,2042,0
RLRRRRRLLL,OOB,-1,16644945,-1,0,0,4167719,2042,2043,0
RLRRRRLRRR,TIMEOUT,-1,20000000,-1,0,0,150157,437,422,0
RLRRRRLRRL,OOB,-1,16652906,-1,0,0,4169766,2043,2043,0
RLRRRRLRLR,OOB,-1,16650990,-1,0,0,4151186,2038,2039,0
RLRRRRLRLL,OOB,-1,16477776,-1,0,0,4116448,2035,2025,0
RLRRRRLLRR,OOB,-1,16597078,-1,0,0,4153408,2040,2038,0
RLRRRRLLRL,OOB,-1,16668685,-1,0,0,4169686,2044,2042,0
RLRRRRLLLR,OOB,-1,16644471,-1,0,0,4167719,2042,2043,0
RLRRRRLLLL,OOB,-1,16652654,-1,0,0,4169762,2043,2043,0
RLRRRLRRRR,TIMEOUT,-1,20000000,-1,0,0,158917,461,460,0
RLRRRLRRRL,TIMEOUT,-1,20000000,-1,0,0,158007,409,476,0
RLRRRLRRLR,TIMEOUT,-1,20000000,-1,0,0,193575,501,568,0
RLRRRLRRLL,TIMEOUT,-1,20000000,-1,0,0,159633,484,457,0
RLRRRLRLRR,TIMEOUT,-1,20000000,-1,0,0,153724,500,410,0
RLRRRLRLRL,TIMEOUT,-1,20000000,-1,0,0,154854,465,496,0
RLRRRLRLLR,TIMEOUT,-1,20000000,-1,0,0,154768,458,451,0
RLRRRLRLLL,TIMEOUT,-1,20000000,-1,0,0,149667,438,453,0
RLRRRLLRRR,OOB,-1,16652806,-1,0,0,4169762,2043,2043,0
RLRRRLLRRL,OOB,-1,16653215,-1,0,0,4169762,2043,2043,0
RLRRRLLRLR,OOB,-1,16632819,-1,0,0,4140240,2034,2038,0
RLRRRLLRLL,OOB,-1,16637035,-1,0,0,4159489,2040,2041,0
RLRRRLLLRR,TIMEOUT,-1,20000000,-1,0,0,145894,427,413,0
RLRRRLLLRL,OOB,-1,16552762,-1,0,0,4126539,2036,2029,0
RLRRRLLLLR,OOB,-1,16644510,-1,0,0,4167723,2043,2042,0
RLRRRLLLLL,OOB,-1,16660955,-1,0,0,4171801,2043,2044,0
RLRRLRRRRR,TIMEOUT,-1,20000000,-1,0,0,51243,269,255,0
RLRRLRRRRL,TIMEOUT,-1,20000000,-1,0,0,119841,402,391,0
RLRRLRRRLR,TIMEOUT,-1,20000000,-1,0,0,215817,568,577,0
RLRRLRRRLL,TIMEOUT,-1,20000000,-1,0,0,119795,436,376,0
RLRRLRRLRR,TIMEOUT,-1,20000000,-1,0,0,208626,604,561,0
RLRRLRRLRL,TIMEOUT,-1,20000000,-1,0,0,200818,558,509,0
RLRRLRRLLR,TIMEOUT,-1,20000000,-1,0,0,152457,437,462,0
RLRRLRRLLL,TIMEOUT,-1,20000000,-1,0,0,139634,410,443,0
RLRRLRLRRR,TIMEOUT,-1,20000000,-1,0,0,231651,568,583,0
RLRRLRLRRL,TIMEOUT,-1,20000000,-1,0,0,236631,612,561,0
RLRRLRLRLR,TIMEOUT,-1,20000000,-1,0,0,242250,566,612,0
RLRRLRLRLL,TIMEOUT,-1,20000000,-1,0,0,227775,602,619,0
RLRRLRLLRR,HIGHWAY,5290350,5294080,200,2,2,70426,357,308,1
RLRRLRLLRL,TIMEOUT,-1,20000000,-1,0,0,161938,521,482,0
RLRRLRLLLR,TIMEOUT,-1,20000000,-1,0,0,158870,472,438,0
RLRRLRLLLL,TIMEOUT,-1,20000000,-1,0,0,144765,447,431,0
RLRRLLRRRR,TIMEOUT,-1,20000000,-1,0,0,122186,397,376,0
RLRRLLRRRL,HIGHWAY,157412,158720,184,-2,-2,6041,98,94,1
RLRRLLRRLR,HIGHWAY,677343,684032,168,2,-2,19239,216,232,1
RLRRLLRRLL,TIMEOUT,-1,20000000,-1,0,0,151943,467,422,0
RLRRLLRLRR,TIMEOUT,-1,20000000,-1,0,0,173395,481,475,0
RLRRLLRLRL,TIMEOUT,-1,20000000,-1,0,0,199477,535,549,0
RLRRLLRLLR,TIMEOUT,-1,20000000,-1,0,0,185261,429,583,0
RLRRLLRLLL,TIMEOUT,-1,20000000,-1,0,0,198507,515,571,0
RLRRLLLRRR,TIMEOUT,-1,20000000,-1,0,0,160996,419,434,0
RLRRLLLRRL,TIMEOUT,-1,20000000,-1,0,0,147426,429,433,0
RLRRLLLRLR,TIMEOUT,-1,20000000,-1,0,0,150417,441,489,0
RLRRLLLRLL,TIMEOUT,-1,20000000,-1,0,0,156948,468,462,0
RLRRLLLLRR,TIMEOUT,-1,20000000,-1,0,0,189906,450,449,0
RLRRLLLLRL,TIMEOUT,-1,20000000,-1,0,0,186341,470,444,0
RLRRLLLLLR,TIMEOUT,-1,20000000,-1,0,0,3050,57,58,0
RLRRLLLLLL,TIMEOUT,-1,20000000,-1,0,0,246368,508,508,0
RLRLRRRRRR,TIMEOUT,-1,20000000,-1,0,0,1935,48,49,0
RLRLRRRRRL,TIMEOUT,-1,20000000,-1,0,0,148332,416,450,0
RLRLRRRRLR,TIMEOUT,-1,20000000,-1,0,0,146637,458,434,0
RLRLRRRRLL,TIMEOUT,-1,20000000,-1,0,0,240797,500,518,0
RLRLRRRLRR,TIMEOUT,-1,20000000,-1,0,0,166327,507,498,0
RLRLRRRLRL,TIMEOUT,-1,20000000,-1,0,0,161891,414,540,0
RLRLRRRLLR,TIMEOUT,-1,20000000,-1,0,0,174720,503,494,0
RLRLRRRLLL,TIMEOUT,-1,20000000,-1,0,0,162938,500,503,0
RLRLRRLRRR,TIMEOUT,-1,20000000,-1,0,0,170392,492,455,0
RLRLRRLRRL,TIMEOUT,-1,20000000,-1,0,0,158015,454,449,0
RLRLRRLRLR,TIMEOUT,-1,20000000,-1,0,0,168873,477,462,0
RLRLRRLRLL,TIMEOUT,-1,20000000,-1,0,0,154494,501,408,0
RLRLRRLLRR,TIMEOUT,-1,20000000,-1,0,0,170986,477,481,0
RLRLRRLLRL,TIMEOUT,-1,20000000,-1,0,0,158292,478,467,0
RLRLRRLLLR,TIMEOUT,-1,20000000,-1,0,0,156812,473,446,0
RLRLRRLLLL,TIMEOUT,-1,20000000,-1,0,0,161064,436,507,0
RLRLRLRRRR,HIGHWAY,8585,11264,88,2,2,1584,98,93,1
RLRLRLRRRL,HIGHWAY,1766,2048,88,-2,2,380,27,29,1
RLRLRLRRLR,TIMEOUT,-1,20000000,-1,0,0,290523,673,622,0
RLRLRLRRLL,TIMEOUT,-1,20000000,-1,0,0,285467,593,684,0
RLRLRLRLRR,OOB,-1,16502502,-1,0,0,291228,1337,866,0
RLRLRLRLRL,HIGHWAY,10077,11264,104,-2,-2,1648,73,45,1
RLRLRLRLLR,TIMEOUT,-1,20000000,-1,0,0,310279,772,691,0
RLRLRLRLLL,TIMEOUT,-1,20000000,-1,0,0,284517,705,769,0
RLRLRLLRRR,TIMEOUT,-1,20000000,-1,0,0,259998,613,596,0
RLRLRLLRRL,TIMEOUT,-1,20000000,-1,0,0,305392,725,590,0
RLRLRLLRLR,HIGHWAY,1426,4096,138,-3,-1,846,82,39,1
RLRLRLLRLL,HIGHWAY,56067,58368,320,4,4,5739,104,125,1
RLRLRLLLRR,TIMEOUT,-1,20000000,-1,0,0,263711,668,685,0
RLRLRLLLRL,TIMEOUT,-1,20000000,-1,0,0,247248,598,632,0
RLRLRLLLLR,TIMEOUT,-1,20000000,-1,0,0,182563,508,498,0
RLRLRLLLLL,TIMEOUT,-1,20000000,-1,0,0,293837,616,635,0
RLRLLRRRRR,TIMEOUT,-1,20000000,-1,0,0,99789,347,345,0
RLRLLRRRRL,TIMEOUT,-1,20000000,-1,0,0,120768,403,391,0
RLRLLRRRLR,TIMEOUT,-1,20000000,-1,0,0,109815,374,384,0
RLRLLRRRLL,HIGHWAY,37618,38912,288,-4,4,1919,67,59,1
RLRLLRRLRR,TIMEOUT,-1,20000000,-1,0,0,115930,427,358,0
RLRLLRRLRL,TIMEOUT,-1,20000000,-1,0,0,119204,409,417,0
RLRLLRRLLR,TIMEOUT,-1,20000000,-1,0,0,100821,350,382,0
RLRLLRRLLL,TIMEOUT,-1,20000000,-1,0,0,72082,315,306,0
RLRLLRLRRR,TIMEOUT,-1,20000000,-1,0,0,221733,605,545,0
RLRLLRLRRL,TIMEOUT,-1,20000000,-1,0,0,264348,588,740,0
RLRLLRLRLR,OOB,-1,88570,-1,0,0,12960,1044,1035,0
RLRLLRLRLL,TIMEOUT,-1,20000000,-1,0,0,244255,572,606,0
RLRLLRLLRR,HIGHWAY,923,2048,100,-2,-2,412,39,38,1
RLRLLRLLRL,OOB,-1,128946,-1,0,0,14609,1053,995,0
RLRLLRLLLR,TIMEOUT,-1,20000000,-1,0,0,184127,575,466,0
RLRLLRLLLL,TIMEOUT,-1,20000000,-1,0,0,191857,501,549,0
RLRLLLRRRR,TIMEOUT,-1,20000000,-1,0,0,95665,355,342,0
RLRLLLRRRL,TIMEOUT,-1,20000000,-1,0,0,102908,358,401,0
RLRLLLRRLR,TIMEOUT,-1,20000000,-1,0,0,88954,336,324,0
RLRLLLRRLL,TIMEOUT,-1,20000000,-1,0,0,56919,260,281,0
RLRLLLRLRR,TIMEOUT,-1,20000000,-1,0,0,138287,445,453,0
RLRLLLRLRL,TIMEOUT,-1,20000000,-1,0,0,127052,427,454,0
RLRLLLRLLR,HIGHWAY,1568691,1570816,528,4,-4,30890,251,205,1
RLRLLLRLLL,TIMEOUT,-1,20000000,-1,0,0,214441,593,548,0
RLRLLLLRRR,TIMEOUT,-1,20000000,-1,0,0,79447,326,343,0
RLRLLLLRRL,TIMEOUT,-1,20000000,-1,0,0,53911,253,268,0
RLRLLLLRLR,TIMEOUT,-1,20000000,-1,0,0,112885,403,409,0
RLRLLLLRLL,TIMEOUT,-1,20000000,-1,0,0,128496,466,435,0
RLRLLLLLRR,TIMEOUT,-1,20000000,-1,0,0,49266,250,257,0
RLRLLLLLRL,TIMEOUT,-1,20000000,-1,0,0,84618,325,351,0
RLRLLLLLLR,TIMEOUT,-1,20000000,-1,0,0,97731,377,391,0
RLRLLLLLLL,TIMEOUT,-1,20000000,-1,0,0,1235,40,40,0
RLLRRRRRRR,TIMEOUT,-1,20000000,-1,0,0,646,25,28,0
RLLRRRRRRL,TIMEOUT,-1,20000000,-1,0,0,157044,452,394,0
RLLRRRRRLR,TIMEOUT,-1,20000000,-1,0,0,177080,439,450,0
RLLRRRRRLL,TIMEOUT,-1,20000000,-1,0,0,1688,46,44,0
RLLRRRRLRR,TIMEOUT,-1,20000000,-1,0,0,129619,402,413,0
RLLRRRRLRL,TIMEOUT,-1,20000000,-1,0,0,126264,405,386,0
RLLRRRRLLR,TIMEOUT,-1,20000000,-1,0,0,2184,42,52,0
RLLRRRRLLL,TIMEOUT,-1,20000000,-1,0,0,160907,421,395,0
RLLRRRLRRR,TIMEOUT,-1,20000000,-1,0,0,173137,460,476,0
RLLRRRLRRL,TIMEOUT,-1,20000000,-1,0,0,144516,431,422,0
RLLRRRLRLR,TIMEOUT,-1,20000000,-1,0,0,239358,484,541,0
RLLRRRLRLL,TIMEOUT,-1,20000000,-1,0,0,143917,417,406,0
RLLRRRLLRR,TIMEOUT,-1,20000000,-1,0,0,1768,44,46,0
RLLRRRLLRL,TIMEOUT,-1,20000000,-1,0,0,163154,431,445,0
RLLRRRLLLR,TIMEOUT,-1,20000000,-1,0,0,167654,439,432,0
RLLRRRLLLL,TIMEOUT,-1,20000000,-1,0,0,133486,386,386,0
RLLRRLRRRR,TIMEOUT,-1,20000000,-1,0,0,290049,556,604,0
RLLRRLRRRL,TIMEOUT,-1,20000000,-1,0,0,145872,440,423,0
RLLRRLRRLR,TIMEOUT,-1,20000000,-1,0,0,168784,436,449,0
RLLRRLRRLL,TIMEOUT,-1,20000000,-1,0,0,145598,435,416,0
RLLRRLRLRR,TIMEOUT,-1,20000000,-1,0,0,153639,450,468,0
RLLRRLRLRL,TIMEOUT,-1,20000000,-1,0,0,147367,420,484,0
RLLRRLRLLR,TIMEOUT,-1,20000000,-1,0,0,158595,425,502,0
RLLRRLRLLL,TIMEOUT,-1,20000000,-1,0,0,153491,413,454,0
RLLRRLLRRR,TIMEOUT,-1,20000000,-1,0,0,4912,66,76,0
RLLRRLLRRL,TIMEOUT,-1,20000000,-1,0,0,146144,413,411,0
RLLRRLLRLR,TIMEOUT,-1,20000000,-1,0,0,186735,440,462,0
RLLRRLLRLL,TIMEOUT,-1,20000000,-1,0,0,202383,465,462,0
RLLRRLLLRR,TIMEOUT,-1,20000000,-1,0,0,156822,406,400,0
RLLRRLLLRL,TIMEOUT,-1,20000000,-1,0,0,198588,452,452,0
RLLRRLLLLR,TIMEOUT,-1,20000000,-1,0,0,5208,70,76,0
RLLRRLLLLL,TIMEOUT,-1,20000000,-1,0,0,174732,416,428,0
RLLRLRRRRR,TIMEOUT,-1,20000000,-1,0,0,254137,553,581,0
RLLRLRRRRL,TIMEOUT,-1,20000000,-1,0,0,167197,470,506,0
RLLRLRRRLR,TIMEOUT,-1,20000000,-1,0,0,158212,500,454,0
RLLRLRRRLL,TIMEOUT,-1,20000000,-1,0,0,153189,479,431,0
RLLRLRRLRR,TIMEOUT,-1,20000000,-1,0,0,148641,516,409,0
RLLRLRRLRL,TIMEOUT,-1,20000000,-1,0,0,156659,444,477,0
RLLRLRRLLR,TIMEOUT,-1,20000000,-1,0,0,148727,425,461,0
RLLRLRRLLL,TIMEOUT,-1,20000000,-1,0,0,155179,516,445,0
RLLRLRLRRR,TIMEOUT,-1,20000000,-1,0,0,160465,504,471,0
RLLRLRLRRL,TIMEOUT,-1,20000000,-1,0,0,155804,543,437,0
RLLRLRLRLR,TIMEOUT,-1,20000000,-1,0,0,156322,416,519,0
RLLRLRLRLL,TIMEOUT,-1,20000000,-1,0,0,155621,477,486,0
RLLRLRLLRR,TIMEOUT,-1,20000000,-1,0,0,148407,483,447,0
RLLRLRLLRL,TIMEOUT,-1,20000000,-1,0,0,198827,613,521,0
RLLRLRLLLR,TIMEOUT,-1,20000000,-1,0,0,154705,467,438,0
RLLRLRLLLL,TIMEOUT,-1,20000000,-1,0,0,129509,404,415,0
RLLRLLRRRR,TIMEOUT,-1,20000000,-1,0,0,2986,60,58,0
RLLRLLRRRL,TIMEOUT,-1,20000000,-1,0,0,157584,453,469,0
RLLRLLRRLR,TIMEOUT,-1,20000000,-1,0,0,160936,475,448,0
RLLRLLRRLL,TIMEOUT,-1,20000000,-1,0,0,176715,484,464,0
RLLRLLRLRR,TIMEOUT,-1,20000000,-1,0,0,168456,486,465,0
RLLRLLRLRL,TIMEOUT,-1,20000000,-1,0,0,160632,447,499,0
RLLRLLRLLR,TIMEOUT,-1,20000000,-1,0,0,191212,477,521,0
RLLRLLRLLL,TIMEOUT,-1,20000000,-1,0,0,165584,454,450,0
RLLRLLLRRR,TIMEOUT,-1,20000000,-1,0,0,138157,383,457,0
RLLRLLLRRL,TIMEOUT,-1,20000000,-1,0,0,142566,428,431,0
RLLRLLLRLR,TIMEOUT,-1,20000000,-1,0,0,159725,432,453,0
RLLRLLLRLL,TIMEOUT,-1,20000000,-1,0,0,158130,454,447,0
RLLRLLLLRR,TIMEOUT,-1,20000000,-1,0,0,157829,437,441,0
RLLRLLLLRL,TIMEOUT,-1,20000000,-1,0,0,151152,453,416,0
RLLRLLLLLR,TIMEOUT,-1,20000000,-1,0,0,2745076,1660,1658,0
RLLRLLLLLL,TIMEOUT,-1,20000000,-1,0,0,113063,335,354,0
RLLLRRRRRR,TIMEOUT,-1,20000000,-1,0,0,264628,536,532,0
RLLLRRRRRL,TIMEOUT,-1,20000000,-1,0,0,164120,400,424,0
RLLLRRRRLR,TIMEOUT,-1,20000000,-1,0,0,122260,356,350,0
RLLLRRRRLL,TIMEOUT,-1,20000000,-1,0,0,115200,344,346,0
RLLLRRRLRR,TIMEOUT,-1,20000000,-1,0,0,190756,442,444,0
RLLLRRRLRL,TIMEOUT,-1,20000000,-1,0,0,235842,500,502,0
RLLLRRRLLR,TIMEOUT,-1,20000000,-1,0,0,267232,526,516,0
RLLLRRRLLL,TIMEOUT,-1,20000000,-1,0,0,199364,452,450,0
RLLLRRLRRR,TIMEOUT,-1,20000000,-1,0,0,121980,356,348,0
RLLLRRLRRL,TIMEOUT,-1,20000000,-1,0,0,140488,376,378,0
RLLLRRLRLR,TIMEOUT,-1,20000000,-1,0,0,425024,656,658,0
RLLLRRLRLL,TIMEOUT,-1,20000000,-1,0,0,367154,612,608,0
RLLLRRLLRR,TIMEOUT,-1,20000000,-1,0,0,120052,350,352,0
RLLLRRLLRL,TIMEOUT,-1,20000000,-1,0,0,117292,342,344,0
RLLLRRLLLR,TIMEOUT,-1,20000000,-1,0,0,1476,40,38,0
RLLLRRLLLL,TIMEOUT,-1,20000000,-1,0,0,131040,362,362,0
RLLLRLRRRR,TIMEOUT,-1,20000000,-1,0,0,69892,293,295,0
RLLLRLRRRL,TIMEOUT,-1,20000000,-1,0,0,145999,462,418,0
RLLLRLRRLR,TIMEOUT,-1,20000000,-1,0,0,146492,420,440,0
RLLLRLRRLL,TIMEOUT,-1,20000000,-1,0,0,141518,407,405,0
RLLLRLRLRR,TIMEOUT,-1,20000000,-1,0,0,147978,463,463,0
RLLLRLRLRL,TIMEOUT,-1,20000000,-1,0,0,153316,445,415,0
RLLLRLRLLR,OOB,-1,8420238,-1,0,0,4161507,2040,2040,0
RLLLRLRLLL,TIMEOUT,-1,20000000,-1,0,0,169034,422,420,0
RLLLRLLRRR,TIMEOUT,-1,20000000,-1,0,0,204269,587,515,0
RLLLRLLRRL,TIMEOUT,-1,20000000,-1,0,0,143328,486,407,0
RLLLRLLRLR,TIMEOUT,-1,20000000,-1,0,0,142373,411,473,0
RLLLRLLRLL,TIMEOUT,-1,20000000,-1,0,0,140335,453,420,0
RLLLRLLLRR,TIMEOUT,-1,20000000,-1,0,0,141637,413,410,0
RLLLRLLLRL,TIMEOUT,-1,20000000,-1,0,0,145282,408,499,0
RLLLRLLLLR,TIMEOUT,-1,20000000,-1,0,0,191767,456,466,0
RLLLRLLLLL,TIMEOUT,-1,20000000,-1,0,0,151536,424,429,0
RLLLLRRRRR,TIMEOUT,-1,20000000,-1,0,0,7296,76,96,0
RLLLLRRRRL,TIMEOUT,-1,20000000,-1,0,0,120647,351,348,0
RLLLLRRRLR,TIMEOUT,-1,20000000,-1,0,0,134712,370,370,0
RLLLLRRRLL,OOB,-1,8563471,-1,0,0,4157357,2038,2040,0
RLLLLRRLRR,TIMEOUT,-1,20000000,-1,0,0,106300,330,326,0
RLLLLRRLRL,TIMEOUT,-1,20000000,-1,0,0,96092,310,310,0
RLLLLRRLLR,TIMEOUT,-1,20000000,-1,0,0,1936,44,44,0
RLLLLRRLLL,TIMEOUT,-1,20000000,-1,0,0,105448,328,326,0
RLLLLRLRRR,TIMEOUT,-1,20000000,-1,0,0,151874,394,402,0
RLLLLRLRRL,TIMEOUT,-1,20000000,-1,0,0,436636,670,666,0
RLLLLRLRLR,TIMEOUT,-1,20000000,-1,0,0,143496,378,392,0
RLLLLRLRLL,TIMEOUT,-1,20000000,-1,0,0,160995,419,421,0
RLLLLRLLRR,TIMEOUT,-1,20000000,-1,0,0,142971,422,416,0
RLLLLRLLRL,TIMEOUT,-1,20000000,-1,0,0,143104,418,406,0
RLLLLRLLLR,HIGHWAY,22338,23552,240,-2,2,1421,46,53,1
RLLLLRLLLL,TIMEOUT,-1,20000000,-1,0,0,134132,401,416,0
RLLLLLRRRR,OOB,-1,8717808,-1,0,0,4175730,2043,2044,0
RLLLLLRRRL,TIMEOUT,-1,20000000,-1,0,0,86364,294,296,0
RLLLLLRRLR,TIMEOUT,-1,20000000,-1,0,0,1764,42,42,0
RLLLLLRRLL,TIMEOUT,-1,20000000,-1,0,0,166796,408,410,0
RLLLLLRLRR,TIMEOUT,-1,20000000,-1,0,0,95924,318,311,0
RLLLLLRLRL,OOB,-1,13703546,-1,0,0,4170214,2041,2044,0
RLLLLLRLLR,TIMEOUT,-1,20000000,-1,0,0,193726,447,460,0
RLLLLLRLLL,TIMEOUT,-1,20000000,-1,0,0,154548,400,396,0
RLLLLLLRRR,TIMEOUT,-1,20000000,-1,0,0,1936,44,44,0
RLLLLLLRRL,OOB,-1,15592930,-1,0,0,4151038,2040,2037,0
RLLLLLLRLR,OOB,-1,8704207,-1,0,0,4146566,2037,2036,0
RLLLLLLRLL,TIMEOUT,-1,20000000,-1,0,0,98664,320,318,0
RLLLLLLLRR,TIMEOUT,-1,20000000,-1,0,0,201644,454,448,0
RLLLLLLLRL,TIMEOUT,-1,20000000,-1,0,0,1442,38,38,0
RLLLLLLLLR,TIMEOUT,-1,20000000,-1,0,0,400,20,20,0
RLLLLLLLLL,TIMEOUT,-1,20000000,-1,0,0,80385,316,305,0
RRRRRRRRRRR,CYCLE,-1,107,44,0,0,4,2,2,0
RRRRRRRRRRL,HIGHWAY,247,1024,164,2,-2,67,14,15,1
RRRRRRRRRLR,TIMEOUT,-1,20000000,-1,0,0,88347,347,352,0
RRRRRRRRRLL,TIMEOUT,-1,20000000,-1,0,0,268,18,18,0
RRRRRRRRLRR,TIMEOUT,-1,20000000,-1,0,0,82393,350,312,0
RRRRRRRRLRL,TIMEOUT,-1,20000000,-1,0,0,720,30,30,0
RRRRRRRRLLR,TIMEOUT,-1,20000000,-1,0,0,268,18,18,0
RRRRRRRRLLL,HIGHWAY,179,1024,156,-2,2,107,17,17,1
RRRRRRRLRRR,TIMEOUT,-1,20000000,-1,0,0,1255330,1121,1122,0
RRRRRRRLRRL,TIMEOUT,-1,20000000,-1,0,0,5857,88,88,0
RRRRRRRLRLR,TIMEOUT,-1,20000000,-1,0,0,757,30,30,0
RRRRRRRLRLL,TIMEOUT,-1,20000000,-1,0,0,80643,323,359,0
RRRRRRRLLRR,TIMEOUT,-1,20000000,-1,0,0,268,18,18,0
RRRRRRRLLRL,TIMEOUT,-1,20000000,-1,0,0,78043,314,352,0
RRRRRRRLLLR,TIMEOUT,-1,20000000,-1,0,0,98219,350,388,0
RRRRRRRLLLL,TIMEOUT,-1,20000000,-1,0,0,758,30,30,0
RRRRRRLRRRR,TIMEOUT,-1,20000000,-1,0,0,87569,343,326,0
RRRRRRLRRRL,TIMEOUT,-1,20000000,-1,0,0,82121,348,341,0
RRRRRRLRRLR,TIMEOUT,-1,20000000,-1,0,0,6420,92,90,0
RRRRRRLRRLL,TIMEOUT,-1,20000000,-1,0,0,94791,321,401,0
RRRRRRLRLRR,TIMEOUT,-1,20000000,-1,0,0,763,30,31,0
RRRRRRLRLRL,HIGHWAY,209,1024,82,-1,1,121,16,16,1
RRRRRRLRLLR,HIGHWAY,690,3072,152,-2,2,299,41,41,1
RRRRRRLRLLL,TIMEOUT,-1,20000000,-1,0,0,6291,90,88,0
RRRRRRLLRRR,TIMEOUT,-1,20000000,-1,0,0,284,18,18,0
RRRRRRLLRRL,TIMEOUT,-1,20000000,-1,0,0,64716,306,289,0
RRRRRRLLRLR,HIGHWAY,177,3072,148,-2,2,383,45,45,1
RRRRRRLLRLL,TIMEOUT,-1,20000000,-1,0,0,764,30,30,0
RRRRRRLLLRR,HIGHWAY,59426,60416,144,-2,-2,1629,46,62,1
RRRRRRLLLRL,TIMEOUT,-1,20000000,-1,0,0,6254,87,91,0
RRRRRRLLLLR,TIMEOUT,-1,20000000,-1,0,0,768,31,30,0
RRRRRRLLLLL,HIGHWAY,205,1024,78,-1,1,130,17,17,1
RRRRRLRRRRR,TIMEOUT,-1,20000000,-1,0,0,88704,332,317,0
RRRRRLRRRRL,TIMEOUT,-1,20000000,-1,0,0,94989,393,372,0
RRRRRLRRRLR,TIMEOUT,-1,20000000,-1,0,0,83173,337,345,0
RRRRRLRRRLL,TIMEOUT,-1,20000000,-1,0,0,124511,539,397,0
RRRRRLRRLRR,TIMEOUT,-1,20000000,-1,0,0,9513,108,104,0
RRRRRLRRLRL,TIMEOUT,-1,20000000,-1,0,0,92453,342,362,0
RRRRRLRRLLR,TIMEOUT,-1,20000000,-1,0,0,96462,368,369,0
RRRRRLRRLLL,TIMEOUT,-1,20000000,-1,0,0,80210,320,357,0
RRRRRLRLRRR,TIMEOUT,-1,20000000,-1,0,0,821,32,31,0
RRRRRLRLRRL,TIMEOUT,-1,20000000,-1,0,0,86927,350,330,0
RRRRRLRLRLR,HIGHWAY,2772,4096,196,2,-2,329,32,32,1
RRRRRLRLRLL,TIMEOUT,-1,20000000,-1,0,0,6935,93,91,0
RRRRRLRLLRR,TIMEOUT,-1,20000000,-1,0,0,95616,356,378,0
RRRRRLRLLRL,TIMEOUT,-1,20000000,-1,0,0,78661,330,318,0
RRRRRLRLLLR,TIMEOUT,-1,20000000,-1,0,0,7020,93,94,0
RRRRRLRLLLL,TIMEOUT,-1,20000000,-1,0,0,87236,333,351,0
RRRRRLLRRRR,TIMEOUT,-1,20000000,-1,0,0,284,18,18,0
RRRRRLLRRRL,TIMEOUT,-1,20000000,-1,0,0,63049,289,282,0
RRRRRLLRRLR,TIMEOUT,-1,20000000,-1,0,0,91045,337,344,0
RRRRRLLRRLL,TIMEOUT,-1,20000000,-1,0,0,795,31,30,0
RRRRRLLRLRR,HIGHWAY,19650,26624,1948,-8,8,1411,76,76,1
RRRRRLLRLRL,TIMEOUT,-1,20000000,-1,0,0,6399,88,89,0
RRRRRLLRLLR,TIMEOUT,-1,20000000,-1,0,0,793,30,30,0
RRRRRLLRLLL,TIMEOUT,-1,20000000,-1,0,0,137957,492,443,0
RRRRRLLLRRR,HIGHWAY,143356,149504,136,2,2,3643,162,123,1
RRRRRLLLRRL,TIMEOUT,-1,20000000,-1,0,0,72475,299,322,0
RRRRRLLLRLR,TIMEOUT,-1,20000000,-1,0,0,6677,91,90,0
RRRRRLLLRLL,TIMEOUT,-1,20000000,-1,0,0,100348,354,359,0
RRRRRLLLLRR,TIMEOUT,-1,20000000,-1,0,0,847,32,32,0
RRRRRLLLLRL,TIMEOUT,-1,20000000,-1,0,0,114057,426,376,0
RRRRRLLLLLR,HIGHWAY,596234,600064,1200,-4,-4,15948,153,161,1
RRRRRLLLLLL,TIMEOUT,-1,20000000,-1,0,0,7521,95,94,0
RRRRLRRRRRR,TIMEOUT,-1,20000000,-1,0,0,2001857,1417,1415,0
RRRRLRRRRRL,TIMEOUT,-1,20000000,-1,0,0,154235,486,506,0
RRRRLRRRRLR,HIGHWAY,103,4096,68,2,-2,606,122,123,1
RRRRLRRRRLL,HIGHWAY,103,4096,68,2,-2,606,122,123,1
RRRRLRRRLRR,TIMEOUT,-1,20000000,-1,0,0,96456,341,395,0
RRRRLRRRLRL,TIMEOUT,-1,20000000,-1,0,0,140916,447,460,0
RRRRLRRRLLR,TIMEOUT,-1,20000000,-1,0,0,149860,428,412,0
RRRRLRRRLLL,TIMEOUT,-1,20000000,-1,0,0,2463042,1570,1570,0
RRRRLRRLRRR,TIMEOUT,-1,20000000,-1,0,0,14811,128,128,0
RRRRLRRLRRL,TIMEOUT,-1,20000000,-1,0,0,99780,366,381,0
RRRRLRRLRLR,TIMEOUT,-1,20000000,-1,0,0,103617,405,354,0
RRRRLRRLRLL,TIMEOUT,-1,20000000,-1,0,0,93761,367,382,0
RRRRLRRLLRR,TIMEOUT,-1,20000000,-1,0,0,128825,445,439,0
RRRRLRRLLRL,TIMEOUT,-1,20000000,-1,0,0,118656,429,387,0
RRRRLRRLLLR,TIMEOUT,-1,20000000,-1,0,0,94837,386,346,0
RRRRLRRLLLL,TIMEOUT,-1,20000000,-1,0,0,24040,173,176,0
RRRRLRLRRRR,TIMEOUT,-1,20000000,-1,0,0,842,32,32,0
RRRRLRLRRRL,TIMEOUT,-1,20000000,-1,0,0,87719,366,344,0
RRRRLRLRRLR,HIGHWAY,22327,25600,148,-2,2,1186,76,71,1
RRRRLRLRRLL,TIMEOUT,-1,20000000,-1,0,0,7732,99,98,0
RRRRLRLRLRR,TIMEOUT,-1,20000000,-1,0,0,93233,333,372,0
RRRRLRLRLRL,TIMEOUT,-1,20000000,-1,0,0,79315,315,334,0
RRRRLRLRLLR,TIMEOUT,-1,20000000,-1,0,0,8272,101,103,0
RRRRLRLRLLL,TIMEOUT,-1,20000000,-1,0,0,80337,325,320,0
RRRRLRLLRRR,HIGHWAY,1301661,1303552,372,2,-2,15994,151,153,1
RRRRLRLLRRL,HIGHWAY,309,4096,148,2,-2,486,60,59,1
RRRRLRLLRLR,TIMEOUT,-1,20000000,-1,0,0,89450,322,368,0
RRRRLRLLRLL,TIMEOUT,-1,20000000,-1,0,0,99184,371,344,0
RRRRLRLLLRR,TIMEOUT,-1,20000000,-1,0,0,12106,116,130,0
RRRRLRLLLRL,TIMEOUT,-1,20000000,-1,0,0,86861,331,334,0
RRRRLRLLLLR,TIMEOUT,-1,20000000,-1,0,0,87205,318,352,0
RRRRLRLLLLL,TIMEOUT,-1,20000000,-1,0,0,75621,298,312,0
RRRRLLRRRRR,TIMEOUT,-1,20000000,-1,0,0,296,18,18,0
RRRRLLRRRRL,TIMEOUT,-1,20000000,-1,0,0,61669,279,275,0
RRRRLLRRRLR,TIMEOUT,-1,20000000,-1,0,0,73930,305,312,0
RRRRLLRRRLL,TIMEOUT,-1,20000000,-1,0,0,818,32,32,0
RRRRLLRRLRR,HIGHWAY,171,1024,132,-2,2,150,19,19,1
RRRRLLRRLRL,TIMEOUT,-1,20000000,-1,0,0,6935,93,92,0
RRRRLLRRLLR,TIMEOUT,-1,20000000,-1,0,0,838,32,32,0
RRRRLLRRLLL,TIMEOUT,-1,20000000,-1,0,0,25328,182,175,0
RRRRLLRLRRR,HIGHWAY,19466,23552,1284,6,6,1140,59,47,1
RRRRLLRLRRL,TIMEOUT,-1,20000000,-1,0,0,82025,358,323,0
RRRRLLRLRLR,TIMEOUT,-1,20000000,-1,0,0,7417,96,95,0
RRRRLLRLRLL,TIMEOUT,-1,20000000,-1,0,0,85531,329,324,0
RRRRLLRLLRR,TIMEOUT,-1,20000000,-1,0,0,838,32,32,0
RRRRLLRLLRL,HIGHWAY,1189232,1189888,98,1,1,9985,122,111,1
RRRRLLRLLLR,HIGHWAY,759,4096,140,-2,2,523,58,59,1
RRRRLLRLLLL,TIMEOUT,-1,20000000,-1,0,0,7269,96,96,0
RRRRLLLRRRR,HIGHWAY,6314039,6316032,640,-2,2,37930,220,225,1
RRRRLLLRRRL,HIGHWAY,5078,9216,536,4,-4,791,54,53,1
RRRRLLLRRLR,TIMEOUT,-1,20000000,-1,0,0,89274,342,346,0
RRRRLLLRRLL,TIMEOUT,-1,20000000,-1,0,0,22848,171,163,0
RRRRLLLRLRR,TIMEOUT,-1,20000000,-1,0,0,9519,108,107,0
RRRRLLLRLRL,TIMEOUT,-1,20000000,-1,0,0,81013,313,348,0
RRRRLLLRLLR,TIMEOUT,-1,20000000,-1,0,0,107193,335,411,0
RRRRLLLRLLL,TIMEOUT,-1,20000000,-1,0,0,76366,298,323,0
RRRRLLLLRRR,TIMEOUT,-1,20000000,-1,0,0,870,32,32,0
RRRRLLLLRRL,TIMEOUT,-1,20000000,-1,0,0,20516,152,165,0
RRRRLLLLRLR,HIGHWAY,535,1024,148,2,-2,134,16,17,1
RRRRLLLLRLL,TIMEOUT,-1,20000000,-1,0,0,7411,98,97,0
RRRRLLLLLRR,HIGHWAY,1205,2048,192,2,2,196,23,23,1
RRRRLLLLLRL,TIMEOUT,-1,20000000,-1,0,0,74071,305,304,0
RRRRLLLLLLR,TIMEOUT,-1,20000000,-1,0,0,9327,104,108,0
RRRRLLLLLLL,TIMEOUT,-1,20000000,-1,0,0,1242,36,36,0
RRRLRRRRRRR,TIMEOUT,-1,20000000,-1,0,0,2504674,1584,1584,0
RRRLRRRRRRL,TIMEOUT,-1,20000000,-1,0,0,135920,419,424,0
RRRLRRRRRLR,TIMEOUT,-1,20000000,-1,0,0,142490,436,438,0
RRRLRRRRRLL,TIMEOUT,-1,20000000,-1,0,0,2504874,1584,1584,0
RRRLRRRRLRR,TIMEOUT,-1,20000000,-1,0,0,142923,475,475,0
RRRLRRRRLRL,TIMEOUT,-1,20000000,-1,0,0,188676,520,538,0
RRRLRRRRLLR,TIMEOUT,-1,20000000,-1,0,0,130483,428,394,0
RRRLRRRRLLL,TIMEOUT,-1,20000000,-1,0,0,152691,427,499,0
RRRLRRRLRRR,HIGHWAY,79,5120,52,2,-2,987,198,199,1
RRRLRRRLRRL,HIGHWAY,79,5120,52,2,-2,987,198,199,1
RRRLRRRLRLR,HIGHWAY,79,5120,52,2,-2,987,198,199,1
RRRLRRRLRLL,HIGHWAY,79,5120,52,2,-2,987,198,199,1
RRRLRRRLLRR,HIGHWAY,79,5120,52,2,-2,987,198,199,1
RRRLRRRLLRL,HIGHWAY,79,5120,52,2,-2,987,198,199,1
RRRLRRRLLLR,HIGHWAY,79,5120,52,2,-2,987,198,199,1
RRRLRRRLLLL,HIGHWAY,79,5120,52,2,-2,987,198,199,1
RRRLRRLRRRR,TIMEOUT,-1,20000000,-1,0,0,18753,158,153,0
RRRLRRLRRRL,TIMEOUT,-1,20000000,-1,0,0,125763,413,432,0
RRRLRRLRRLR,TIMEOUT,-1,20000000,-1,0,0,117357,407,402,0
RRRLRRLRRLL,TIMEOUT,-1,20000000,-1,0,0,128704,434,435,0
RRRLRRLRLRR,TIMEOUT,-1,20000000,-1,0,0,122546,413,421,0
RRRLRRLRLRL,TIMEOUT,-1,20000000,-1,0,0,145373,483,448,0
RRRLRRLRLLR,TIMEOUT,-1,20000000,-1,0,0,146698,420,496,0
RRRLRRLRLLL,TIMEOUT,-1,20000000,-1,0,0,187943,510,540,0
RRRLRRLLRRR,TIMEOUT,-1,20000000,-1,0,0,295847,608,579,0
RRRLRRLLRRL,TIMEOUT,-1,20000000,-1,0,0,185594,460,436,0
RRRLRRLLRLR,TIMEOUT,-1,20000000,-1,0,0,148774,409,437,0
RRRLRRLLRLL,HIGHWAY,80,2048,108,-2,2,274,42,41,1
RRRLRRLLLRR,TIMEOUT,-1,20000000,-1,0,0,3333434,1829,1823,0
RRRLRRLLLRL,TIMEOUT,-1,20000000,-1,0,0,3338647,1828,1827,0
RRRLRRLLLLR,TIMEOUT,-1,20000000,-1,0,0,12986,114,114,0
RRRLRRLLLLL,TIMEOUT,-1,20000000,-1,0,0,3337474,1828,1827,0
RRRLRLRRRRR,TIMEOUT,-1,20000000,-1,0,0,1548,42,42,0
RRRLRLRRRRL,TIMEOUT,-1,20000000,-1,0,0,120833,381,448,0
RRRLRLRRRLR,TIMEOUT,-1,20000000,-1,0,0,128634,405,417,0
RRRLRLRRRLL,TIMEOUT,-1,20000000,-1,0,0,11744,118,116,0
RRRLRLRRLRR,TIMEOUT,-1,20000000,-1,0,0,120941,386,440,0
RRRLRLRRLRL,TIMEOUT,-1,20000000,-1,0,0,124603,425,455,0
RRRLRLRRLLR,TIMEOUT,-1,20000000,-1,0,0,11086,119,121,0
RRRLRLRRLLL,TIMEOUT,-1,20000000,-1,0,0,119485,411,408,0
RRRLRLRLRRR,TIMEOUT,-1,20000000,-1,0,0,106029,371,392,0
RRRLRLRLRRL,TIMEOUT,-1,20000000,-1,0,0,118506,394,454,0
RRRLRLRLRLR,TIMEOUT,-1,20000000,-1,0,0,112548,404,398,0
RRRLRLRLRLL,TIMEOUT,-1,20000000,-1,0,0,124132,392,441,0
RRRLRLRLLRR,TIMEOUT,-1,20000000,-1,0,0,13759,132,136,0
RRRLRLRLLRL,TIMEOUT,-1,20000000,-1,0,0,106741,423,386,0
RRRLRLRLLLR,TIMEOUT,-1,20000000,-1,0,0,108962,348,420,0
RRRLRLRLLLL,TIMEOUT,-1,20000000,-1,0,0,107298,393,388,0
RRRLRLLRRRR,TIMEOUT,-1,20000000,-1,0,0,129768,429,410,0
RRRLRLLRRRL,TIMEOUT,-1,20000000,-1,0,0,117161,378,448,0
RRRLRLLRRLR,TIMEOUT,-1,20000000,-1,0,0,108030,408,334,0
RRRLRLLRRLL,TIMEOUT,-1,20000000,-1,0,0,141514,486,472,0
RRRLRLLRLRR,TIMEOUT,-1,20000000,-1,0,0,124852,459,407,0
RRRLRLLRLRL,TIMEOUT,-1,20000000,-1,0,0,127018,403,430,0
RRRLRLLRLLR,HIGHWAY,16908,21504,58,1,-1,1945,133,98,1
RRRLRLLRLLL,TIMEOUT,-1,20000000,-1,0,0,175536,490,494,0
RRRLRLLLRRR,TIMEOUT,-1,20000000,-1,0,0,15525,138,130,0
RRRLRLLLRRL,TIMEOUT,-1,20000000,-1,0,0,111913,391,386,0
RRRLRLLLRLR,TIMEOUT,-1,20000000,-1,0,0,106870,395,370,0
RRRLRLLLRLL,TIMEOUT,-1,20000000,-1,0,0,103297,394,386,0
RRRLRLLLLRR,TIMEOUT,-1,20000000,-1,0,0,99078,362,375,0
RRRLRLLLLRL,TIMEOUT,-1,20000000,-1,0,0,100737,368,359,0
RRRLRLLLLLR,TIMEOUT,-1,20000000,-1,0,0,101066,363,346,0
RRRLRLLLLLL,TIMEOUT,-1,20000000,-1,0,0,14228,125,122,0
RRRLLRRRRRR,TIMEOUT,-1,20000000,-1,0,0,302,18,18,0
RRRLLRRRRRL,TIMEOUT,-1,20000000,-1,0,0,61216,283,285,0
RRRLLRRRRLR,TIMEOUT,-1,20000000,-1,0,0,69266,296,306,0
RRRLLRRRRLL,TIMEOUT,-1,20000000,-1,0,0,857,32,32,0
RRRLLRRRLRR,HIGHWAY,202542,206848,820,-6,6,4633,110,83,1
RRRLLRRRLRL,TIMEOUT,-1,20000000,-1,0,0,7239,97,96,0
RRRLLRRRLLR,TIMEOUT,-1,20000000,-1,0,0,853,32,32,0
RRRLLRRRLLL,TIMEOUT,-1,20000000,-1,0,0,65916,278,290,0
RRRLLRRLRRR,OOB,-1,410689,-1,0,0,12777,1042,1055,0
RRRLLRRLRRL,TIMEOUT,-1,20000000,-1,0,0,87375,335,364,0
RRRLLRRLRLR,TIMEOUT,-1,20000000,-1,0,0,7705,97,100,0
RRRLLRRLRLL,TIMEOUT,-1,20000000,-1,0,0,82882,328,340,0
RRRLLRRLLRR,TIMEOUT,-1,20000000,-1,0,0,894,33,33,0
RRRLLRRLLRL,TIMEOUT,-1,20000000,-1,0,0,73732,301,300,0
RRRLLRRLLLR,TIMEOUT,-1,20000000,-1,0,0,27834,195,216,0
RRRLLRRLLLL,TIMEOUT,-1,20000000,-1,0,0,7995,106,102,0
RRRLLRLRRRR,HIGHWAY,6710,10240,284,2,2,770,52,52,1
RRRLLRLRRRL,TIMEOUT,-1,20000000,-1,0,0,106877,417,370,0
RRRLLRLRRLR,TIMEOUT,-1,20000000,-1,0,0,89902,333,375,0
RRRLLRLRRLL,TIMEOUT,-1,20000000,-1,0,0,92774,351,358,0
RRRLLRLRLRR,TIMEOUT,-1,20000000,-1,0,0,9442,108,106,0
RRRLLRLRLRL,TIMEOUT,-1,20000000,-1,0,0,85874,322,348,0
RRRLLRLRLLR,TIMEOUT,-1,20000000,-1,0,0,84725,326,336,0
RRRLLRLRLLL,TIMEOUT,-1,20000000,-1,0,0,87183,314,352,0
RRRLLRLLRRR,TIMEOUT,-1,20000000,-1,0,0,929,34,34,0
RRRLLRLLRRL,TIMEOUT,-1,20000000,-1,0,0,78335,301,310,0
RRRLLRLLRLR,TIMEOUT,-1,20000000,-1,0,0,80470,308,319,0
RRRLLRLLRLL,TIMEOUT,-1,20000000,-1,0,0,8025,101,101,0
RRRLLRLLLRR,TIMEOUT,-1,20000000,-1,0,0,83117,319,316,0
RRRLLRLLLRL,TIMEOUT,-1,20000000,-1,0,0,81452,312,354,0
RRRLLRLLLLR,TIMEOUT,-1,20000000,-1,0,0,8364,105,105,0
RRRLLRLLLLL,TIMEOUT,-1,20000000,-1,0,0,70915,300,296,0
RRRLLLRRRRR,HIGHWAY,2194242,2198528,560,2,2,19045,190,159,1
RRRLLLRRRRL,TIMEOUT,-1,20000000,-1,0,0,111662,406,379,0
RRRLLLRRRLR,HIGHWAY,99,1024,38,-1,1,198,30,30,1
RRRLLLRRRLL,HIGHWAY,99,1024,38,-1,1,198,30,30,1
RRRLLLRRLRR,TIMEOUT,-1,20000000,-1,0,0,94815,358,371,0
RRRLLLRRLRL,TIMEOUT,-1,20000000,-1,0,0,223403,634,568,0
RRRLLLRRLLR,TIMEOUT,-1,20000000,-1,0,0,58864,291,284,0
RRRLLLRRLLL,TIMEOUT,-1,20000000,-1,0,0,149755,459,439,0
RRRLLLRLRRR,TIMEOUT,-1,20000000,-1,0,0,14639,131,122,0
RRRLLLRLRRL,TIMEOUT,-1,20000000,-1,0,0,94718,334,374,0
RRRLLLRLRLR,TIMEOUT,-1,20000000,-1,0,0,95589,346,363,0
RRRLLLRLRLL,TIMEOUT,-1,20000000,-1,0,0,96460,358,372,0
RRRLLLRLLRR,TIMEOUT,-1,20000000,-1,0,0,94740,355,334,0
RRRLLLRLLRL,TIMEOUT,-1,20000000,-1,0,0,100017,375,341,0
RRRLLLRLLLR,TIMEOUT,-1,20000000,-1,0,0,89423,334,342,0
RRRLLLRLLLL,TIMEOUT,-1,20000000,-1,0,0,104668,379,346,0
RRRLLLLRRRR,TIMEOUT,-1,20000000,-1,0,0,926,32,33,0
RRRLLLLRRRL,TIMEOUT,-1,20000000,-1,0,0,81280,323,305,0
RRRLLLLRRLR,TIMEOUT,-1,20000000,-1,0,0,22664,160,158,0
RRRLLLLRRLL,TIMEOUT,-1,20000000,-1,0,0,9966,115,115,0
RRRLLLLRLRR,TIMEOUT,-1,20000000,-1,0,0,85549,329,332,0
RRRLLLLRLRL,TIMEOUT,-1,20000000,-1,0,0,82283,333,329,0
RRRLLLLRLLR,TIMEOUT,-1,20000000,-1,0,0,9312,110,109,0
RRRLLLLRLLL,TIMEOUT,-1,20000000,-1,0,0,76294,306,308,0
RRRLLLLLRRR,TIMEOUT,-1,20000000,-1,0,0,26045,171,174,0
RRRLLLLLRRL,TIMEOUT,-1,20000000,-1,0,0,86983,321,323,0
RRRLLLLLRLR,TIMEOUT,-1,20000000,-1,0,0,83563,326,311,0
RRRLLLLLRLL,TIMEOUT,-1,20000000,-1,0,0,80993,317,329,0
RRRLLLLLLRR,TIMEOUT,-1,20000000,-1,0,0,24536,159,162,0
RRRLLLLLLRL,TIMEOUT,-1,20000000,-1,0,0,90742,306,301,0
RRRLLLLLLLR,TIMEOUT,-1,20000000,-1,0,0,1156,34,34,0
RRRLLLLLLLL,TIMEOUT,-1,20000000,-1,0,0,79681,292,290,0
RRLRRRRRRRR,TIMEOUT,-1,20000000,-1,0,0,87642,333,312,0
RRLRRRRRRRL,TIMEOUT,-1,20000000,-1,0,0,3336811,1828,1828,0
RRLRRRRRRLR,TIMEOUT,-1,20000000,-1,0,0,3324550,1825,1825,0
RRLRRRRRRLL,TIMEOUT,-1,20000000,-1,0,0,3338705,1828,1829,0
RRLRRRRRLRR,TIMEOUT,-1,20000000,-1,0,0,3338854,1829,1828,0
RRLRRRRRLRL,TIMEOUT,-1,20000000,-1,0,0,3338923,1828,1829,0
RRLRRRRRLLR,TIMEOUT,-1,20000000,-1,0,0,3338965,1828,1829,0
RRLRRRRRLLL,TIMEOUT,-1,20000000,-1,0,0,3339006,1828,1829,0
RRLRRRRLRRR,TIMEOUT,-1,20000000,-1,0,0,3338711,1827,1830,0
RRLRRRRLRRL,TIMEOUT,-1,20000000,-1,0,0,163916,473,484,0
RRLRRRRLRLR,TIMEOUT,-1,20000000,-1,0,0,144460,467,424,0
RRLRRRRLRLL,TIMEOUT,-1,20000000,-1,0,0,3339094,1829,1828,0
RRLRRRRLLRR,TIMEOUT,-1,20000000,-1,0,0,3338875,1829,1828,0
RRLRRRRLLRL,TIMEOUT,-1,20000000,-1,0,0,3337637,1828,1828,0
RRLRRRRLLLR,TIMEOUT,-1,20000000,-1,0,0,3338810,1829,1828,0
RRLRRRRLLLL,TIMEOUT,-1,20000000,-1,0,0,16796,130,144,0
RRLRRRLRRRR,TIMEOUT,-1,20000000,-1,0,0,112724,378,430,0
RRLRRRLRRRL,TIMEOUT,-1,20000000,-1,0,0,194891,557,550,0
RRLRRRLRRLR,TIMEOUT,-1,20000000,-1,0,0,178657,517,521,0
RRLRRRLRRLL,TIMEOUT,-1,20000000,-1,0,0,131659,404,444,0
RRLRRRLRLRR,TIMEOUT,-1,20000000,-1,0,0,209549,549,560,0
RRLRRRLRLRL,TIMEOUT,-1,20000000,-1,0,0,218111,541,625,0
RRLRRRLRLLR,TIMEOUT,-1,20000000,-1,0,0,143239,493,450,0
RRLRRRLRLLL,TIMEOUT,-1,20000000,-1,0,0,154177,464,441,0
RRLRRRLLRRR,TIMEOUT,-1,20000000,-1,0,0,128375,397,402,0
RRLRRRLLRRL,HIGHWAY,120059,121856,216,2,-2,4781,99,92,1
RRLRRRLLRLR,TIMEOUT,-1,20000000,-1,0,0,172272,559,505,0
RRLRRRLLRLL,TIMEOUT,-1,20000000,-1,0,0,182034,541,474,0
RRLRRRLLLRR,HIGHWAY,1943094,1946624,244,-2,-2,31826,219,218,1
RRLRRRLLLRL,TIMEOUT,-1,20000000,-1,0,0,171886,481,516,0
RRLRRRLLLLR,TIMEOUT,-1,20000000,-1,0,0,157653,456,434,0
RRLRRRLLLLL,TIMEOUT,-1,20000000,-1,0,0,256727,536,530,0
RRLRRLRRRRR,HIGHWAY,55,1024,18,1,-1,286,58,59,1
RRLRRLRRRRL,HIGHWAY,55,1024,18,1,-1,286,58,59,1
RRLRRLRRRLR,HIGHWAY,55,1024,18,1,-1,286,58,59,1
RRLRRLRRRLL,HIGHWAY,55,1024,18,1,-1,286,58,59,1
RRLRRLRRLRR,HIGHWAY,55,1024,18,1,-1,286,58,59,1
RRLRRLRRLRL,HIGHWAY,55,1024,18,1,-1,286,58,59,1
RRLRRLRRLLR,HIGHWAY,55,1024,18,1,-1,286,58,59,1
RRLRRLRRLLL,HIGHWAY,55,1024,18,1,-1,286,58,59,1
RRLRRLRLRRR,HIGHWAY,55,1024,18,1,-1,286,58,59,1
RRLRRLRLRRL,HIGHWAY,55,1024,18,1,-1,286,58,59,1
RRLRRLRLRLR,HIGHWAY,55,1024,18,1,-1,286,58,59,1
RRLRRLRLRLL,HIGHWAY,55,1024,18,1,-1,286,58,59,1
RRLRRLRLLRR,HIGHWAY,55,1024,18,1,-1,286,58,59,1
RRLRRLRLLRL,HIGHWAY,55,1024,18,1,-1,286,58,59,1
RRLRRLRLLLR,HIGHWAY,55,1024,18,1,-1,286,58,59,1
RRLRRLRLLLL,HIGHWAY,55,1024,18,1,-1,286,58,59,1
RRLRRLLRRRR,HIGHWAY,55,1024,18,1,-1,286,58,59,1
RRLRRLLRRRL,HIGHWAY,55,1024,18,1,-1,286,58,59,1
RRLRRLLRRLR,HIGHWAY,55,1024,18,1,-1,286,58,59,1
RRLRRLLRRLL,HIGHWAY,55,1024,18,1,-1,286,58,59,1
RRLRRLLRLRR,HIGHWAY,55,1024,18,1,-1,286,58,59,1
RRLRRLLRLRL,HIGHWAY,55,1024,18,1,-1,286,58,59,1
RRLRRLLRLLR,HIGHWAY,55,1024,18,1,-1,286,58,59,1
RRLRRLLRLLL,HIGHWAY,55,1024,18,1,-1,286,58,59,1
RRLRRLLLRRR,HIGHWAY,55,1024,18,1,-1,286,58,59,1
RRLRRLLLRRL,HIGHWAY,55,1024,18,1,-1,286,58,59,1
RRLRRLLLRLR,HIGHWAY,55,1024,18,1,-1,286,58,59,1
RRLRRLLLRLL,HIGHWAY,55,1024,18,1,-1,286,58,59,1
RRLRRLLLLRR,HIGHWAY,55,1024,18,1,-1,286,58,59,1
RRLRRLLLLRL,HIGHWAY,55,1024,18,1,-1,286,58,59,1
RRLRRLLLLLR,HIGHWAY,55,1024,18,1,-1,286,58,59,1
RRLRRLLLLLL,HIGHWAY,55,1024,18,1,-1,286,58,59,1
RRLRLRRRRRR,TIMEOUT,-1,20000000,-1,0,0,1230,36,36,0
RRLRLRRRRRL,TIMEOUT,-1,20000000,-1,0,0,117590,376,389,0
RRLRLRRRRLR,TIMEOUT,-1,20000000,-1,0,0,125751,445,401,0
RRLRLRRRRLL,TIMEOUT,-1,20000000,-1,0,0,46746,231,252,0
RRLRLRRRLRR,TIMEOUT,-1,20000000,-1,0,0,130188,402,475,0
RRLRLRRRLRL,TIMEOUT,-1,20000000,-1,0,0,128348,397,451,0
RRLRLRRRLLR,TIMEOUT,-1,20000000,-1,0,0,20023,171,162,0
RRLRLRRRLLL,TIMEOUT,-1,20000000,-1,0,0,129938,412,428,0
RRLRLRRLRRR,HIGHWAY,5316,7168,180,2,-2,686,47,43,1
RRLRLRRLRRL,TIMEOUT,-1,20000000,-1,0,0,139524,455,446,0
RRLRLRRLRLR,TIMEOUT,-1,20000000,-1,0,0,158192,450,502,0
RRLRLRRLRLL,TIMEOUT,-1,20000000,-1,0,0,141065,445,425,0
RRLRLRRLLRR,HIGHWAY,67282,70656,880,2,2,5239,105,86,1
RRLRLRRLLRL,TIMEOUT,-1,20000000,-1,0,0,152898,452,456,0
RRLRLRRLLLR,TIMEOUT,-1,20000000,-1,0,0,147942,428,476,0
RRLRLRRLLLL,TIMEOUT,-1,20000000,-1,0,0,164481,430,444,0
RRLRLRLRRRR,TIMEOUT,-1,20000000,-1,0,0,106952,421,387,0
RRLRLRLRRRL,TIMEOUT,-1,20000000,-1,0,0,123919,359,472,0
RRLRLRLRRLR,TIMEOUT,-1,20000000,-1,0,0,128633,447,428,0
RRLRLRLRRLL,TIMEOUT,-1,20000000,-1,0,0,146205,483,448,0
RRLRLRLRLRR,TIMEOUT,-1,20000000,-1,0,0,135049,454,444,0
RRLRLRLRLRL,TIMEOUT,-1,20000000,-1,0,0,161907,496,446,0
RRLRLRLRLLR,TIMEOUT,-1,20000000,-1,0,0,148601,449,503,0
RRLRLRLRLLL,TIMEOUT,-1,20000000,-1,0,0,188441,544,532,0
RRLRLRLLRRR,TIMEOUT,-1,20000000,-1,0,0,21961,172,169,0
RRLRLRLLRRL,TIMEOUT,-1,20000000,-1,0,0,147723,454,505,0
RRLRLRLLRLR,TIMEOUT,-1,20000000,-1,0,0,154618,473,479,0
RRLRLRLLRLL,TIMEOUT,-1,20000000,-1,0,0,141770,461,474,0
RRLRLRLLLRR,TIMEOUT,-1,20000000,-1,0,0,148061,499,463,0
RRLRLRLLLRL,TIMEOUT,-1,20000000,-1,0,0,148797,484,453,0
RRLRLRLLLLR,TIMEOUT,-1,20000000,-1,0,0,150175,449,467,0
RRLRLRLLLLL,TIMEOUT,-1,20000000,-1,0,0,16503,171,164,0
RRLRLLRRRRR,OOB,-1,13548530,-1,0,0,2094597,2043,2036,0
RRLRLLRRRRL,OOB,-1,748101,-1,0,0,28640,1046,1084,0
RRLRLLRRRLR,OOB,-1,499204,-1,0,0,24149,1085,1038,0
RRLRLLRRRLL,OOB,-1,148550,-1,0,0,20447,1046,1037,0
RRLRLLRRLRR,TIMEOUT,-1,20000000,-1,0,0,145444,436,460,0
RRLRLLRRLRL,TIMEOUT,-1,20000000,-1,0,0,151682,416,478,0
RRLRLLRRLLR,TIMEOUT,-1,20000000,-1,0,0,181214,468,440,0
RRLRLLRRLLL,TIMEOUT,-1,20000000,-1,0,0,154190,401,398,0
RRLRLLRLRRR,OOB,-1,1000199,-1,0,0,48447,1038,1105,0
RRLRLLRLRRL,TIMEOUT,-1,20000000,-1,0,0,153033,485,418,0
RRLRLLRLRLR,TIMEOUT,-1,20000000,-1,0,0,148853,413,430,0
RRLRLLRLRLL,TIMEOUT,-1,20000000,-1,0,0,153766,422,460,0
RRLRLLRLLRR,TIMEOUT,-1,20000000,-1,0,0,141285,418,500,0
RRLRLLRLLRL,TIMEOUT,-1,20000000,-1,0,0,147534,460,439,0
RRLRLLRLLLR,TIMEOUT,-1,20000000,-1,0,0,141511,425,426,0
RRLRLLRLLLL,TIMEOUT,-1,20000000,-1,0,0,146052,431,409,0
RRLRLLLRRRR,TIMEOUT,-1,20000000,-1,0,0,62100,248,254,0
RRLRLLLRRRL,TIMEOUT,-1,20000000,-1,0,0,165823,422,402,0
RRLRLLLRRLR,TIMEOUT,-1,20000000,-1,0,0,166388,404,422,0
RRLRLLLRRLL,TIMEOUT,-1,20000000,-1,0,0,151227,398,392,0
RRLRLLLRLRR,TIMEOUT,-1,20000000,-1,0,0,191882,462,428,0
RRLRLLLRLRL,TIMEOUT,-1,20000000,-1,0,0,271030,510,544,0
RRLRLLLRLLR,TIMEOUT,-1,20000000,-1,0,0,201224,505,511,0
RRLRLLLRLLL,TIMEOUT,-1,20000000,-1,0,0,182654,457,481,0
RRLRLLLLRRR,TIMEOUT,-1,20000000,-1,0,0,137922,368,384,0
RRLRLLLLRRL,TIMEOUT,-1,20000000,-1,0,0,146613,380,394,0
RRLRLLLLRLR,TIMEOUT,-1,20000000,-1,0,0,254201,500,529,0
RRLRLLLLRLL,TIMEOUT,-1,20000000,-1,0,0,402295,626,656,0
RRLRLLLLLRR,TIMEOUT,-1,20000000,-1,0,0,188390,434,436,0
RRLRLLLLLRL,TIMEOUT,-1,20000000,-1,0,0,163036,404,406,0
RRLRLLLLLLR,TIMEOUT,-1,20000000,-1,0,0,11236,106,106,0
RRLRLLLLLLL,TIMEOUT,-1,20000000,-1,0,0,177080,420,424,0
RRLLRRRRRRR,TIMEOUT,-1,20000000,-1,0,0,344,20,20,0
RRLLRRRRRRL,TIMEOUT,-1,20000000,-1,0,0,63814,282,303,0
RRLLRRRRRLR,TIMEOUT,-1,20000000,-1,0,0,69715,339,294,0
RRLLRRRRRLL,TIMEOUT,-1,20000000,-1,0,0,893,33,32,0
RRLLRRRRLRR,TIMEOUT,-1,20000000,-1,0,0,85476,306,359,0
RRLLRRRRLRL,TIMEOUT,-1,20000000,-1,0,0,7648,97,99,0
RRLLRRRRLLR,TIMEOUT,-1,20000000,-1,0,0,912,34,34,0
RRLLRRRRLLL,TIMEOUT,-1,20000000,-1,0,0,21524,160,152,0
RRLLRRRLRRR,OOB,-1,483250,-1,0,0,15682,1066,1057,0
RRLLRRRLRRL,TIMEOUT,-1,20000000,-1,0,0,85076,367,336,0
RRLLRRRLRLR,TIMEOUT,-1,20000000,-1,0,0,8334,104,103,0
RRLLRRRLRLL,HIGHWAY,547533,547840,62,1,1,8508,109,109,1
RRLLRRRLLRR,TIMEOUT,-1,20000000,-1,0,0,951,34,34,0
RRLLRRRLLRL,TIMEOUT,-1,20000000,-1,0,0,78805,297,333,0
RRLLRRRLLLR,TIMEOUT,-1,20000000,-1,0,0,93664,325,350,0
RRLLRRRLLLL,TIMEOUT,-1,20000000,-1,0,0,8787,108,106,0
RRLLRRLRRRR,HIGHWAY,16478282,16483328,238,3,3,87307,362,365,1
RRLLRRLRRRL,HIGHWAY,912,2048,46,-1,-1,353,38,38,1
RRLLRRLRRLR,TIMEOUT,-1,20000000,-1,0,0,99804,423,354,0
RRLLRRLRRLL,TIMEOUT,-1,20000000,-1,0,0,22225,159,167,0
RRLLRRLRLRR,TIMEOUT,-1,20000000,-1,0,0,9458,113,112,0
RRLLRRLRLRL,TIMEOUT,-1,20000000,-1,0,0,96745,350,376,0
RRLLRRLRLLR,TIMEOUT,-1,20000000,-1,0,0,94635,357,372,0
RRLLRRLRLLL,TIMEOUT,-1,20000000,-1,0,0,96488,369,365,0
RRLLRRLLRRR,TIMEOUT,-1,20000000,-1,0,0,1007,35,35,0
RRLLRRLLRRL,TIMEOUT,-1,20000000,-1,0,0,22730,169,165,0
RRLLRRLLRLR,HIGHWAY,2779384,2782208,168,2,2,26110,198,205,1
RRLLRRLLRLL,TIMEOUT,-1,20000000,-1,0,0,8761,109,108,0
RRLLRRLLLRR,TIMEOUT,-1,20000000,-1,0,0,28308,191,179,0
RRLLRRLLLRL,TIMEOUT,-1,20000000,-1,0,0,93706,380,333,0
RRLLRRLLLLR,TIMEOUT,-1,20000000,-1,0,0,10640,121,114,0
RRLLRRLLLLL,TIMEOUT,-1,20000000,-1,0,0,1339,42,41,0
RRLLRLRRRRR,TIMEOUT,-1,20000000,-1,0,0,89708,345,321,0
RRLLRLRRRRL,TIMEOUT,-1,20000000,-1,0,0,99824,372,391,0
RRLLRLRRRLR,HIGHWAY,4702,5120,42,-1,-1,438,36,30,1
RRLLRLRRRLL,HIGHWAY,337,1024,42,1,-1,214,24,26,1
RRLLRLRRLRR,TIMEOUT,-1,20000000,-1,0,0,103888,355,399,0
RRLLRLRRLRL,TIMEOUT,-1,20000000,-1,0,0,118032,389,415,0
RRLLRLRRLLR,TIMEOUT,-1,20000000,-1,0,0,108235,375,401,0
RRLLRLRRLLL,TIMEOUT,-1,20000000,-1,0,0,102787,371,398,0
RRLLRLRLRRR,TIMEOUT,-1,20000000,-1,0,0,33535,348,277,0
RRLLRLRLRRL,TIMEOUT,-1,20000000,-1,0,0,103173,363,426,0
RRLLRLRLRLR,OOB,-1,1542690,-1,0,0,27342,1104,1074,0
RRLLRLRLRLL,TIMEOUT,-1,20000000,-1,0,0,103932,404,377,0
RRLLRLRLLRR,HIGHWAY,12247,13312,46,-1,1,1002,60,43,1
RRLLRLRLLRL,HIGHWAY,346,1024,108,2,2,148,21,21,1
RRLLRLRLLLR,TIMEOUT,-1,20000000,-1,0,0,103967,393,365,0
RRLLRLRLLLL,TIMEOUT,-1,20000000,-1,0,0,21177,160,175,0
RRLLRLLRRRR,TIMEOUT,-1,20000000,-1,0,0,989,35,36,0
RRLLRLLRRRL,TIMEOUT,-1,20000000,-1,0,0,97675,392,349,0
RRLLRLLRRLR,TIMEOUT,-1,20000000,-1,0,0,102155,368,379,0
RRLLRLLRRLL,TIMEOUT,-1,20000000,-1,0,0,9678,110,115,0
RRLLRLLRLRR,TIMEOUT,-1,20000000,-1,0,0,105598,370,383,0
RRLLRLLRLRL,HIGHWAY,1636907,1641472,108,0,2,18976,155,199,1
RRLLRLLRLLR,TIMEOUT,-1,20000000,-1,0,0,9889,116,111,0
RRLLRLLRLLL,TIMEOUT,-1,20000000,-1,0,0,102226,370,382,0
RRLLRLLLRRR,TIMEOUT,-1,20000000,-1,0,0,105326,388,401,0
RRLLRLLLRRL,TIMEOUT,-1,20000000,-1,0,0,94189,357,357,0
RRLLRLLLRLR,TIMEOUT,-1,20000000,-1,0,0,103124,403,375,0
RRLLRLLLRLL,TIMEOUT,-1,20000000,-1,0,0,94542,353,350,0
RRLLRLLLLRR,TIMEOUT,-1,20000000,-1,0,0,11408,127,120,0
RRLLRLLLLRL,TIMEOUT,-1,20000000,-1,0,0,93966,357,352,0
RRLLRLLLLLR,TIMEOUT,-1,20000000,-1,0,0,95771,344,375,0
RRLLRLLLLLL,TIMEOUT,-1,20000000,-1,0,0,123942,428,421,0
RRLLLRRRRRR,HIGHWAY,4172,6144,252,2,-2,522,36,37,1
RRLLLRRRRRL,HIGHWAY,1676632,1684480,360,2,2,22389,202,175,1
RRLLLRRRRLR,OOB,-1,2407734,-1,0,0,39815,1134,1091,0
RRLLLRRRRLL,HIGHWAY,11355,13312,448,-2,-2,1169,50,41,1
RRLLLRRRLRR,HIGHWAY,4480005,4481024,244,0,2,37915,241,231,1
RRLLLRRRLRL,TIMEOUT,-1,20000000,-1,0,0,128964,399,413,0
RRLLLRRRLLR,HIGHWAY,39598,40960,288,-2,2,1989,48,61,1
RRLLLRRRLLL,TIMEOUT,-1,20000000,-1,0,0,139251,460,421,0
RRLLLRRLRRR,TIMEOUT,-1,20000000,-1,0,0,91505,353,333,0
RRLLLRRLRRL,TIMEOUT,-1,20000000,-1,0,0,30515,208,199,0
RRLLLRRLRLR,OOB,-1,3617028,-1,0,0,45290,1139,1136,0
RRLLLRRLRLL,TIMEOUT,-1,20000000,-1,0,0,120203,385,396,0
RRLLLRRLLRR,TIMEOUT,-1,20000000,-1,0,0,26934,180,175,0
RRLLLRRLLRL,HIGHWAY,11047002,11047936,368,-4,-4,81615,351,325,1
RRLLLRRLLLR,TIMEOUT,-1,20000000,-1,0,0,112483,375,371,0
RRLLLRRLLLL,TIMEOUT,-1,20000000,-1,0,0,1730,44,44,0
RRLLLRLRRRR,TIMEOUT,-1,20000000,-1,0,0,10167,123,112,0
RRLLLRLRRRL,OOB,-1,824290,-1,0,0,31405,1084,1047,0
RRLLLRLRRLR,HIGHWAY,567,5120,338,7,7,923,106,105,1
RRLLLRLRRLL,HIGHWAY,163,2048,394,-7,7,357,42,42,1
RRLLLRLRLRR,TIMEOUT,-1,20000000,-1,0,0,171610,542,528,0
RRLLLRLRLRL,TIMEOUT,-1,20000000,-1,0,0,332838,835,752,0
RRLLLRLRLLR,TIMEOUT,-1,20000000,-1,0,0,172457,495,528,0
RRLLLRLRLLL,HIGHWAY,1368,2048,38,1,-1,310,36,37,1
RRLLLRLLRRR,OOB,-1,153850,-1,0,0,11035,1046,1051,0
RRLLLRLLRRL,TIMEOUT,-1,20000000,-1,0,0,117880,399,422,0
RRLLLRLLRLR,HIGHWAY,19171329,19179520,508,4,4,120255,624,420,0
RRLLLRLLRLL,TIMEOUT,-1,20000000,-1,0,0,131693,433,410,0
RRLLLRLLLRR,OOB,-1,5971759,-1,0,0,474990,982,1119,0
RRLLLRLLLRL,TIMEOUT,-1,20000000,-1,0,0,154475,427,467,0
RRLLLRLLLLR,HIGHWAY,19640,21504,140,-2,-2,1211,54,65,1
RRLLLRLLLLL,TIMEOUT,-1,20000000,-1,0,0,1732546,1323,1326,0
RRLLLLRRRRR,TIMEOUT,-1,20000000,-1,0,0,1561,41,42,0
RRLLLLRRRRL,TIMEOUT,-1,20000000,-1,0,0,13958,119,119,0
RRLLLLRRRLR,TIMEOUT,-1,20000000,-1,0,0,96410,331,337,0
RRLLLLRRRLL,TIMEOUT,-1,20000000,-1,0,0,23014,157,162,0
RRLLLLRRLRR,TIMEOUT,-1,20000000,-1,0,0,15562,127,127,0
RRLLLLRRLRL,TIMEOUT,-1,20000000,-1,0,0,105200,345,346,0
RRLLLLRRLLR,TIMEOUT,-1,20000000,-1,0,0,23770,159,160,0
RRLLLLRRLLL,TIMEOUT,-1,20000000,-1,0,0,1387,37,38,0
RRLLLLRLRRR,TIMEOUT,-1,20000000,-1,0,0,94236,333,367,0
RRLLLLRLRRL,TIMEOUT,-1,20000000,-1,0,0,92571,353,356,0
RRLLLLRLRLR,TIMEOUT,-1,20000000,-1,0,0,93356,348,383,0
RRLLLLRLRLL,TIMEOUT,-1,20000000,-1,0,0,96815,315,318,0
RRLLLLRLLRR,TIMEOUT,-1,20000000,-1,0,0,11615,116,120,0
RRLLLLRLLRL,TIMEOUT,-1,20000000,-1,0,0,94837,349,338,0
RRLLLLRLLLR,TIMEOUT,-1,20000000,-1,0,0,93078,359,337,0
RRLLLLRLLLL,TIMEOUT,-1,20000000,-1,0,0,146406,439,412,0
RRLLLLLRRRR,TIMEOUT,-1,20000000,-1,0,0,37519,202,202,0
RRLLLLLRRRL,TIMEOUT,-1,20000000,-1,0,0,107002,331,340,0
RRLLLLLRRLR,TIMEOUT,-1,20000000,-1,0,0,95633,313,314,0
RRLLLLLRRLL,TIMEOUT,-1,20000000,-1,0,0,1152,34,34,0
RRLLLLLRLRR,TIMEOUT,-1,20000000,-1,0,0,94048,328,326,0
RRLLLLLRLRL,TIMEOUT,-1,20000000,-1,0,0,13584,120,121,0
RRLLLLLRLLR,TIMEOUT,-1,20000000,-1,0,0,87611,325,323,0
RRLLLLLRLLL,TIMEOUT,-1,20000000,-1,0,0,83833,335,313,0
RRLLLLLLRRR,TIMEOUT,-1,20000000,-1,0,0,37943,201,197,0
RRLLLLLLRRL,TIMEOUT,-1,20000000,-1,0,0,1296,36,36,0
RRLLLLLLRLR,TIMEOUT,-1,20000000,-1,0,0,10093,102,102,0
RRLLLLLLRLL,TIMEOUT,-1,20000000,-1,0,0,84423,303,305,0
RRLLLLLLLRR,TIMEOUT,-1,20000000,-1,0,0,1156,34,34,0
RRLLLLLLLRL,TIMEOUT,-1,20000000,-1,0,0,186810,436,446,0
RRLLLLLLLLR,TIMEOUT,-1,20000000,-1,0,0,144744,388,384,0
RRLLLLLLLLL,TIMEOUT,-1,20000000,-1,0,0,400,20,20,0
RLRRRRRRRRR,TIMEOUT,-1,20000000,-1,0,0,84478,331,318,0
RLRRRRRRRRL,OOB,-1,19390630,-1,0,0,4167711,2043,2042,0
RLRRRRRRRLR,OOB,-1,16646746,-1,0,0,4167721,2043,2042,0
RLRRRRRRRLL,OOB,-1,16648785,-1,0,0,4165664,2042,2042,0
RLRRRRRRLRR,OOB,-1,16661373,-1,0,0,4171807,2043,2044,0
RLRRRRRRLRL,OOB,-1,16646294,-1,0,0,4167717,2043,2042,0
RLRRRRRRLLR,OOB,-1,16647293,-1,0,0,4167699,2041,2044,0
RLRRRRRRLLL,OOB,-1,16645174,-1,0,0,4167719,2043,2042,0
RLRRRRRLRRR,TIMEOUT,-1,20000000,-1,0,0,125906,430,372,0
RLRRRRRLRRL,OOB,-1,16541555,-1,0,0,4128602,2032,2034,0
RLRRRRRLRLR,OOB,-1,16645433,-1,0,0,4167717,2042,2043,0
RLRRRRRLRLL,OOB,-1,16621665,-1,0,0,4161582,2040,2042,0
RLRRRRRLLRR,OOB,-1,16644609,-1,0,0,4167721,2042,2043,0
RLRRRRRLLRL,OOB,-1,16645299,-1,0,0,4167717,2042,2043,0
RLRRRRRLLLR,OOB,-1,16651554,-1,0,0,4165616,2041,2043,0
RLRRRRRLLLL,OOB,-1,16593634,-1,0,0,4153386,2040,2038,0
RLRRRRLRRRR,TIMEOUT,-1,20000000,-1,0,0,144831,414,414,0
RLRRRRLRRRL,OOB,-1,16636950,-1,0,0,4165678,2042,2042,0
RLRRRRLRRLR,TIMEOUT,-1,20000000,-1,0,0,133568,416,454,0
RLRRRRLRRLL,TIMEOUT,-1,20000000,-1,0,0,130367,403,427,0
RLRRRRLRLRR,OOB,-1,16671435,-1,0,0,4173829,2044,2044,0
RLRRRRLRLRL,OOB,-1,16543549,-1,0,0,4141138,2035,2037,0
RLRRRRLRLLR,OOB,-1,16788078,-1,0,0,4148102,2035,2041,0
RLRRRRLRLLL,TIMEOUT,-1,20000000,-1,0,0,144082,403,425,0
RLRRRRLLRRR,OOB,-1,16644615,-1,0,0,4167719,2042,2043,0
RLRRRRLLRRL,OOB,-1,16645445,-1,0,0,4167711,2042,2043,0
RLRRRRLLRLR,OOB,-1,16644467,-1,0,0,4167719,2042,2043,0
RLRRRRLLRLL,OOB,-1,16652762,-1,0,0,4169764,2043,2043,0
RLRRRRLLLRR,OOB,-1,16585456,-1,0,0,4151371,2041,2036,0
RLRRRRLLLRL,OOB,-1,16653878,-1,0,0,4169736,2044,2042,0
RLRRRRLLLLR,OOB,-1,16611326,-1,0,0,4157482,2039,2041,0
RLRRRRLLLLL,OOB,-1,16698112,-1,0,0,4130791,2039,2028,0
RLRRRLRRRRR,TIMEOUT,-1,20000000,-1,0,0,177672,472,450,0
RLRRRLRRRRL,TIMEOUT,-1,20000000,-1,0,0,144900,433,419,0
RLRRRLRRRLR,TIMEOUT,-1,20000000,-1,0,0,179801,502,476,0
RLRRRLRRRLL,TIMEOUT,-1,20000000,-1,0,0,145972,409,455,0
RLRRRLRRLRR,TIMEOUT,-1,20000000,-1,0,0,181910,511,508,0
RLRRRLRRLRL,TIMEOUT,-1,20000000,-1,0,0,161419,512,458,0
RLRRRLRRLLR,TIMEOUT,-1,20000000,-1,0,0,152541,446,440,0
RLRRRLRRLLL,TIMEOUT,-1,20000000,-1,0,0,160162,440,513,0
RLRRRLRLRRR,TIMEOUT,-1,20000000,-1,0,0,152432,415,469,0
RLRRRLRLRRL,TIMEOUT,-1,20000000,-1,0,0,178362,512,533,0
RLRRRLRLRLR,TIMEOUT,-1,20000000,-1,0,0,147090,427,445,0
RLRRRLRLRLL,TIMEOUT,-1,20000000,-1,0,0,159659,505,474,0
RLRRRLRLLRR,TIMEOUT,-1,20000000,-1,0,0,150948,476,481,0
RLRRRLRLLRL,TIMEOUT,-1,20000000,-1,0,0,155432,437,515,0
RLRRRLRLLLR,TIMEOUT,-1,20000000,-1,0,0,154985,477,454,0
RLRRRLRLLLL,TIMEOUT,-1,20000000,-1,0,0,142262,470,421,0
RLRRRLLRRRR,OOB,-1,16646253,-1,0,0,4167729,2042,2043,0
RLRRRLLRRRL,OOB,-1,16653140,-1,0,0,4169760,2043,2043,0
RLRRRLLRRLR,OOB,-1,16613181,-1,0,0,4159531,2040,2041,0
RLRRRLLRRLL,OOB,-1,16652788,-1,0,0,4169760,2043,2043,0
RLRRRLLRLRR,OOB,-1,16644460,-1,0,0,4167719,2043,2042,0
RLRRRLLRLRL,OOB,-1,16590067,-1,0,0,4153430,2039,2039,0
RLRRRLLRLLR,OOB,-1,16628472,-1,0,0,4163633,2040,2043,0
RLRRRLLRLLL,TIMEOUT,-1,20000000,-1,0,0,142975,443,423,0
RLRRRLLLRRR,OOB,-1,16538091,-1,0,0,4117801,2026,2035,0
RLRRRLLLRRL,OOB,-1,16654231,-1,0,0,4167663,2041,2044,0
RLRRRLLLRLR,TIMEOUT,-1,20000000,-1,0,0,153041,445,448,0
RLRRRLLLRLL,TIMEOUT,-1,20000000,-1,0,0,137118,429,448,0
RLRRRLLLLRR,OOB,-1,16653096,-1,0,0,4169756,2043,2043,0
RLRRRLLLLRL,OOB,-1,16654387,-1,0,0,4122505,2028,2035,0
RLRRRLLLLLR,OOB,-1,16644526,-1,0,0,4167723,2043,2042,0
RLRRRLLLLLL,OOB,-1,16661007,-1,0,0,4171801,2043,2044,0
RLRRLRRRRRR,TIMEOUT,-1,20000000,-1,0,0,7428,102,103,0
RLRRLRRRRRL,TIMEOUT,-1,20000000,-1,0,0,93092,375,360,0
RLRRLRRRRLR,TIMEOUT,-1,20000000,-1,0,0,150488,493,462,0
RLRRLRRRRLL,TIMEOUT,-1,20000000,-1,0,0,97954,349,384,0
RLRRLRRRLRR,TIMEOUT,-1,20000000,-1,0,0,197293,619,526,0
RLRRLRRRLRL,TIMEOUT,-1,20000000,-1,0,0,148814,469,458,0
RLRRLRRRLLR,TIMEOUT,-1,20000000,-1,0,0,110010,405,369,0
RLRRLRRRLLL,TIMEOUT,-1,20000000,-1,0,0,118976,417,423,0
RLRRLRRLRRR,TIMEOUT,-1,20000000,-1,0,0,198134,645,512,0
RLRRLRRLRRL,TIMEOUT,-1,20000000,-1,0,0,233347,679,542,0
RLRRLRRLRLR,TIMEOUT,-1,20000000,-1,0,0,203255,535,586,0
RLRRLRRLRLL,TIMEOUT,-1,20000000,-1,0,0,177134,503,524,0
RLRRLRRLLRR,TIMEOUT,-1,20000000,-1,0,0,137407,450,425,0
RLRRLRRLLRL,TIMEOUT,-1,20000000,-1,0,0,141791,424,458,0
RLRRLRRLLLR,TIMEOUT,-1,20000000,-1,0,0,21894,169,170,0
RLRRLRRLLLL,TIMEOUT,-1,20000000,-1,0,0,126037,421,396,0
RLRRLRLRRRR,TIMEOUT,-1,20000000,-1,0,0,232443,645,665,0
RLRRLRLRRRL,TIMEOUT,-1,20000000,-1,0,0,227298,602,589,0
RLRRLRLRRLR,TIMEOUT,-1,20000000,-1,0,0,260672,669,666,0
RLRRLRLRRLL,TIMEOUT,-1,20000000,-1,0,0,219464,509,606,0
RLRRLRLRLRR,TIMEOUT,-1,20000000,-1,0,0,251049,625,597,0
RLRRLRLRLRL,TIMEOUT,-1,20000000,-1,0,0,248828,502,766,0
RLRRLRLRLLR,TIMEOUT,-1,20000000,-1,0,0,222051,569,542,0
RLRRLRLRLLL,TIMEOUT,-1,20000000,-1,0,0,224300,533,671,0
RLRRLRLLRRR,OOB,-1,2323474,-1,0,0,56186,1105,962,0
RLRRLRLLRRL,HIGHWAY,4714,6144,172,-2,-2,718,45,41,1
RLRRLRLLRLR,TIMEOUT,-1,20000000,-1,0,0,162087,420,538,0
RLRRLRLLRLL,TIMEOUT,-1,20000000,-1,0,0,160654,508,440,0
RLRRLRLLLRR,TIMEOUT,-1,20000000,-1,0,0,161248,452,521,0
RLRRLRLLLRL,TIMEOUT,-1,20000000,-1,0,0,158845,466,468,0
RLRRLRLLLLR,TIMEOUT,-1,20000000,-1,0,0,137091,407,427,0
RLRRLRLLLLL,TIMEOUT,-1,20000000,-1,0,0,134525,390,439,0
RLRRLLRRRRR,TIMEOUT,-1,20000000,-1,0,0,137481,385,400,0
RLRRLLRRRRL,TIMEOUT,-1,20000000,-1,0,0,20052,148,154,0
RLRRLLRRRLR,TIMEOUT,-1,20000000,-1,0,0,153414,457,436,0
RLRRLLRRRLL,TIMEOUT,-1,20000000,-1,0,0,129471,396,481,0
RLRRLLRRLRR,HIGHWAY,1384,3072,168,2,2,510,39,37,1
RLRRLLRRLRL,TIMEOUT,-1,20000000,-1,0,0,167417,480,482,0
RLRRLLRRLLR,TIMEOUT,-1,20000000,-1,0,0,29167,189,198,0
RLRRLLRRLLL,TIMEOUT,-1,20000000,-1,0,0,138562,449,407,0
RLRRLLRLRRR,TIMEOUT,-1,20000000,-1,0,0,163703,486,465,0
RLRRLLRLRRL,TIMEOUT,-1,20000000,-1,0,0,179348,506,493,0
RLRRLLRLRLR,TIMEOUT,-1,20000000,-1,0,0,194771,538,564,0
RLRRLLRLRLL,TIMEOUT,-1,20000000,-1,0,0,189746,571,503,0
RLRRLLRLLRR,TIMEOUT,-1,20000000,-1,0,0,159536,450,490,0
RLRRLLRLLRL,TIMEOUT,-1,20000000,-1,0,0,177422,465,569,0
RLRRLLRLLLR,TIMEOUT,-1,20000000,-1,0,0,183559,522,544,0
RLRRLLRLLLL,TIMEOUT,-1,20000000,-1,0,0,187934,495,556,0
RLRRLLLRRRR,TIMEOUT,-1,20000000,-1,0,0,134927,454,397,0
RLRRLLLRRRL,TIMEOUT,-1,20000000,-1,0,0,146863,421,468,0
RLRRLLLRRLR,TIMEOUT,-1,20000000,-1,0,0,27310,174,173,0
RLRRLLLRRLL,TIMEOUT,-1,20000000,-1,0,0,158662,434,443,0
RLRRLLLRLRR,TIMEOUT,-1,20000000,-1,0,0,149785,474,465,0
RLRRLLLRLRL,TIMEOUT,-1,20000000,-1,0,0,153732,442,465,0
RLRRLLLRLLR,TIMEOUT,-1,20000000,-1,0,0,159691,508,452,0
RLRRLLLRLLL,TIMEOUT,-1,20000000,-1,0,0,152769,425,473,0
RLRRLLLLRRR,TIMEOUT,-1,20000000,-1,0,0,18198,140,142,0
RLRRLLLLRRL,TIMEOUT,-1,20000000,-1,0,0,174354,432,426,0
RLRRLLLLRLR,TIMEOUT,-1,20000000,-1,0,0,144055,396,426,0
RLRRLLLLRLL,TIMEOUT,-1,20000000,-1,0,0,138063,438,437,0
RLRRLLLLLRR,TIMEOUT,-1,20000000,-1,0,0,191606,454,450,0
RLRRLLLLLRL,TIMEOUT,-1,20000000,-1,0,0,16874,132,136,0
RLRRLLLLLLR,TIMEOUT,-1,20000000,-1,0,0,1736,44,44,0
RLRRLLLLLLL,TIMEOUT,-1,20000000,-1,0,0,267938,526,526,0
RLRLRRRRRRR,TIMEOUT,-1,20000000,-1,0,0,1341,41,41,0
RLRLRRRRRRL,TIMEOUT,-1,20000000,-1,0,0,318095,591,574,0
RLRLRRRRRLR,TIMEOUT,-1,20000000,-1,0,0,147739,439,441,0
RLRLRRRRRLL,TIMEOUT,-1,20000000,-1,0,0,13656,123,124,0
RLRLRRRRLRR,TIMEOUT,-1,20000000,-1,0,0,153308,462,442,0
RLRLRRRRLRL,TIMEOUT,-1,20000000,-1,0,0,150578,450,447,0
RLRLRRRRLLR,TIMEOUT,-1,20000000,-1,0,0,15512,131,129,0
RLRLRRRRLLL,TIMEOUT,-1,20000000,-1,0,0,149942,460,443,0
RLRLRRRLRRR,TIMEOUT,-1,20000000,-1,0,0,165626,452,508,0
RLRLRRRLRRL,TIMEOUT,-1,20000000,-1,0,0,148021,445,438,0
RLRLRRRLRLR,TIMEOUT,-1,20000000,-1,0,0,161772,459,499,0
RLRLRRRLRLL,TIMEOUT,-1,20000000,-1,0,0,167203,473,541,0
RLRLRRRLLRR,TIMEOUT,-1,20000000,-1,0,0,20891,166,156,0
RLRLRRRLLRL,TIMEOUT,-1,20000000,-1,0,0,159838,512,438,0
RLRLRRRLLLR,TIMEOUT,-1,20000000,-1,0,0,180225,502,515,0
RLRLRRRLLLL,TIMEOUT,-1,20000000,-1,0,0,156832,468,478,0
RLRLRRLRRRR,TIMEOUT,-1,20000000,-1,0,0,166299,472,458,0
RLRLRRLRRRL,TIMEOUT,-1,20000000,-1,0,0,161381,475,472,0
RLRLRRLRRLR,TIMEOUT,-1,20000000,-1,0,0,159027,455,458,0
RLRLRRLRRLL,TIMEOUT,-1,20000000,-1,0,0,157976,437,471,0
RLRLRRLRLRR,TIMEOUT,-1,20000000,-1,0,0,170083,451,517,0
RLRLRRLRLRL,TIMEOUT,-1,20000000,-1,0,0,152901,432,451,0
RLRLRRLRLLR,TIMEOUT,-1,20000000,-1,0,0,172956,484,496,0
RLRLRRLRLLL,TIMEOUT,-1,20000000,-1,0,0,148961,455,454,0
RLRLRRLLRRR,TIMEOUT,-1,20000000,-1,0,0,21867,164,179,0
RLRLRRLLRRL,TIMEOUT,-1,20000000,-1,0,0,166676,490,516,0
RLRLRRLLRLR,TIMEOUT,-1,20000000,-1,0,0,173532,527,499,0
RLRLRRLLRLL,TIMEOUT,-1,20000000,-1,0,0,158256,472,474,0
RLRLRRLLLRR,TIMEOUT,-1,20000000,-1,0,0,152200,453,445,0
RLRLRRLLLRL,TIMEOUT,-1,20000000,-1,0,0,153737,446,504,0
RLRLRRLLLLR,TIMEOUT,-1,20000000,-1,0,0,155119,510,430,0
RLRLRRLLLLL,TIMEOUT,-1,20000000,-1,0,0,12339,125,135,0
RLRLRLRRRRR,HIGHWAY,2755,4096,88,2,2,814,56,57,1
RLRLRLRRRRL,HIGHWAY,3232,5120,88,-2,2,992,69,68,1
RLRLRLRRRLR,HIGHWAY,4073,6144,88,-2,-2,1095,76,72,1
RLRLRLRRRLL,HIGHWAY,8751,10240,88,2,2,1540,72,72,1
RLRLRLRRLRR,TIMEOUT,-1,20000000,-1,0,0,268217,578,637,0
RLRLRLRRLRL,TIMEOUT,-1,20000000,-1,0,0,294634,766,549,0
RLRLRLRRLLR,TIMEOUT,-1,20000000,-1,0,0,294132,613,730,0
RLRLRLRRLLL,TIMEOUT,-1,20000000,-1,0,0,254287,582,640,0
RLRLRLRLRRR,TIMEOUT,-1,20000000,-1,0,0,297013,585,783,0
RLRLRLRLRRL,HIGHWAY,7536,8192,108,-2,2,1068,48,42,1
RLRLRLRLRLR,HIGHWAY,872,2048,104,2,-2,442,39,40,1
RLRLRLRLRLL,HIGHWAY,992,2048,104,-2,2,432,39,37,1
RLRLRLRLLRR,TIMEOUT,-1,20000000,-1,0,0,321674,655,718,0
RLRLRLRLLRL,TIMEOUT,-1,20000000,-1,0,0,344847,732,718,0
RLRLRLRLLLR,TIMEOUT,-1,20000000,-1,0,0,321128,649,782,0
RLRLRLRLLLL,TIMEOUT,-1,20000000,-1,0,0,269255,628,716,0
RLRLRLLRRRR,TIMEOUT,-1,20000000,-1,0,0,22618,196,171,0
RLRLRLLRRRL,TIMEOUT,-1,20000000,-1,0,0,261766,554,671,0
RLRLRLLRRLR,TIMEOUT,-1,20000000,-1,0,0,312106,692,729,0
RLRLRLLRRLL,TIMEOUT,-1,20000000,-1,0,0,330247,812,735,0
RLRLRLLRLRR,TIMEOUT,-1,20000000,-1,0,0,249883,574,653,0
RLRLRLLRLRL,TIMEOUT,-1,20000000,-1,0,0,294016,623,730,0
RLRLRLLRLLR,TIMEOUT,-1,20000000,-1,0,0,327652,800,637,0
RLRLRLLRLLL,HIGHWAY,677199,677888,192,-2,2,25043,195,227,1
RLRLRLLLRRR,TIMEOUT,-1,20000000,-1,0,0,234597,597,636,0
RLRLRLLLRRL,HIGHWAY,502785,510976,490,-3,5,21424,222,242,0
RLRLRLLLRLR,TIMEOUT,-1,20000000,-1,0,0,231453,590,564,0
RLRLRLLLRLL,TIMEOUT,-1,20000000,-1,0,0,243646,531,722,0
RLRLRLLLLRR,TIMEOUT,-1,20000000,-1,0,0,224196,541,593,0
RLRLRLLLLRL,TIMEOUT,-1,20000000,-1,0,0,226290,586,643,0
RLRLRLLLLLR,TIMEOUT,-1,20000000,-1,0,0,13775,144,138,0
RLRLRLLLLLL,TIMEOUT,-1,20000000,-1,0,0,236978,558,582,0
RLRLLRRRRRR,TIMEOUT,-1,20000000,-1,0,0,99010,344,345,0
RLRLLRRRRRL,TIMEOUT,-1,20000000,-1,0,0,21245,155,155,0
RLRLLRRRRLR,TIMEOUT,-1,20000000,-1,0,0,102750,355,399,0
RLRLLRRRRLL,HIGHWAY,7415,8192,172,-2,-2,610,37,33,1
RLRLLRRRLRR,TIMEOUT,-1,20000000,-1,0,0,115627,378,391,0
RLRLLRRRLRL,TIMEOUT,-1,20000000,-1,0,0,117612,395,370,0
RLRLLRRRLLR,HIGHWAY,1339,3072,116,2,2,571,48,49,1
RLRLLRRRLLL,TIMEOUT,-1,20000000,-1,0,0,134130,469,393,0
RLRLLRRLRRR,TIMEOUT,-1,20000000,-1,0,0,102988,395,354,0
RLRLLRRLRRL,TIMEOUT,-1,20000000,-1,0,0,111291,380,375,0
RLRLLRRLRLR,TIMEOUT,-1,20000000,-1,0,0,132157,450,414,0
RLRLLRRLRLL,TIMEOUT,-1,20000000,-1,0,0,128280,455,397,0
RLRLLRRLLRR,TIMEOUT,-1,20000000,-1,0,0,103711,364,376,0
RLRLLRRLLRL,TIMEOUT,-1,20000000,-1,0,0,110310,401,376,0
RLRLLRRLLLR,TIMEOUT,-1,20000000,-1,0,0,91576,343,329,0
RLRLLRRLLLL,TIMEOUT,-1,20000000,-1,0,0,8916,105,106,0
RLRLLRLRRRR,TIMEOUT,-1,20000000,-1,0,0,199334,507,554,0
RLRLLRLRRRL,TIMEOUT,-1,20000000,-1,0,0,283514,687,639,0
RLRLLRLRRLR,TIMEOUT,-1,20000000,-1,0,0,241724,555,631,0
RLRLLRLRRLL,TIMEOUT,-1,20000000,-1,0,0,228808,650,500,0
RLRLLRLRLRR,HIGHWAY,6452264,6456320,1192,10,10,115971,385,449,1
RLRLLRLRLRL,HIGHWAY,56574,58368,420,-4,-4,4026,82,91,1
RLRLLRLRLLR,TIMEOUT,-1,20000000,-1,0,0,243957,622,600,0
RLRLLRLRLLL,TIMEOUT,-1,20000000,-1,0,0,222927,607,512,0
RLRLLRLLRRR,HIGHWAY,780,1024,100,2,-2,223,20,23,1
RLRLLRLLRRL,TIMEOUT,-1,20000000,-1,0,0,218284,572,537,0
RLRLLRLLRLR,OOB,-1,324574,-1,0,0,24916,1092,1056,0
RLRLLRLLRLL,TIMEOUT,-1,20000000,-1,0,0,276226,713,699,0
RLRLLRLLLRR,TIMEOUT,-1,20000000,-1,0,0,177747,497,489,0
RLRLLRLLLRL,TIMEOUT,-1,20000000,-1,0,0,184746,512,516,0
RLRLLRLLLLR,TIMEOUT,-1,20000000,-1,0,0,177436,522,505,0
RLRLLRLLLLL,TIMEOUT,-1,20000000,-1,0,0,163243,476,472,0
RLRLLLRRRRR,TIMEOUT,-1,20000000,-1,0,0,18670,157,153,0
RLRLLLRRRRL,TIMEOUT,-1,20000000,-1,0,0,88238,344,353,0
RLRLLLRRRLR,TIMEOUT,-1,20000000,-1,0,0,101886,357,391,0
RLRLLLRRRLL,TIMEOUT,-1,20000000,-1,0,0,128464,459,379,0
RLRLLLRRLRR,TIMEOUT,-1,20000000,-1,0,0,84744,334,334,0
RLRLLLRRLRL,TIMEOUT,-1,20000000,-1,0,0,89125,368,350,0
RLRLLLRRLLR,TIMEOUT,-1,20000000,-1,0,0,82955,325,328,0
RLRLLLRRLLL,TIMEOUT,-1,20000000,-1,0,0,8019,105,102,0
RLRLLLRLRRR,TIMEOUT,-1,20000000,-1,0,0,127674,427,411,0
RLRLLLRLRRL,TIMEOUT,-1,20000000,-1,0,0,145789,424,476,0
RLRLLLRLRLR,TIMEOUT,-1,20000000,-1,0,0,123732,418,413,0
RLRLLLRLRLL,TIMEOUT,-1,20000000,-1,0,0,132429,467,429,0
RLRLLLRLLRR,TIMEOUT,-1,20000000,-1,0,0,179336,557,503,0
RLRLLLRLLRL,OOB,-1,2571241,-1,0,0,59233,1143,1169,0
RLRLLLRLLLR,TIMEOUT,-1,20000000,-1,0,0,177316,516,524,0
RLRLLLRLLLL,TIMEOUT,-1,20000000,-1,0,0,169144,522,510,0
RLRLLLLRRRR,TIMEOUT,-1,20000000,-1,0,0,79778,317,343,0
RLRLLLLRRRL,TIMEOUT,-1,20000000,-1,0,0,85163,328,357,0
RLRLLLLRRLR,TIMEOUT,-1,20000000,-1,0,0,75964,303,326,0
RLRLLLLRRLL,TIMEOUT,-1,20000000,-1,0,0,7566,100,100,0
RLRLLLLRLRR,TIMEOUT,-1,20000000,-1,0,0,97990,351,381,0
RLRLLLLRLRL,TIMEOUT,-1,20000000,-1,0,0,96006,378,351,0
RLRLLLLRLLR,HIGHWAY,3243,5120,140,-2,-2,663,51,47,1
RLRLLLLRLLL,TIMEOUT,-1,20000000,-1,0,0,168073,501,512,0
RLRLLLLLRRR,TIMEOUT,-1,20000000,-1,0,0,73505,303,295,0
RLRLLLLLRRL,TIMEOUT,-1,20000000,-1,0,0,7315,96,96,0
RLRLLLLLRLR,TIMEOUT,-1,20000000,-1,0,0,94144,352,368,0
RLRLLLLLRLL,TIMEOUT,-1,20000000,-1,0,0,95247,361,375,0
RLRLLLLLLRR,TIMEOUT,-1,20000000,-1,0,0,6993,96,97,0
RLRLLLLLLRL,TIMEOUT,-1,20000000,-1,0,0,79366,354,307,0
RLRLLLLLLLR,TIMEOUT,-1,20000000,-1,0,0,92155,325,418,0
RLRLLLLLLLL,TIMEOUT,-1,20000000,-1,0,0,954,35,37,0
RLLRRRRRRRR,TIMEOUT,-1,20000000,-1,0,0,358,20,20,0
RLLRRRRRRRL,OOB,-1,7775213,-1,0,0,1549936,1265,1373,0
RLLRRRRRRLR,TIMEOUT,-1,20000000,-1,0,0,151548,411,431,0
RLLRRRRRRLL,TIMEOUT,-1,20000000,-1,0,0,1204,34,38,0
RLLRRRRRLRR,TIMEOUT,-1,20000000,-1,0,0,128879,395,414,0
RLLRRRRRLRL,TIMEOUT,-1,20000000,-1,0,0,14264,134,126,0
RLLRRRRRLLR,TIMEOUT,-1,20000000,-1,0,0,1556,42,40,0
RLLRRRRRLLL,TIMEOUT,-1,20000000,-1,0,0,123854,416,341,0
RLLRRRRLRRR,TIMEOUT,-1,20000000,-1,0,0,149578,429,453,0
RLLRRRRLRRL,TIMEOUT,-1,20000000,-1,0,0,145216,422,422,0
RLLRRRRLRLR,TIMEOUT,-1,20000000,-1,0,0,13166,124,129,0
RLLRRRRLRLL,TIMEOUT,-1,20000000,-1,0,0,150557,425,430,0
RLLRRRRLLRR,TIMEOUT,-1,20000000,-1,0,0,1202,39,34,0
RLLRRRRLLRL,TIMEOUT,-1,20000000,-1,0,0,113332,404,334,0
RLLRRRRLLLR,TIMEOUT,-1,20000000,-1,0,0,44836,224,214,0
RLLRRRRLLLL,TIMEOUT,-1,20000000,-1,0,0,11849,122,124,0
RLLRRRLRRRR,TIMEOUT,-1,20000000,-1,0,0,451518,702,684,0
RLLRRRLRRRL,TIMEOUT,-1,20000000,-1,0,0,139846,438,407,0
RLLRRRLRRLR,TIMEOUT,-1,20000000,-1,0,0,138363,430,399,0
RLLRRRLRRLL,TIMEOUT,-1,20000000,-1,0,0,131258,398,394,0
RLLRRRLRLRR,TIMEOUT,-1,20000000,-1,0,0,58368,264,242,0
RLLRRRLRLRL,TIMEOUT,-1,20000000,-1,0,0,159400,442,406,0
RLLRRRLRLLR,TIMEOUT,-1,20000000,-1,0,0,153894,435,415,0
RLLRRRLRLLL,TIMEOUT,-1,20000000,-1,0,0,149417,415,438,0
RLLRRRLLRRR,TIMEOUT,-1,20000000,-1,0,0,1375,41,41,0
RLLRRRLLRRL,TIMEOUT,-1,20000000,-1,0,0,115328,346,362,0
RLLRRRLLRLR,TIMEOUT,-1,20000000,-1,0,0,136757,415,392,0
RLLRRRLLRLL,TIMEOUT,-1,20000000,-1,0,0,13212,127,127,0
RLLRRRLLLRR,OOB,-1,19955278,-1,0,0,2321801,1697,1496,0
RLLRRRLLLRL,TIMEOUT,-1,20000000,-1,0,0,160656,422,438,0
RLLRRRLLLLR,TIMEOUT,-1,20000000,-1,0,0,41646,198,220,0
RLLRRRLLLLL,TIMEOUT,-1,20000000,-1,0,0,102541,333,341,0
RLLRRLRRRRR,TIMEOUT,-1,20000000,-1,0,0,312780,622,606,0
RLLRRLRRRRL,TIMEOUT,-1,20000000,-1,0,0,141821,389,453,0
RLLRRLRRRLR,TIMEOUT,-1,20000000,-1,0,0,155119,462,451,0
RLLRRLRRRLL,TIMEOUT,-1,20000000,-1,0,0,149260,420,444,0
RLLRRLRRLRR,TIMEOUT,-1,20000000,-1,0,0,152234,455,489,0
RLLRRLRRLRL,TIMEOUT,-1,20000000,-1,0,0,152066,463,418,0
RLLRRLRRLLR,TIMEOUT,-1,20000000,-1,0,0,27602,176,172,0
RLLRRLRRLLL,TIMEOUT,-1,20000000,-1,0,0,146809,408,414,0
RLLRRLRLRRR,TIMEOUT,-1,20000000,-1,0,0,19523,151,151,0
RLLRRLRLRRL,TIMEOUT,-1,20000000,-1,0,0,163573,496,442,0
RLLRRLRLRLR,TIMEOUT,-1,20000000,-1,0,0,177077,492,497,0
RLLRRLRLRLL,TIMEOUT,-1,20000000,-1,0,0,155150,440,432,0
RLLRRLRLLRR,TIMEOUT,-1,20000000,-1,0,0,154939,443,474,0
RLLRRLRLLRL,TIMEOUT,-1,20000000,-1,0,0,151965,425,473,0
RLLRRLRLLLR,TIMEOUT,-1,20000000,-1,0,0,152129,431,443,0
RLLRRLRLLLL,TIMEOUT,-1,20000000,-1,0,0,157655,430,427,0
RLLRRLLRRRR,TIMEOUT,-1,20000000,-1,0,0,1414,40,42,0
RLLRRLLRRRL,TIMEOUT,-1,20000000,-1,0,0,170785,435,421,0
RLLRRLLRRLR,TIMEOUT,-1,20000000,-1,0,0,18629,144,138,0
RLLRRLLRRLL,TIMEOUT,-1,20000000,-1,0,0,19977,151,154,0
RLLRRLLRLRR,TIMEOUT,-1,20000000,-1,0,0,186038,430,466,0
RLLRRLLRLRL,TIMEOUT,-1,20000000,-1,0,0,188275,461,442,0
RLLRRLLRLLR,TIMEOUT,-1,20000000,-1,0,0,26137,175,170,0
RLLRRLLRLLL,TIMEOUT,-1,20000000,-1,0,0,184357,445,431,0
RLLRRLLLRRR,TIMEOUT,-1,20000000,-1,0,0,27818,174,168,0
RLLRRLLLRRL,TIMEOUT,-1,20000000,-1,0,0,151600,392,398,0
RLLRRLLLRLR,TIMEOUT,-1,20000000,-1,0,0,184924,448,430,0
RLLRRLLLRLL,TIMEOUT,-1,20000000,-1,0,0,158099,409,411,0
RLLRRLLLLRR,TIMEOUT,-1,20000000,-1,0,0,41193,208,208,0
RLLRRLLLLRL,TIMEOUT,-1,20000000,-1,0,0,13216,116,116,0
RLLRRLLLLLR,TIMEOUT,-1,20000000,-1,0,0,1454,38,40,0
RLLRRLLLLLL,TIMEOUT,-1,20000000,-1,0,0,141944,380,382,0
RLLRLRRRRRR,TIMEOUT,-1,20000000,-1,0,0,294215,808,838,0
RLLRLRRRRRL,TIMEOUT,-1,20000000,-1,0,0,143685,432,463,0
RLLRLRRRRLR,TIMEOUT,-1,20000000,-1,0,0,150523,445,489,0
RLLRLRRRRLL,TIMEOUT,-1,20000000,-1,0,0,151664,442,458,0
RLLRLRRRLRR,TIMEOUT,-1,20000000,-1,0,0,157354,447,499,0
RLLRLRRRLRL,TIMEOUT,-1,20000000,-1,0,0,166585,496,452,0
RLLRLRRRLLR,TIMEOUT,-1,20000000,-1,0,0,161432,474,485,0
RLLRLRRRLLL,TIMEOUT,-1,20000000,-1,0,0,152032,448,482,0
RLLRLRRLRRR,TIMEOUT,-1,20000000,-1,0,0,148832,440,463,0
RLLRLRRLRRL,TIMEOUT,-1,20000000,-1,0,0,146044,444,488,0
RLLRLRRLRLR,TIMEOUT,-1,20000000,-1,0,0,161699,464,505,0
RLLRLRRLRLL,TIMEOUT,-1,20000000,-1,0,0,158160,506,476,0
RLLRLRRLLRR,TIMEOUT,-1,20000000,-1,0,0,148453,482,441,0
RLLRLRRLLRL,HIGHWAY,12091631,12092416,152,2,2,108280,419,378,1
RLLRLRRLLLR,TIMEOUT,-1,20000000,-1,0,0,150837,469,440,0
RLLRLRRLLLL,TIMEOUT,-1,20000000,-1,0,0,138416,421,425,0
RLLRLRLRRRR,TIMEOUT,-1,20000000,-1,0,0,16098,147,152,0
RLLRLRLRRRL,TIMEOUT,-1,20000000,-1,0,0,154613,467,458,0
RLLRLRLRRLR,TIMEOUT,-1,20000000,-1,0,0,163432,479,497,0
RLLRLRLRRLL,TIMEOUT,-1,20000000,-1,0,0,154675,503,494,0
RLLRLRLRLRR,TIMEOUT,-1,20000000,-1,0,0,150360,447,453,0
RLLRLRLRLRL,TIMEOUT,-1,20000000,-1,0,0,169618,457,512,0
RLLRLRLRLLR,TIMEOUT,-1,20000000,-1,0,0,163288,495,528,0
RLLRLRLRLLL,TIMEOUT,-1,20000000,-1,0,0,150994,472,450,0
RLLRLRLLRRR,TIMEOUT,-1,20000000,-1,0,0,146430,453,455,0
RLLRLRLLRRL,TIMEOUT,-1,20000000,-1,0,0,151117,491,454,0
RLLRLRLLRLR,TIMEOUT,-1,20000000,-1,0,0,189171,604,473,0
RLLRLRLLRLL,TIMEOUT,-1,20000000,-1,0,0,173542,484,480,0
RLLRLRLLLRR,TIMEOUT,-1,20000000,-1,0,0,141102,458,467,0
RLLRLRLLLRL,TIMEOUT,-1,20000000,-1,0,0,151311,472,446,0
RLLRLRLLLLR,TIMEOUT,-1,20000000,-1,0,0,17674,143,157,0
RLLRLRLLLLL,TIMEOUT,-1,20000000,-1,0,0,139948,439,433,0
RLLRLLRRRRR,TIMEOUT,-1,20000000,-1,0,0,1874,43,50,0
RLLRLLRRRRL,TIMEOUT,-1,20000000,-1,0,0,151384,439,453,0
RLLRLLRRRLR,TIMEOUT,-1,20000000,-1,0,0,162761,470,494,0
RLLRLLRRRLL,TIMEOUT,-1,20000000,-1,0,0,14784,136,131,0
RLLRLLRRLRR,TIMEOUT,-1,20000000,-1,0,0,144223,417,450,0
RLLRLLRRLRL,TIMEOUT,-1,20000000,-1,0,0,167202,466,454,0
RLLRLLRRLLR,TIMEOUT,-1,20000000,-1,0,0,22812,163,177,0
RLLRLLRRLLL,TIMEOUT,-1,20000000,-1,0,0,148288,423,446,0
RLLRLLRLRRR,TIMEOUT,-1,20000000,-1,0,0,178817,493,543,0
RLLRLLRLRRL,TIMEOUT,-1,20000000,-1,0,0,173325,506,494,0
RLLRLLRLRLR,TIMEOUT,-1,20000000,-1,0,0,168955,500,460,0
RLLRLLRLRLL,TIMEOUT,-1,20000000,-1,0,0,163042,502,432,0
RLLRLLRLLRR,TIMEOUT,-1,20000000,-1,0,0,16247,142,143,0
RLLRLLRLLRL,TIMEOUT,-1,20000000,-1,0,0,180211,446,512,0
RLLRLLRLLLR,TIMEOUT,-1,20000000,-1,0,0,166308,472,428,0
RLLRLLRLLLL,TIMEOUT,-1,20000000,-1,0,0,168038,476,451,0
RLLRLLLRRRR,TIMEOUT,-1,20000000,-1,0,0,162262,462,483,0
RLLRLLLRRRL,TIMEOUT,-1,20000000,-1,0,0,140629,430,427,0
RLLRLLLRRLR,TIMEOUT,-1,20000000,-1,0,0,132893,410,399,0
RLLRLLLRRLL,TIMEOUT,-1,20000000,-1,0,0,144789,412,438,0
RLLRLLLRLRR,TIMEOUT,-1,20000000,-1,0,0,163886,482,473,0
RLLRLLLRLRL,TIMEOUT,-1,20000000,-1,0,0,151635,443,437,0
RLLRLLLRLLR,TIMEOUT,-1,20000000,-1,0,0,165870,458,484,0
RLLRLLLRLLL,TIMEOUT,-1,20000000,-1,0,0,169740,451,470,0
RLLRLLLLRRR,TIMEOUT,-1,20000000,-1,0,0,20393,148,151,0
RLLRLLLLRRL,TIMEOUT,-1,20000000,-1,0,0,191829,456,461,0
RLLRLLLLRLR,TIMEOUT,-1,20000000,-1,0,0,138833,415,445,0
RLLRLLLLRLL,TIMEOUT,-1,20000000,-1,0,0,153813,448,454,0
RLLRLLLLLRR,TIMEOUT,-1,20000000,-1,0,0,220115,477,516,0
RLLRLLLLLRL,TIMEOUT,-1,20000000,-1,0,0,3149532,1778,1774,0
RLLRLLLLLLR,TIMEOUT,-1,20000000,-1,0,0,226009,479,495,0
RLLRLLLLLLL,TIMEOUT,-1,20000000,-1,0,0,11544,112,108,0
RLLLRRRRRRR,TIMEOUT,-1,20000000,-1,0,0,187274,434,440,0
RLLLRRRRRRL,TIMEOUT,-1,20000000,-1,0,0,25740,176,170,0
RLLLRRRRRLR,TIMEOUT,-1,20000000,-1,0,0,109400,342,332,0
RLLLRRRRRLL,TIMEOUT,-1,20000000,-1,0,0,315320,584,592,0
RLLLRRRRLRR,TIMEOUT,-1,20000000,-1,0,0,114944,352,346,0
RLLLRRRRLRL,TIMEOUT,-1,20000000,-1,0,0,135968,370,382,0
RLLLRRRRLLR,TIMEOUT,-1,20000000,-1,0,0,31676,180,182,0
RLLLRRRRLLL,TIMEOUT,-1,20000000,-1,0,0,126304,366,354,0
RLLLRRRLRRR,TIMEOUT,-1,20000000,-1,0,0,177400,436,434,0
RLLLRRRLRRL,TIMEOUT,-1,20000000,-1,0,0,145284,378,400,0
RLLLRRRLRLR,TIMEOUT,-1,20000000,-1,0,0,295548,551,557,0
RLLLRRRLRLL,TIMEOUT,-1,20000000,-1,0,0,859094,948,931,0
RLLLRRRLLRR,TIMEOUT,-1,20000000,-1,0,0,143984,386,382,0
RLLLRRRLLRL,TIMEOUT,-1,20000000,-1,0,0,262060,512,522,0
RLLLRRRLLLR,TIMEOUT,-1,20000000,-1,0,0,281803,536,535,0
RLLLRRRLLLL,TIMEOUT,-1,20000000,-1,0,0,885516,942,944,0
RLLLRRLRRRR,TIMEOUT,-1,20000000,-1,0,0,123072,352,366,0
RLLLRRLRRRL,TIMEOUT,-1,20000000,-1,0,0,131766,372,370,0
RLLLRRLRRLR,TIMEOUT,-1,20000000,-1,0,0,13488,118,116,0
RLLLRRLRRLL,TIMEOUT,-1,20000000,-1,0,0,157174,396,400,0
RLLLRRLRLRR,TIMEOUT,-1,20000000,-1,0,0,195865,464,454,0
RLLLRRLRLRL,TIMEOUT,-1,20000000,-1,0,0,150548,390,400,0
RLLLRRLRLLR,TIMEOUT,-1,20000000,-1,0,0,166854,416,410,0
RLLLRRLRLLL,TIMEOUT,-1,20000000,-1,0,0,604075,777,782,0
RLLLRRLLRRR,TIMEOUT,-1,20000000,-1,0,0,13960,120,118,0
RLLLRRLLRRL,TIMEOUT,-1,20000000,-1,0,0,130084,362,370,0
RLLLRRLLRLR,TIMEOUT,-1,20000000,-1,0,0,124572,356,358,0
RLLLRRLLRLL,TIMEOUT,-1,20000000,-1,0,0,164680,408,406,0
RLLLRRLLLRR,TIMEOUT,-1,20000000,-1,0,0,112596,336,342,0
RLLLRRLLLRL,TIMEOUT,-1,20000000,-1,0,0,12088,110,110,0
RLLLRRLLLLR,TIMEOUT,-1,20000000,-1,0,0,1428,38,38,0
RLLLRRLLLLL,TIMEOUT,-1,20000000,-1,0,0,88804,298,298,0
RLLLRLRRRRR,TIMEOUT,-1,20000000,-1,0,0,10328,114,112,0
RLLLRLRRRRL,TIMEOUT,-1,20000000,-1,0,0,143062,418,431,0
RLLLRLRRRLR,TIMEOUT,-1,20000000,-1,0,0,146158,423,448,0
RLLLRLRRRLL,TIMEOUT,-1,20000000,-1,0,0,130130,396,415,0
RLLLRLRRLRR,TIMEOUT,-1,20000000,-1,0,0,138680,396,423,0
RLLLRLRRLRL,TIMEOUT,-1,20000000,-1,0,0,155690,428,441,0
RLLLRLRRLLR,TIMEOUT,-1,20000000,-1,0,0,139711,422,416,0
RLLLRLRRLLL,TIMEOUT,-1,20000000,-1,0,0,153380,418,413,0
RLLLRLRLRRR,TIMEOUT,-1,20000000,-1,0,0,138773,432,415,0
RLLLRLRLRRL,TIMEOUT,-1,20000000,-1,0,0,144998,429,398,0
RLLLRLRLRLR,TIMEOUT,-1,20000000,-1,0,0,153492,434,440,0
RLLLRLRLRLL,TIMEOUT,-1,20000000,-1,0,0,179948,443,449,0
RLLLRLRLLRR,TIMEOUT,-1,20000000,-1,0,0,140716,435,404,0
RLLLRLRLLRL,TIMEOUT,-1,20000000,-1,0,0,211645,471,466,0
RLLLRLRLLLR,TIMEOUT,-1,20000000,-1,0,0,45198,214,214,0
RLLLRLRLLLL,TIMEOUT,-1,20000000,-1,0,0,187916,434,442,0
RLLLRLLRRRR,TIMEOUT,-1,20000000,-1,0,0,233212,535,608,0
RLLLRLLRRRL,HIGHWAY,647356,649216,298,3,3,14778,146,174,1
RLLLRLLRRLR,TIMEOUT,-1,20000000,-1,0,0,130613,409,442,0
RLLLRLLRRLL,TIMEOUT,-1,20000000,-1,0,0,148380,432,479,0
RLLLRLLRLRR,TIMEOUT,-1,20000000,-1,0,0,144018,482,456,0
RLLLRLLRLRL,TIMEOUT,-1,20000000,-1,0,0,133181,405,469,0
RLLLRLLRLLR,TIMEOUT,-1,20000000,-1,0,0,146175,482,422,0
RLLLRLLRLLL,TIMEOUT,-1,20000000,-1,0,0,135928,434,425,0
RLLLRLLLRRR,TIMEOUT,-1,20000000,-1,0,0,139212,419,413,0
RLLLRLLLRRL,TIMEOUT,-1,20000000,-1,0,0,133734,405,413,0
RLLLRLLLRLR,TIMEOUT,-1,20000000,-1,0,0,128760,397,430,0
RLLLRLLLRLL,TIMEOUT,-1,20000000,-1,0,0,142476,428,438,0
RLLLRLLLLRR,TIMEOUT,-1,20000000,-1,0,0,132487,430,412,0
RLLLRLLLLRL,TIMEOUT,-1,20000000,-1,0,0,127532,400,418,0
RLLLRLLLLLR,TIMEOUT,-1,20000000,-1,0,0,168956,420,410,0
RLLLRLLLLLL,TIMEOUT,-1,20000000,-1,0,0,155661,429,419,0
RLLLLRRRRRR,TIMEOUT,-1,20000000,-1,0,0,2308,44,54,0
RLLLLRRRRRL,TIMEOUT,-1,20000000,-1,0,0,115984,340,344,0
RLLLLRRRRLR,TIMEOUT,-1,20000000,-1,0,0,11144,108,106,0
RLLLLRRRRLL,TIMEOUT,-1,20000000,-1,0,0,23864,156,156,0
RLLLLRRRLRR,TIMEOUT,-1,20000000,-1,0,0,132828,372,366,0
RLLLLRRRLRL,TIMEOUT,-1,20000000,-1,0,0,131624,370,366,0
RLLLLRRRLLR,TIMEOUT,-1,20000000,-1,0,0,43149,214,213,0
RLLLLRRRLLL,OOB,-1,11368986,-1,0,0,4169759,2042,2042,0
RLLLLRRLRRR,TIMEOUT,-1,20000000,-1,0,0,11324,106,108,0
RLLLLRRLRRL,TIMEOUT,-1,20000000,-1,0,0,113120,338,340,0
RLLLLRRLRLR,TIMEOUT,-1,20000000,-1,0,0,115812,348,344,0
RLLLLRRLRLL,TIMEOUT,-1,20000000,-1,0,0,168431,410,416,0
RLLLLRRLLRR,TIMEOUT,-1,20000000,-1,0,0,29876,172,176,0
RLLLLRRLLRL,TIMEOUT,-1,20000000,-1,0,0,11212,106,106,0
RLLLLRRLLLR,TIMEOUT,-1,20000000,-1,0,0,1296,36,36,0
RLLLLRRLLLL,TIMEOUT,-1,20000000,-1,0,0,102500,322,320,0
RLLLLRLRRRR,TIMEOUT,-1,20000000,-1,0,0,119715,354,350,0
RLLLLRLRRRL,TIMEOUT,-1,20000000,-1,0,0,162940,420,406,0
RLLLLRLRRLR,TIMEOUT,-1,20000000,-1,0,0,125444,376,401,0
RLLLLRLRRLL,TIMEOUT,-1,20000000,-1,0,0,291456,544,542,0
RLLLLRLRLRR,TIMEOUT,-1,20000000,-1,0,0,148450,390,404,0
RLLLLRLRLRL,TIMEOUT,-1,20000000,-1,0,0,137234,386,376,0
RLLLLRLRLLR,TIMEOUT,-1,20000000,-1,0,0,14516,120,122,0
RLLLLRLRLLL,TIMEOUT,-1,20000000,-1,0,0,169474,438,426,0
RLLLLRLLRRR,TIMEOUT,-1,20000000,-1,0,0,22788,146,174,0
RLLLLRLLRRL,TIMEOUT,-1,20000000,-1,0,0,142272,413,404,0
RLLLLRLLRLR,TIMEOUT,-1,20000000,-1,0,0,137089,408,425,0
RLLLLRLLRLL,TIMEOUT,-1,20000000,-1,0,0,147712,412,385,0
RLLLLRLLLRR,TIMEOUT,-1,20000000,-1,0,0,143466,425,459,0
RLLLLRLLLRL,TIMEOUT,-1,20000000,-1,0,0,121669,426,390,0
RLLLLRLLLLR,TIMEOUT,-1,20000000,-1,0,0,132932,390,417,0
RLLLLRLLLLL,TIMEOUT,-1,20000000,-1,0,0,125505,390,383,0
RLLLLLRRRRR,TIMEOUT,-1,20000000,-1,0,0,12540,112,112,0
RLLLLLRRRRL,TIMEOUT,-1,20000000,-1,0,0,1165484,1080,1082,0
RLLLLLRRRLR,TIMEOUT,-1,20000000,-1,0,0,139576,376,374,0
RLLLLLRRRLL,TIMEOUT,-1,20000000,-1,0,0,132932,364,366,0
RLLLLLRRLRR,TIMEOUT,-1,20000000,-1,0,0,861184,928,928,0
RLLLLLRRLRL,TIMEOUT,-1,20000000,-1,0,0,9180,96,96,0
RLLLLLRRLLR,TIMEOUT,-1,20000000,-1,0,0,1024,32,32,0
RLLLLLRRLLL,TIMEOUT,-1,20000000,-1,0,0,113056,338,336,0
RLLLLLRLRRR,TIMEOUT,-1,20000000,-1,0,0,101010,322,324,0
RLLLLLRLRRL,TIMEOUT,-1,20000000,-1,0,0,145004,378,386,0
RLLLLLRLRLR,TIMEOUT,-1,20000000,-1,0,0,9752,100,100,0
RLLLLLRLRLL,TIMEOUT,-1,20000000,-1,0,0,1963916,1404,1406,0
RLLLLLRLLRR,TIMEOUT,-1,20000000,-1,0,0,191284,446,440,0
RLLLLLRLLRL,TIMEOUT,-1,20000000,-1,0,0,130879,364,380,0
RLLLLLRLLLR,TIMEOUT,-1,20000000,-1,0,0,140781,406,390,0
RLLLLLRLLLL,TIMEOUT,-1,20000000,-1,0,0,103639,371,366,0
RLLLLLLRRRR,TIMEOUT,-1,20000000,-1,0,0,38404,196,196,0
RLLLLLLRRRL,TIMEOUT,-1,20000000,-1,0,0,9216,96,96,0
RLLLLLLRRLR,TIMEOUT,-1,20000000,-1,0,0,1292,36,36,0
RLLLLLLRRLL,TIMEOUT,-1,20000000,-1,0,0,129600,360,360,0
RLLLLLLRLRR,TIMEOUT,-1,20000000,-1,0,0,8884,94,96,0
RLLLLLLRLRL,TIMEOUT,-1,20000000,-1,0,0,264420,518,514,0
RLLLLLLRLLR,TIMEOUT,-1,20000000,-1,0,0,169964,418,416,0
RLLLLLLRLLL,TIMEOUT,-1,20000000,-1,0,0,129496,366,362,0
RLLLLLLLRRR,TIMEOUT,-1,20000000,-1,0,0,1024,32,32,0
RLLLLLLLRRL,OOB,-1,14875083,-1,0,0,4173346,2043,2043,0
RLLLLLLLRLR,OOB,-1,8707534,-1,0,0,4144167,2039,2033,0
RLLLLLLLRLL,TIMEOUT,-1,20000000,-1,0,0,8168,92,90,0
RLLLLLLLLRR,TIMEOUT,-1,20000000,-1,0,0,174560,422,420,0
RLLLLLLLLRL,TIMEOUT,-1,20000000,-1,0,0,1156,34,34,0
RLLLLLLLLLR,TIMEOUT,-1,20000000,-1,0,0,484,22,22,0
RLLLLLLLLLL,TIMEOUT,-1,20000000,-1,0,0,74456,307,284,0
RRRRRRRRRRRR,CYCLE,-1,111,48,0,0,4,2,2,0
RRRRRRRRRRRL,HIGHWAY,271,5120,180,2,-2,287,58,59,1
RRRRRRRRRRLR,TIMEOUT,-1,20000000,-1,0,0,83626,325,437,0
RRRRRRRRRRLL,TIMEOUT,-1,20000000,-1,0,0,226,15,16,0
RRRRRRRRRLRR,TIMEOUT,-1,20000000,-1,0,0,81203,312,326,0
RRRRRRRRRLRL,TIMEOUT,-1,20000000,-1,0,0,586,27,26,0
RRRRRRRRRLLR,TIMEOUT,-1,20000000,-1,0,0,230,15,16,0
RRRRRRRRRLLL,HIGHWAY,195,5120,172,-2,2,429,63,63,1
RRRRRRRRLRRR,TIMEOUT,-1,20000000,-1,0,0,79289,322,300,0
RRRRRRRRLRRL,TIMEOUT,-1,20000000,-1,0,0,2627,59,58,0
RRRRRRRRLRLR,TIMEOUT,-1,20000000,-1,0,0,584,26,26,0
RRRRRRRRLRLL,HIGHWAY,4759724,4764672,1544,4,4,29389,236,202,1
RRRRRRRRLLRR,TIMEOUT,-1,20000000,-1,0,0,230,15,16,0
RRRRRRRRLLRL,TIMEOUT,-1,20000000,-1,0,0,74190,304,350,0
RRRRRRRRLLLR,TIMEOUT,-1,20000000,-1,0,0,86640,365,359,0
RRRRRRRRLLLL,TIMEOUT,-1,20000000,-1,0,0,618,26,28,0
RRRRRRRLRRRR,TIMEOUT,-1,20000000,-1,0,0,85563,337,328,0
RRRRRRRLRRRL,TIMEOUT,-1,20000000,-1,0,0,70891,292,330,0
RRRRRRRLRRLR,TIMEOUT,-1,20000000,-1,0,0,2643,58,58,0
RRRRRRRLRRLL,HIGHWAY,10046,13312,176,-2,2,733,55,62,1
RRRRRRRLRLRR,TIMEOUT,-1,20000000,-1,0,0,620,27,27,0
RRRRRRRLRLRL,HIGHWAY,225,3072,180,-2,2,319,38,38,1
RRRRRRRLRLLR,HIGHWAY,1576,3072,168,2,2,258,31,30,1
RRRRRRRLRLLL,TIMEOUT,-1,20000000,-1,0,0,2648,59,58,0
RRRRRRRLLRRR,TIMEOUT,-1,20000000,-1,0,0,236,16,16,0
RRRRRRRLLRRL,TIMEOUT,-1,20000000,-1,0,0,62191,294,289,0
RRRRRRRLLRLR,HIGHWAY,193,2048,164,-2,2,238,29,29,1
RRRRRRRLLRLL,TIMEOUT,-1,20000000,-1,0,0,592,26,26,0
RRRRRRRLLLRR,HIGHWAY,401501,402432,160,-2,2,5850,86,112,1
RRRRRRRLLLRL,TIMEOUT,-1,20000000,-1,0,0,2625,58,58,0
RRRRRRRLLLLR,TIMEOUT,-1,20000000,-1,0,0,618,26,28,0
RRRRRRRLLLLL,HIGHWAY,221,4096,172,-2,2,437,51,51,1
RRRRRRLRRRRR,TIMEOUT,-1,20000000,-1,0,0,1432143,1198,1198,0
RRRRRRLRRRRL,TIMEOUT,-1,20000000,-1,0,0,82650,352,338,0
RRRRRRLRRRLR,TIMEOUT,-1,20000000,-1,0,0,75628,322,337,0
RRRRRRLRRRLL,TIMEOUT,-1,20000000,-1,0,0,95504,364,353,0
RRRRRRLRRLRR,TIMEOUT,-1,20000000,-1,0,0,2700,58,59,0
RRRRRRLRRLRL,HIGHWAY,292367,293888,288,2,-2,5009,84,99,1
RRRRRRLRRLLR,TIMEOUT,-1,20000000,-1,0,0,86429,341,344,0
RRRRRRLRRLLL,TIMEOUT,-1,20000000,-1,0,0,69303,300,302,0
RRRRRRLRLRRR,TIMEOUT,-1,20000000,-1,0,0,622,27,27,0
RRRRRRLRLRRL,OOB,-1,182686,-1,0,0,11071,1037,1037,0
RRRRRRLRLRLR,TIMEOUT,-1,20000000,-1,0,0,108531,376,445,0
RRRRRRLRLRLL,TIMEOUT,-1,20000000,-1,0,0,2759,58,59,0
RRRRRRLRLLRR,HIGHWAY,706,3072,160,-2,2,290,39,40,1
RRRRRRLRLLRL,TIMEOUT,-1,20000000,-1,0,0,60269,263,284,0
RRRRRRLRLLLR,TIMEOUT,-1,20000000,-1,0,0,2795,60,60,0
RRRRRRLRLLLL,TIMEOUT,-1,20000000,-1,0,0,94440,353,354,0
RRRRRRLLRRRR,TIMEOUT,-1,20000000,-1,0,0,252,16,18,0
RRRRRRLLRRRL,TIMEOUT,-1,20000000,-1,0,0,58945,279,279,0
RRRRRRLLRRLR,TIMEOUT,-1,20000000,-1,0,0,80475,337,363,0
RRRRRRLLRRLL,TIMEOUT,-1,20000000,-1,0,0,632,27,28,0
RRRRRRLLRLRR,OOB,-1,8419499,-1,0,0,527908,1027,1026,0
RRRRRRLLRLRL,TIMEOUT,-1,20000000,-1,0,0,2725,58,58,0
RRRRRRLLRLLR,TIMEOUT,-1,20000000,-1,0,0,632,28,27,0
RRRRRRLLRLLL,HIGHWAY,560150,561152,98,-1,1,15414,184,175,1
RRRRRRLLLRRR,HIGHWAY,138436,141312,152,-2,2,2932,76,97,1
RRRRRRLLLRRL,TIMEOUT,-1,20000000,-1,0,0,63054,288,275,0
RRRRRRLLLRLR,TIMEOUT,-1,20000000,-1,0,0,2718,58,59,0
RRRRRRLLLRLL,HIGHWAY,1709071,1713152,860,6,6,17877,160,194,1
RRRRRRLLLLRR,TIMEOUT,-1,20000000,-1,0,0,662,27,28,0
RRRRRRLLLLRL,TIMEOUT,-1,20000000,-1,0,0,97451,368,346,0
RRRRRRLLLLLR,HIGHWAY,287327,292864,884,-4,4,5832,100,119,1
RRRRRRLLLLLL,TIMEOUT,-1,20000000,-1,0,0,20182,141,174,0
RRRRRLRRRRRR,TIMEOUT,-1,20000000,-1,0,0,1670414,1293,1294,0
RRRRRLRRRRRL,HIGHWAY,127,2048,84,2,-2,247,50,51,1
RRRRRLRRRRLR,TIMEOUT,-1,20000000,-1,0,0,95960,378,392,0
RRRRRLRRRRLL,TIMEOUT,-1,20000000,-1,0,0,161440,438,454,0
RRRRRLRRRLRR,TIMEOUT,-1,20000000,-1,0,0,76003,330,318,0
RRRRRLRRRLRL,HIGHWAY,2206744,2208768,244,-2,-2,23011,185,187,1
RRRRRLRRRLLR,TIMEOUT,-1,20000000,-1,0,0,139420,477,464,0
RRRRRLRRRLLL,TIMEOUT,-1,20000000,-1,0,0,94566,363,370,0
RRRRRLRRLRRR,TIMEOUT,-1,20000000,-1,0,0,4819,74,76,0
RRRRRLRRLRRL,TIMEOUT,-1,20000000,-1,0,0,90566,348,365,0
RRRRRLRRLRLR,TIMEOUT,-1,20000000,-1,0,0,90732,381,354,0
RRRRRLRRLRLL,TIMEOUT,-1,20000000,-1,0,0,74259,295,323,0
RRRRRLRRLLRR,TIMEOUT,-1,20000000,-1,0,0,96671,382,342,0
RRRRRLRRLLRL,TIMEOUT,-1,20000000,-1,0,0,90565,360,335,0
RRRRRLRRLLLR,TIMEOUT,-1,20000000,-1,0,0,74824,298,346,0
RRRRRLRRLLLL,TIMEOUT,-1,20000000,-1,0,0,77601,331,315,0
RRRRRLRLRRRR,TIMEOUT,-1,20000000,-1,0,0,687,28,28,0
RRRRRLRLRRRL,TIMEOUT,-1,20000000,-1,0,0,76064,341,300,0
RRRRRLRLRRLR,HIGHWAY,219,2048,164,-2,2,232,29,28,1
RRRRRLRLRRLL,TIMEOUT,-1,20000000,-1,0,0,2893,61,59,0
RRRRRLRLRLRR,HIGHWAY,4621515,4623360,492,-2,-2,32920,223,200,1
RRRRRLRLRLRL,TIMEOUT,-1,20000000,-1,0,0,68207,311,296,0
RRRRRLRLRLLR,TIMEOUT,-1,20000000,-1,0,0,2935,59,60,0
RRRRRLRLRLLL,TIMEOUT,-1,20000000,-1,0,0,71330,311,310,0
RRRRRLRLLRRR,TIMEOUT,-1,20000000,-1,0,0,87115,351,334,0
RRRRRLRLLRRL,TIMEOUT,-1,20000000,-1,0,0,89519,353,346,0
RRRRRLRLLRLR,TIMEOUT,-1,20000000,-1,0,0,73537,304,305,0
RRRRRLRLLRLL,TIMEOUT,-1,20000000,-1,0,0,89309,346,328,0
RRRRRLRLLLRR,TIMEOUT,-1,20000000,-1,0,0,3029,60,60,0
RRRRRLRLLLRL,TIMEOUT,-1,20000000,-1,0,0,73535,293,319,0
RRRRRLRLLLLR,HIGHWAY,2817859,2819072,180,-2,2,23755,188,177,1
RRRRRLRLLLLL,TIMEOUT,-1,20000000,-1,0,0,66012,292,287,0
RRRRRLLRRRRR,TIMEOUT,-1,20000000,-1,0,0,262,17,18,0
RRRRRLLRRRRL,TIMEOUT,-1,20000000,-1,0,0,60249,282,270,0
RRRRRLLRRRLR,TIMEOUT,-1,20000000,-1,0,0,66900,287,302,0
RRRRRLLRRRLL,TIMEOUT,-1,20000000,-1,0,0,662,28,28,0
RRRRRLLRRLRR,HIGHWAY,187,1024,74,-1,1,132,17,17,1
RRRRRLLRRLRL,TIMEOUT,-1,20000000,-1,0,0,2804,59,60,0
RRRRRLLRRLLR,TIMEOUT,-1,20000000,-1,0,0,660,27,28,0
RRRRRLLRRLLL,HIGHWAY,32687,39936,434,3,-3,1476,89,89,1
RRRRRLLRLRRR,HIGHWAY,50909,56320,148,2,-2,2023,102,117,1
RRRRRLLRLRRL,TIMEOUT,-1,20000000,-1,0,0,62068,274,289,0
RRRRRLLRLRLR,TIMEOUT,-1,20000000,-1,0,0,2851,59,58,0
RRRRRLLRLRLL,TIMEOUT,-1,20000000,-1,0,0,98983,379,370,0
RRRRRLLRLLRR,TIMEOUT,-1,20000000,-1,0,0,658,28,28,0
RRRRRLLRLLRL,HIGHWAY,267324,269312,110,1,1,4925,89,106,1
RRRRRLLRLLLR,HIGHWAY,215,6144,156,-2,2,717,82,82,1
RRRRRLLRLLLL,TIMEOUT,-1,20000000,-1,0,0,2915,60,59,0
RRRRRLLLRRRR,HIGHWAY,4686,5120,144,-2,-2,354,24,23,1
RRRRRLLLRRRL,TIMEOUT,-1,20000000,-1,0,0,90502,346,359,0
RRRRRLLLRRLR,TIMEOUT,-1,20000000,-1,0,0,69866,307,294,0
RRRRRLLLRRLL,TIMEOUT,-1,20000000,-1,0,0,95823,360,354,0
RRRRRLLLRLRR,TIMEOUT,-1,20000000,-1,0,0,2992,61,62,0
RRRRRLLLRLRL,TIMEOUT,-1,20000000,-1,0,0,78655,329,325,0
RRRRRLLLRLLR,TIMEOUT,-1,20000000,-1,0,0,93921,360,374,0
RRRRRLLLRLLL,TIMEOUT,-1,20000000,-1,0,0,61344,276,293,0
RRRRRLLLLRRR,TIMEOUT,-1,20000000,-1,0,0,680,27,30,0
RRRRRLLLLRRL,TIMEOUT,-1,20000000,-1,0,0,73138,328,293,0
RRRRRLLLLRLR,HIGHWAY,217,1024,164,-2,2,121,16,16,1
RRRRRLLLLRLL,TIMEOUT,-1,20000000,-1,0,0,2888,59,60,0
RRRRRLLLLLRR,TIMEOUT,-1,20000000,-1,0,0,90725,367,329,0
RRRRRLLLLLRL,TIMEOUT,-1,20000000,-1,0,0,62092,277,266,0
RRRRRLLLLLLR,TIMEOUT,-1,20000000,-1,0,0,25618,157,192,0
RRRRRLLLLLLL,TIMEOUT,-1,20000000,-1,0,0,81878,320,332,0
RRRRLRRRRRRR,TIMEOUT,-1,20000000,-1,0,0,84991,308,333,0
RRRRLRRRRRRL,TIMEOUT,-1,20000000,-1,0,0,130171,438,417,0
RRRRLRRRRRLR,TIMEOUT,-1,20000000,-1,0,0,140328,423,481,0
RRRRLRRRRRLL,TIMEOUT,-1,20000000,-1,0,0,127504,417,398,0
RRRRLRRRRLRR,HIGHWAY,103,4096,68,2,-2,606,122,123,1
RRRRLRRRRLRL,HIGHWAY,103,4096,68,2,-2,606,122,123,1
RRRRLRRRRLLR,HIGHWAY,103,4096,68,2,-2,606,122,123,1
RRRRLRRRRLLL,HIGHWAY,103,4096,68,2,-2,606,122,123,1
RRRRLRRRLRRR,TIMEOUT,-1,20000000,-1,0,0,88927,349,341,0
RRRRLRRRLRRL,TIMEOUT,-1,20000000,-1,0,0,130206,498,416,0
RRRRLRRRLRLR,TIMEOUT,-1,20000000,-1,0,0,142027,428,475,0
RRRRLRRRLRLL,TIMEOUT,-1,20000000,-1,0,0,171068,516,506,0
RRRRLRRRLLRR,TIMEOUT,-1,20000000,-1,0,0,183367,444,468,0
RRRRLRRRLLRL,OOB,-1,513724,-1,0,0,41809,1060,1042,0
RRRRLRRRLLLR,TIMEOUT,-1,20000000,-1,0,0,2505500,1582,1584,0
RRRRLRRRLLLL,TIMEOUT,-1,20000000,-1,0,0,2494008,1581,1578,0
RRRRLRRLRRRR,TIMEOUT,-1,20000000,-1,0,0,4020,64,66,0
RRRRLRRLRRRL,TIMEOUT,-1,20000000,-1,0,0,114659,418,400,0
RRRRLRRLRRLR,TIMEOUT,-1,20000000,-1,0,0,99171,361,405,0
RRRRLRRLRRLL,TIMEOUT,-1,20000000,-1,0,0,93149,351,352,0
RRRRLRRLRLRR,TIMEOUT,-1,20000000,-1,0,0,106632,410,382,0
RRRRLRRLRLRL,TIMEOUT,-1,20000000,-1,0,0,109572,372,401,0
RRRRLRRLRLLR,TIMEOUT,-1,20000000,-1,0,0,86289,380,344,0
RRRRLRRLRLLL,TIMEOUT,-1,20000000,-1,0,0,102251,410,359,0
RRRRLRRLLRRR,TIMEOUT,-1,20000000,-1,0,0,181544,527,564,0
RRRRLRRLLRRL,TIMEOUT,-1,20000000,-1,0,0,107116,427,380,0
RRRRLRRLLRLR,HIGHWAY,13546415,13552640,560,-4,4,83057,383,326,1
RRRRLRRLLRLL,HIGHWAY,18200,19456,140,-2,2,1139,55,46,1
RRRRLRRLLLRR,TIMEOUT,-1,20000000,-1,0,0,87982,356,344,0
RRRRLRRLLLRL,TIMEOUT,-1,20000000,-1,0,0,125255,422,408,0
RRRRLRRLLLLR,TIMEOUT,-1,20000000,-1,0,0,116925,389,409,0
RRRRLRRLLLLL,TIMEOUT,-1,20000000,-1,0,0,6362,88,85,0
RRRRLRLRRRRR,TIMEOUT,-1,20000000,-1,0,0,689,28,29,0
RRRRLRLRRRRL,TIMEOUT,-1,20000000,-1,0,0,80307,336,355,0
RRRRLRLRRRLR,TIMEOUT,-1,20000000,-1,0,0,82533,313,326,0
RRRRLRLRRRLL,TIMEOUT,-1,20000000,-1,0,0,3161,65,63,0
RRRRLRLRRLRR,OOB,-1,785394,-1,0,0,16980,1087,1048,0
RRRRLRLRRLRL,TIMEOUT,-1,20000000,-1,0,0,78858,316,338,0
RRRRLRLRRLLR,TIMEOUT,-1,20000000,-1,0,0,3233,63,64,0
RRRRLRLRRLLL,TIMEOUT,-1,20000000,-1,0,0,82356,349,313,0
RRRRLRLRLRRR,TIMEOUT,-1,20000000,-1,0,0,96952,385,337,0
RRRRLRLRLRRL,HIGHWAY,69892,70656,66,1,1,2094,51,70,1
RRRRLRLRLRLR,TIMEOUT,-1,20000000,-1,0,0,77399,323,332,0
RRRRLRLRLRLL,TIMEOUT,-1,20000000,-1,0,0,80637,322,312,0
RRRRLRLRLLRR,TIMEOUT,-1,20000000,-1,0,0,3366,62,65,0
RRRRLRLRLLRL,TIMEOUT,-1,20000000,-1,0,0,81282,326,343,0
RRRRLRLRLLLR,TIMEOUT,-1,20000000,-1,0,0,79612,314,324,0
RRRRLRLRLLLL,TIMEOUT,-1,20000000,-1,0,0,75714,322,334,0
RRRRLRLLRRRR,HIGHWAY,15620097,15628288,312,-2,-2,88228,392,403,0
RRRRLRLLRRRL,TIMEOUT,-1,20000000,-1,0,0,103820,362,392,0
RRRRLRLLRRLR,HIGHWAY,4109890,4111360,220,-2,-2,37699,238,230,1
RRRRLRLLRRLL,HIGHWAY,2791,4096,172,-2,2,377,30,34,1
RRRRLRLLRLRR,TIMEOUT,-1,20000000,-1,0,0,86107,344,318,0
RRRRLRLLRLRL,OOB,-1,3621081,-1,0,0,39120,1034,1141,0
RRRRLRLLRLLR,TIMEOUT,-1,20000000,-1,0,0,101753,396,344,0
RRRRLRLLRLLL,TIMEOUT,-1,20000000,-1,0,0,90070,319,365,0
RRRRLRLLLRRR,TIMEOUT,-1,20000000,-1,0,0,4202,72,67,0
RRRRLRLLLRRL,TIMEOUT,-1,20000000,-1,0,0,84488,323,353,0
RRRRLRLLLRLR,TIMEOUT,-1,20000000,-1,0,0,84232,342,328,0
RRRRLRLLLRLL,TIMEOUT,-1,20000000,-1,0,0,80545,318,326,0
RRRRLRLLLLRR,TIMEOUT,-1,20000000,-1,0,0,88316,368,352,0
RRRRLRLLLLRL,TIMEOUT,-1,20000000,-1,0,0,87148,331,324,0
RRRRLRLLLLLR,TIMEOUT,-1,20000000,-1,0,0,74765,311,290,0
RRRRLRLLLLLL,TIMEOUT,-1,20000000,-1,0,0,78623,307,299,0
RRRRLLRRRRRR,TIMEOUT,-1,20000000,-1,0,0,274,17,18,0
RRRRLLRRRRRL,TIMEOUT,-1,20000000,-1,0,0,61083,297,271,0
RRRRLLRRRRLR,TIMEOUT,-1,20000000,-1,0,0,61771,277,273,0
RRRRLLRRRRLL,TIMEOUT,-1,20000000,-1,0,0,686,27,30,0
RRRRLLRRRLRR,HIGHWAY,200022,202752,446,-3,-3,3902,71,91,1
RRRRLLRRRLRL,TIMEOUT,-1,20000000,-1,0,0,2874,60,61,0
RRRRLLRRRLLR,TIMEOUT,-1,20000000,-1,0,0,682,28,28,0
RRRRLLRRRLLL,TIMEOUT,-1,20000000,-1,0,0,63530,257,286,0
RRRRLLRRLRRR,HIGHWAY,862,8192,180,-2,2,668,94,92,1
RRRRLLRRLRRL,TIMEOUT,-1,20000000,-1,0,0,71050,323,282,0
RRRRLLRRLRLR,TIMEOUT,-1,20000000,-1,0,0,3022,61,62,0
RRRRLLRRLRLL,TIMEOUT,-1,20000000,-1,0,0,80240,342,313,0
RRRRLLRRLLRR,TIMEOUT,-1,20000000,-1,0,0,690,27,30,0
RRRRLLRRLLRL,TIMEOUT,-1,20000000,-1,0,0,64174,273,288,0
RRRRLLRRLLLR,HIGHWAY,3053,4096,264,2,-2,318,29,29,1
RRRRLLRRLLLL,TIMEOUT,-1,20000000,-1,0,0,23606,153,186,0
RRRRLLRLRRRR,OOB,-1,17165050,-1,0,0,483793,1138,1055,0
RRRRLLRLRRRL,TIMEOUT,-1,20000000,-1,0,0,85132,332,356,0
RRRRLLRLRRLR,TIMEOUT,-1,20000000,-1,0,0,78536,295,362,0
RRRRLLRLRRLL,TIMEOUT,-1,20000000,-1,0,0,81469,308,326,0
RRRRLLRLRLRR,TIMEOUT,-1,20000000,-1,0,0,3158,62,62,0
RRRRLLRLRLRL,TIMEOUT,-1,20000000,-1,0,0,70718,291,318,0
RRRRLLRLRLLR,TIMEOUT,-1,20000000,-1,0,0,91932,325,395,0
RRRRLLRLRLLL,TIMEOUT,-1,20000000,-1,0,0,69750,305,295,0
RRRRLLRLLRRR,TIMEOUT,-1,20000000,-1,0,0,694,28,28,0
RRRRLLRLLRRL,TIMEOUT,-1,20000000,-1,0,0,67593,308,275,0
RRRRLLRLLRLR,TIMEOUT,-1,20000000,-1,0,0,76852,318,324,0
RRRRLLRLLRLL,TIMEOUT,-1,20000000,-1,0,0,2995,61,62,0
RRRRLLRLLLRR,TIMEOUT,-1,20000000,-1,0,0,87766,326,356,0
RRRRLLRLLLRL,TIMEOUT,-1,20000000,-1,0,0,66044,278,283,0
RRRRLLRLLLLR,TIMEOUT,-1,20000000,-1,0,0,3035,61,61,0
RRRRLLRLLLLL,TIMEOUT,-1,20000000,-1,0,0,60736,266,269,0
RRRRLLLRRRRR,HIGHWAY,18962907,18966528,676,2,-2,73538,286,317,1
RRRRLLLRRRRL,HIGHWAY,115,8192,92,-2,2,1255,181,181,1
RRRRLLLRRRLR,OOB,-1,13355039,-1,0,0,89940,1067,1163,0
RRRRLLLRRRLL,TIMEOUT,-1,20000000,-1,0,0,105265,372,382,0
RRRRLLLRRLRR,TIMEOUT,-1,20000000,-1,0,0,85696,352,351,0
RRRRLLLRRLRL,TIMEOUT,-1,20000000,-1,0,0,99523,352,360,0
RRRRLLLRRLLR,TIMEOUT,-1,20000000,-1,0,0,95143,348,341,0
RRRRLLLRRLLL,TIMEOUT,-1,20000000,-1,0,0,7234,96,89,0
RRRRLLLRLRRR,TIMEOUT,-1,20000000,-1,0,0,3834,66,67,0
RRRRLLLRLRRL,TIMEOUT,-1,20000000,-1,0,0,82516,350,335,0
RRRRLLLRLRLR,TIMEOUT,-1,20000000,-1,0,0,81821,339,334,0
RRRRLLLRLRLL,TIMEOUT,-1,20000000,-1,0,0,74776,298,309,0
RRRRLLLRLLRR,TIMEOUT,-1,20000000,-1,0,0,103824,413,356,0
RRRRLLLRLLRL,HIGHWAY,1998849,2007040,632,4,-4,26208,220,247,0
RRRRLLLRLLLR,TIMEOUT,-1,20000000,-1,0,0,77365,304,315,0
RRRRLLLRLLLL,TIMEOUT,-1,20000000,-1,0,0,78854,301,303,0
RRRRLLLLRRRR,TIMEOUT,-1,20000000,-1,0,0,732,28,30,0
RRRRLLLLRRRL,TIMEOUT,-1,20000000,-1,0,0,67548,291,292,0
RRRRLLLLRRLR,TIMEOUT,-1,20000000,-1,0,0,75580,323,309,0
RRRRLLLLRRLL,TIMEOUT,-1,20000000,-1,0,0,28680,167,204,0
RRRRLLLLRLRR,TIMEOUT,-1,20000000,-1,0,0,85299,348,323,0
RRRRLLLLRLRL,TIMEOUT,-1,20000000,-1,0,0,70582,306,315,0
RRRRLLLLRLLR,TIMEOUT,-1,20000000,-1,0,0,3205,62,62,0
RRRRLLLLRLLL,TIMEOUT,-1,20000000,-1,0,0,65884,273,290,0
RRRRLLLLLRRR,HIGHWAY,2430545,2434048,292,-2,2,24583,169,211,1
RRRRLLLLLRRL,TIMEOUT,-1,20000000,-1,0,0,8352,111,108,0
RRRRLLLLLRLR,TIMEOUT,-1,20000000,-1,0,0,73911,302,303,0
RRRRLLLLLRLL,TIMEOUT,-1,20000000,-1,0,0,78781,306,304,0
RRRRLLLLLLRR,TIMEOUT,-1,20000000,-1,0,0,39104,197,232,0
RRRRLLLLLLRL,TIMEOUT,-1,20000000,-1,0,0,67044,290,295,0
RRRRLLLLLLLR,TIMEOUT,-1,20000000,-1,0,0,75993,289,285,0
RRRRLLLLLLLL,TIMEOUT,-1,20000000,-1,0,0,1506,38,40,0
RRRLRRRRRRRR,TIMEOUT,-1,20000000,-1,0,0,2504642,1584,1584,0
RRRLRRRRRRRL,TIMEOUT,-1,20000000,-1,0,0,116251,401,377,0
RRRLRRRRRRLR,TIMEOUT,-1,20000000,-1,0,0,126597,405,399,0
RRRLRRRRRRLL,TIMEOUT,-1,20000000,-1,0,0,2504331,1584,1584,0
RRRLRRRRRLRR,TIMEOUT,-1,20000000,-1,0,0,144141,437,452,0
RRRLRRRRRLRL,TIMEOUT,-1,20000000,-1,0,0,140284,426,458,0
RRRLRRRRRLLR,TIMEOUT,-1,20000000,-1,0,0,2503882,1583,1584,0
RRRLRRRRRLLL,TIMEOUT,-1,20000000,-1,0,0,2504902,1583,1585,0
RRRLRRRRLRRR,TIMEOUT,-1,20000000,-1,0,0,117994,396,433,0
RRRLRRRRLRRL,TIMEOUT,-1,20000000,-1,0,0,176507,564,485,0
RRRLRRRRLRLR,TIMEOUT,-1,20000000,-1,0,0,201496,480,631,0
RRRLRRRRLRLL,TIMEOUT,-1,20000000,-1,0,0,136642,449,423,0
RRRLRRRRLLRR,TIMEOUT,-1,20000000,-1,0,0,122356,415,400,0
RRRLRRRRLLRL,TIMEOUT,-1,20000000,-1,0,0,170061,572,502,0
RRRLRRRRLLLR,HIGHWAY,3339801,3341312,336,-2,2,47139,275,243,1
RRRLRRRRLLLL,TIMEOUT,-1,20000000,-1,0,0,165210,465,477,0
RRRLRRRLRRRR,HIGHWAY,79,5120,52,2,-2,987,198,199,1
RRRLRRRLRRRL,HIGHWAY,79,5120,52,2,-2,987,198,199,1
RRRLRRRLRRLR,HIGHWAY,79,5120,52,2,-2,987,198,199,1
RRRLRRRLRRLL,HIGHWAY,79,5120,52,2,-2,987,198,199,1
RRRLRRRLRLRR,HIGHWAY,79,5120,52,2,-2,987,198,199,1
RRRLRRRLRLRL,HIGHWAY,79,5120,52,2,-2,987,198,199,1
RRRLRRRLRLLR,HIGHWAY,79,5120,52,2,-2,987,198,199,1
RRRLRRRLRLLL,HIGHWAY,79,5120,52,2,-2,987,198,199,1
RRRLRRRLLRRR,HIGHWAY,79,5120,52,2,-2,987,198,199,1
RRRLRRRLLRRL,HIGHWAY,79,5120,52,2,-2,987,198,199,1
RRRLRRRLLRLR,HIGHWAY,79,5120,52,2,-2,987,198,199,1
RRRLRRRLLRLL,HIGHWAY,79,5120,52,2,-2,987,198,199,1
RRRLRRRLLLRR,HIGHWAY,79,5120,52,2,-2,987,198,199,1
RRRLRRRLLLRL,HIGHWAY,79,5120,52,2,-2,987,198,199,1
RRRLRRRLLLLR,HIGHWAY,79,5120,52,2,-2,987,198,199,1
RRRLRRRLLLLL,HIGHWAY,79,5120,52,2,-2,987,198,199,1
RRRLRRLRRRRR,TIMEOUT,-1,20000000,-1,0,0,4752,72,72,0
RRRLRRLRRRRL,TIMEOUT,-1,20000000,-1,0,0,109742,374,413,0
RRRLRRLRRRLR,TIMEOUT,-1,20000000,-1,0,0,122185,422,394,0
RRRLRRLRRRLL,TIMEOUT,-1,20000000,-1,0,0,123571,430,401,0
RRRLRRLRRLRR,HIGHWAY,1586724,1588224,224,-2,-2,20525,156,203,1
RRRLRRLRRLRL,HIGHWAY,720583,721920,256,-2,2,12890,132,138,1
RRRLRRLRRLLR,TIMEOUT,-1,20000000,-1,0,0,121584,373,450,0
RRRLRRLRRLLL,TIMEOUT,-1,20000000,-1,0,0,126504,426,406,0
RRRLRRLRLRRR,TIMEOUT,-1,20000000,-1,0,0,121311,465,415,0
RRRLRRLRLRRL,TIMEOUT,-1,20000000,-1,0,0,145534,435,486,0
RRRLRRLRLRLR,TIMEOUT,-1,20000000,-1,0,0,141619,508,434,0
RRRLRRLRLRLL,TIMEOUT,-1,20000000,-1,0,0,154202,444,473,0
RRRLRRLRLLRR,TIMEOUT,-1,20000000,-1,0,0,157478,432,553,0
RRRLRRLRLLRL,HIGHWAY,231469,233472,344,4,4,7637,139,132,1
RRRLRRLRLLLR,TIMEOUT,-1,20000000,-1,0,0,180877,571,487,0
RRRLRRLRLLLL,TIMEOUT,-1,20000000,-1,0,0,157419,458,463,0
RRRLRRLLRRRR,TIMEOUT,-1,20000000,-1,0,0,2558803,1647,1633,0
RRRLRRLLRRRL,TIMEOUT,-1,20000000,-1,0,0,158988,444,452,0
RRRLRRLLRRLR,TIMEOUT,-1,20000000,-1,0,0,190620,428,510,0
RRRLRRLLRRLL,TIMEOUT,-1,20000000,-1,0,0,283062,542,564,0
RRRLRRLLRLRR,OOB,-1,655799,-1,0,0,33265,1061,1101,0
RRRLRRLLRLRL,TIMEOUT,-1,20000000,-1,0,0,156832,444,486,0
RRRLRRLLRLLR,HIGHWAY,233562,236544,532,4,4,8375,124,124,1
RRRLRRLLRLLL,TIMEOUT,-1,20000000,-1,0,0,147040,449,440,0
RRRLRRLLLRRR,TIMEOUT,-1,20000000,-1,0,0,3318477,1823,1821,0
RRRLRRLLLRRL,TIMEOUT,-1,20000000,-1,0,0,3335415,1827,1826,0
RRRLRRLLLRLR,TIMEOUT,-1,20000000,-1,0,0,3339150,1829,1827,0
RRRLRRLLLRLL,TIMEOUT,-1,20000000,-1,0,0,210282,490,486,0
RRRLRRLLLLRR,TIMEOUT,-1,20000000,-1,0,0,2865365,1694,1692,0
RRRLRRLLLLRL,TIMEOUT,-1,20000000,-1,0,0,2862778,1692,1693,0
RRRLRRLLLLLR,TIMEOUT,-1,20000000,-1,0,0,4383,68,66,0
RRRLRRLLLLLL,TIMEOUT,-1,20000000,-1,0,0,3318139,1822,1822,0
RRRLRLRRRRRR,TIMEOUT,-1,20000000,-1,0,0,912,32,32,0
RRRLRLRRRRRL,TIMEOUT,-1,20000000,-1,0,0,112115,419,403,0
RRRLRLRRRRLR,TIMEOUT,-1,20000000,-1,0,0,123881,434,429,0
RRRLRLRRRRLL,TIMEOUT,-1,20000000,-1,0,0,4643,74,76,0
RRRLRLRRRLRR,TIMEOUT,-1,20000000,-1,0,0,131972,410,434,0
RRRLRLRRRLRL,TIMEOUT,-1,20000000,-1,0,0,109155,417,377,0
RRRLRLRRRLLR,TIMEOUT,-1,20000000,-1,0,0,5436,76,78,0
RRRLRLRRRLLL,TIMEOUT,-1,20000000,-1,0,0,118461,368,411,0
RRRLRLRRLRRR,TIMEOUT,-1,20000000,-1,0,0,116559,397,415,0
RRRLRLRRLRRL,TIMEOUT,-1,20000000,-1,0,0,130413,449,417,0
RRRLRLRRLRLR,TIMEOUT,-1,20000000,-1,0,0,122528,420,433,0
RRRLRLRRLRLL,TIMEOUT,-1,20000000,-1,0,0,140777,435,442,0
RRRLRLRRLLRR,TIMEOUT,-1,20000000,-1,0,0,4094,70,73,0
RRRLRLRRLLRL,TIMEOUT,-1,20000000,-1,0,0,117547,419,388,0
RRRLRLRRLLLR,TIMEOUT,-1,20000000,-1,0,0,119695,373,436,0
RRRLRLRRLLLL,TIMEOUT,-1,20000000,-1,0,0,118781,419,377,0
RRRLRLRLRRRR,TIMEOUT,-1,20000000,-1,0,0,98790,376,349,0
RRRLRLRLRRRL,TIMEOUT,-1,20000000,-1,0,0,108038,418,378,0
RRRLRLRLRRLR,TIMEOUT,-1,20000000,-1,0,0,115302,397,394,0
RRRLRLRLRRLL,TIMEOUT,-1,20000000,-1,0,0,118415,385,419,0
RRRLRLRLRLRR,TIMEOUT,-1,20000000,-1,0,0,106069,361,384,0
RRRLRLRLRLRL,TIMEOUT,-1,20000000,-1,0,0,112330,363,408,0
RRRLRLRLRLLR,TIMEOUT,-1,20000000,-1,0,0,115579,420,391,0
RRRLRLRLRLLL,TIMEOUT,-1,20000000,-1,0,0,122793,454,410,0
RRRLRLRLLRRR,TIMEOUT,-1,20000000,-1,0,0,5131,79,75,0
RRRLRLRLLRRL,TIMEOUT,-1,20000000,-1,0,0,114008,415,388,0
RRRLRLRLLRLR,TIMEOUT,-1,20000000,-1,0,0,104836,379,410,0
RRRLRLRLLRLL,TIMEOUT,-1,20000000,-1,0,0,113693,414,379,0
RRRLRLRLLLRR,TIMEOUT,-1,20000000,-1,0,0,104649,371,395,0
RRRLRLRLLLRL,TIMEOUT,-1,20000000,-1,0,0,106263,402,385,0
RRRLRLRLLLLR,TIMEOUT,-1,20000000,-1,0,0,114369,388,419,0
RRRLRLRLLLLL,TIMEOUT,-1,20000000,-1,0,0,106672,385,386,0
RRRLRLLRRRRR,TIMEOUT,-1,20000000,-1,0,0,223289,555,547,0
RRRLRLLRRRRL,TIMEOUT,-1,20000000,-1,0,0,118790,416,387,0
RRRLRLLRRRLR,TIMEOUT,-1,20000000,-1,0,0,115431,403,385,0
RRRLRLLRRRLL,TIMEOUT,-1,20000000,-1,0,0,120259,396,427,0
RRRLRLLRRLRR,TIMEOUT,-1,20000000,-1,0,0,107703,358,406,0
RRRLRLLRRLRL,TIMEOUT,-1,20000000,-1,0,0,131237,450,429,0
RRRLRLLRRLLR,TIMEOUT,-1,20000000,-1,0,0,140087,408,500,0
RRRLRLLRRLLL,TIMEOUT,-1,20000000,-1,0,0,122641,395,403,0
RRRLRLLRLRRR,TIMEOUT,-1,20000000,-1,0,0,116352,402,395,0
RRRLRLLRLRRL,TIMEOUT,-1,20000000,-1,0,0,148115,502,437,0
RRRLRLLRLRLR,TIMEOUT,-1,20000000,-1,0,0,144469,435,470,0
RRRLRLLRLRLL,TIMEOUT,-1,20000000,-1,0,0,156480,483,468,0
RRRLRLLRLLRR,TIMEOUT,-1,20000000,-1,0,0,144815,446,489,0
RRRLRLLRLLRL,HIGHWAY,34464,36864,46,1,1,2200,111,80,1
RRRLRLLRLLLR,TIMEOUT,-1,20000000,-1,0,0,189164,485,567,0
RRRLRLLRLLLL,TIMEOUT,-1,20000000,-1,0,0,168415,514,480,0
RRRLRLLLRRRR,TIMEOUT,-1,20000000,-1,0,0,5159,77,74,0
RRRLRLLLRRRL,TIMEOUT,-1,20000000,-1,0,0,98916,362,359,0
RRRLRLLLRRLR,TIMEOUT,-1,20000000,-1,0,0,114358,428,382,0
RRRLRLLLRRLL,TIMEOUT,-1,20000000,-1,0,0,116243,400,398,0
RRRLRLLLRLRR,TIMEOUT,-1,20000000,-1,0,0,100841,376,365,0
RRRLRLLLRLRL,HIGHWAY,2556231,2556928,208,-2,2,26189,184,196,1
RRRLRLLLRLLR,TIMEOUT,-1,20000000,-1,0,0,100771,402,355,0
RRRLRLLLRLLL,TIMEOUT,-1,20000000,-1,0,0,98089,368,353,0
RRRLRLLLLRRR,TIMEOUT,-1,20000000,-1,0,0,99825,344,401,0
RRRLRLLLLRRL,TIMEOUT,-1,20000000,-1,0,0,119766,416,375,0
RRRLRLLLLRLR,TIMEOUT,-1,20000000,-1,0,0,96834,344,357,0
RRRLRLLLLRLL,TIMEOUT,-1,20000000,-1,0,0,99063,356,363,0
RRRLRLLLLLRR,TIMEOUT,-1,20000000,-1,0,0,94313,357,325,0
RRRLRLLLLLRL,TIMEOUT,-1,20000000,-1,0,0,102550,354,352,0
RRRLRLLLLLLR,TIMEOUT,-1,20000000,-1,0,0,118518,350,366,0
RRRLRLLLLLLL,TIMEOUT,-1,20000000,-1,0,0,4490,67,68,0
RRRLLRRRRRRR,TIMEOUT,-1,20000000,-1,0,0,280,17,18,0
RRRLLRRRRRRL,TIMEOUT,-1,20000000,-1,0,0,55683,255,253,0
RRRLLRRRRRLR,TIMEOUT,-1,20000000,-1,0,0,60775,269,292,0
RRRLLRRRRRLL,TIMEOUT,-1,20000000,-1,0,0,696,28,29,0
RRRLLRRRRLRR,TIMEOUT,-1,20000000,-1,0,0,73703,294,312,0
RRRLLRRRRLRL,TIMEOUT,-1,20000000,-1,0,0,2978,60,63,0
RRRLLRRRRLLR,TIMEOUT,-1,20000000,-1,0,0,722,28,30,0
RRRLLRRRRLLL,TIMEOUT,-1,20000000,-1,0,0,62294,278,272,0
RRRLLRRRLRRR,HIGHWAY,17301,18432,312,-2,-2,748,38,40,1
RRRLLRRRLRRL,TIMEOUT,-1,20000000,-1,0,0,70345,292,327,0
RRRLLRRRLRLR,TIMEOUT,-1,20000000,-1,0,0,3143,64,65,0
RRRLLRRRLRLL,TIMEOUT,-1,20000000,-1,0,0,75801,306,305,0
RRRLLRRRLLRR,TIMEOUT,-1,20000000,-1,0,0,720,29,30,0
RRRLLRRRLLRL,TIMEOUT,-1,20000000,-1,0,0,64766,285,273,0
RRRLLRRRLLLR,TIMEOUT,-1,20000000,-1,0,0,109961,409,387,0
RRRLLRRRLLLL,TIMEOUT,-1,20000000,-1,0,0,3123,62,62,0
RRRLLRRLRRRR,OOB,-1,359363,-1,0,0,11838,1053,1056,0
RRRLLRRLRRRL,TIMEOUT,-1,20000000,-1,0,0,83450,338,334,0
RRRLLRRLRRLR,TIMEOUT,-1,20000000,-1,0,0,89890,363,337,0
RRRLLRRLRRLL,HIGHWAY,9708476,9709568,252,-2,-2,50443,265,275,1
RRRLLRRLRLRR,TIMEOUT,-1,20000000,-1,0,0,3360,64,65,0
RRRLLRRLRLRL,TIMEOUT,-1,20000000,-1,0,0,77203,301,330,0
RRRLLRRLRLLR,TIMEOUT,-1,20000000,-1,0,0,80337,302,320,0
RRRLLRRLRLLL,TIMEOUT,-1,20000000,-1,0,0,81932,324,346,0
RRRLLRRLLRRR,TIMEOUT,-1,20000000,-1,0,0,746,29,30,0
RRRLLRRLLRRL,TIMEOUT,-1,20000000,-1,0,0,71274,277,310,0
RRRLLRRLLRLR,TIMEOUT,-1,20000000,-1,0,0,71132,296,289,0
RRRLLRRLLRLL,TIMEOUT,-1,20000000,-1,0,0,3131,64,63,0
RRRLLRRLLLRR,TIMEOUT,-1,20000000,-1,0,0,78324,308,321,0
RRRLLRRLLLRL,TIMEOUT,-1,20000000,-1,0,0,71390,327,309,0
RRRLLRRLLLLR,TIMEOUT,-1,20000000,-1,0,0,32764,182,220,0
RRRLLRRLLLLL,TIMEOUT,-1,20000000,-1,0,0,69049,287,293,0
RRRLLRLRRRRR,HIGHWAY,1245784,1251328,324,2,2,13566,133,168,1
RRRLLRLRRRRL,HIGHWAY,129,2048,100,-2,2,375,44,44,1
RRRLLRLRRRLR,TIMEOUT,-1,20000000,-1,0,0,92693,369,364,0
RRRLLRLRRRLL,TIMEOUT,-1,20000000,-1,0,0,107895,392,382,0
RRRLLRLRRLRR,TIMEOUT,-1,20000000,-1,0,0,85664,356,324,0
RRRLLRLRRLRL,TIMEOUT,-1,20000000,-1,0,0,94527,364,340,0
RRRLLRLRRLLR,TIMEOUT,-1,20000000,-1,0,0,98377,337,395,0
RRRLLRLRRLLL,TIMEOUT,-1,20000000,-1,0,0,95109,362,352,0
RRRLLRLRLRRR,TIMEOUT,-1,20000000,-1,0,0,3941,65,66,0
RRRLLRLRLRRL,TIMEOUT,-1,20000000,-1,0,0,91136,359,342,0
RRRLLRLRLRLR,TIMEOUT,-1,20000000,-1,0,0,86148,323,364,0
RRRLLRLRLRLL,TIMEOUT,-1,20000000,-1,0,0,83745,351,320,0
RRRLLRLRLLRR,TIMEOUT,-1,20000000,-1,0,0,88969,327,342,0
RRRLLRLRLLRL,TIMEOUT,-1,20000000,-1,0,0,91224,344,351,0
RRRLLRLRLLLR,TIMEOUT,-1,20000000,-1,0,0,92009,359,312,0
RRRLLRLRLLLL,TIMEOUT,-1,20000000,-1,0,0,83040,304,344,0
RRRLLRLLRRRR,TIMEOUT,-1,20000000,-1,0,0,744,30,29,0
RRRLLRLLRRRL,TIMEOUT,-1,20000000,-1,0,0,71189,272,312,0
RRRLLRLLRRLR,HIGHWAY,6352647,6353920,130,1,-1,37263,210,239,1
RRRLLRLLRRLL,TIMEOUT,-1,20000000,-1,0,0,3237,64,64,0
RRRLLRLLRLRR,TIMEOUT,-1,20000000,-1,0,0,79888,301,325,0
RRRLLRLLRLRL,TIMEOUT,-1,20000000,-1,0,0,72571,302,313,0
RRRLLRLLRLLR,TIMEOUT,-1,20000000,-1,0,0,3342,65,64,0
RRRLLRLLRLLL,TIMEOUT,-1,20000000,-1,0,0,74238,295,319,0
RRRLLRLLLRRR,TIMEOUT,-1,20000000,-1,0,0,80292,328,309,0
RRRLLRLLLRRL,TIMEOUT,-1,20000000,-1,0,0,81578,322,325,0
RRRLLRLLLRLR,TIMEOUT,-1,20000000,-1,0,0,79251,321,330,0
RRRLLRLLLRLL,TIMEOUT,-1,20000000,-1,0,0,78637,315,295,0
RRRLLRLLLLRR,TIMEOUT,-1,20000000,-1,0,0,3505,68,65,0
RRRLLRLLLLRL,TIMEOUT,-1,20000000,-1,0,0,73885,309,320,0
RRRLLRLLLLLR,TIMEOUT,-1,20000000,-1,0,0,73473,315,303,0
RRRLLRLLLLLL,TIMEOUT,-1,20000000,-1,0,0,70474,301,295,0
RRRLLLRRRRRR,HIGHWAY,786683,788480,596,-2,2,10388,131,112,1
RRRLLLRRRRRL,TIMEOUT,-1,20000000,-1,0,0,115509,428,379,0
RRRLLLRRRRLR,TIMEOUT,-1,20000000,-1,0,0,115809,432,403,0
RRRLLLRRRRLL,TIMEOUT,-1,20000000,-1,0,0,109587,355,392,0
RRRLLLRRRLRR,HIGHWAY,99,1024,38,-1,1,198,30,30,1
RRRLLLRRRLRL,HIGHWAY,99,1024,38,-1,1,198,30,30,1
RRRLLLRRRLLR,HIGHWAY,99,1024,38,-1,1,198,30,30,1
RRRLLLRRRLLL,HIGHWAY,99,1024,38,-1,1,198,30,30,1
RRRLLLRRLRRR,TIMEOUT,-1,20000000,-1,0,0,80187,332,315,0
RRRLLLRRLRRL,HIGHWAY,574,5120,354,5,-5,748,78,78,1
RRRLLLRRLRLR,TIMEOUT,-1,20000000,-1,0,0,180140,571,438,0
RRRLLLRRLRLL,TIMEOUT,-1,20000000,-1,0,0,128939,406,410,0
RRRLLLRRLLRR,TIMEOUT,-1,20000000,-1,0,0,137196,428,458,0
RRRLLLRRLLRL,TIMEOUT,-1,20000000,-1,0,0,128814,417,416,0
RRRLLLRRLLLR,TIMEOUT,-1,20000000,-1,0,0,12239,139,129,0
RRRLLLRRLLLL,TIMEOUT,-1,20000000,-1,0,0,198300,486,542,0
RRRLLLRLRRRR,TIMEOUT,-1,20000000,-1,0,0,5190,77,74,0
RRRLLLRLRRRL,TIMEOUT,-1,20000000,-1,0,0,93971,358,345,0
RRRLLLRLRRLR,TIMEOUT,-1,20000000,-1,0,0,94648,387,320,0
RRRLLLRLRRLL,TIMEOUT,-1,20000000,-1,0,0,98546,356,383,0
RRRLLLRLRLRR,TIMEOUT,-1,20000000,-1,0,0,87726,362,321,0
RRRLLLRLRLRL,TIMEOUT,-1,20000000,-1,0,0,98106,357,354,0
RRRLLLRLRLLR,TIMEOUT,-1,20000000,-1,0,0,95388,352,347,0
RRRLLLRLRLLL,TIMEOUT,-1,20000000,-1,0,0,96235,339,357,0
RRRLLLRLLRRR,TIMEOUT,-1,20000000,-1,0,0,103715,380,352,0
RRRLLLRLLRRL,TIMEOUT,-1,20000000,-1,0,0,97929,362,353,0
RRRLLLRLLRLR,TIMEOUT,-1,20000000,-1,0,0,96708,358,358,0
RRRLLLRLLRLL,TIMEOUT,-1,20000000,-1,0,0,102915,366,357,0
RRRLLLRLLLRR,TIMEOUT,-1,20000000,-1,0,0,85738,343,325,0
RRRLLLRLLLRL,TIMEOUT,-1,20000000,-1,0,0,105239,350,392,0
RRRLLLRLLLLR,TIMEOUT,-1,20000000,-1,0,0,94923,334,343,0
RRRLLLRLLLLL,TIMEOUT,-1,20000000,-1,0,0,92979,339,334,0
RRRLLLLRRRRR,TIMEOUT,-1,20000000,-1,0,0,778,29,32,0
RRRLLLLRRRRL,TIMEOUT,-1,20000000,-1,0,0,70202,289,288,0
RRRLLLLRRRLR,TIMEOUT,-1,20000000,-1,0,0,77871,311,299,0
RRRLLLLRRRLL,TIMEOUT,-1,20000000,-1,0,0,3548,66,66,0
RRRLLLLRRLRR,TIMEOUT,-1,20000000,-1,0,0,81832,307,319,0
RRRLLLLRRLRL,TIMEOUT,-1,20000000,-1,0,0,76537,317,314,0
RRRLLLLRRLLR,TIMEOUT,-1,20000000,-1,0,0,49740,227,260,0
RRRLLLLRRLLL,TIMEOUT,-1,20000000,-1,0,0,86728,310,315,0
RRRLLLLRLRRR,TIMEOUT,-1,20000000,-1,0,0,81206,311,348,0
RRRLLLLRLRRL,TIMEOUT,-1,20000000,-1,0,0,83314,335,331,0
RRRLLLLRLRLR,TIMEOUT,-1,20000000,-1,0,0,81900,334,328,0
RRRLLLLRLRLL,TIMEOUT,-1,20000000,-1,0,0,83732,360,324,0
RRRLLLLRLLRR,TIMEOUT,-1,20000000,-1,0,0,3685,67,66,0
RRRLLLLRLLRL,TIMEOUT,-1,20000000,-1,0,0,79233,304,324,0
RRRLLLLRLLLR,TIMEOUT,-1,20000000,-1,0,0,74766,306,298,0
RRRLLLLRLLLL,TIMEOUT,-1,20000000,-1,0,0,80726,303,318,0
RRRLLLLLRRRR,TIMEOUT,-1,20000000,-1,0,0,78157,318,302,0
RRRLLLLLRRRL,TIMEOUT,-1,20000000,-1,0,0,108383,380,394,0
RRRLLLLLRRLR,TIMEOUT,-1,20000000,-1,0,0,5471,77,77,0
RRRLLLLLRRLL,TIMEOUT,-1,20000000,-1,0,0,97523,324,326,0
RRRLLLLLRLRR,TIMEOUT,-1,20000000,-1,0,0,83384,339,330,0
RRRLLLLLRLRL,TIMEOUT,-1,20000000,-1,0,0,83199,331,314,0
RRRLLLLLRLLR,TIMEOUT,-1,20000000,-1,0,0,76235,306,304,0
RRRLLLLLRLLL,TIMEOUT,-1,20000000,-1,0,0,82243,313,317,0
RRRLLLLLLRRR,TIMEOUT,-1,20000000,-1,0,0,188248,428,452,0
RRRLLLLLLRRL,TIMEOUT,-1,20000000,-1,0,0,115479,341,343,0
RRRLLLLLLRLR,TIMEOUT,-1,20000000,-1,0,0,72385,289,293,0
RRRLLLLLLRLL,TIMEOUT,-1,20000000,-1,0,0,73898,305,286,0
RRRLLLLLLLRR,TIMEOUT,-1,20000000,-1,0,0,103026,329,327,0
RRRLLLLLLLRL,TIMEOUT,-1,20000000,-1,0,0,4056,65,67,0
RRRLLLLLLLLR,TIMEOUT,-1,20000000,-1,0,0,1290,36,36,0
RRRLLLLLLLLL,TIMEOUT,-1,20000000,-1,0,0,89694,308,309,0
RRLRRRRRRRRR,TIMEOUT,-1,20000000,-1,0,0,83051,311,319,0
RRLRRRRRRRRL,TIMEOUT,-1,20000000,-1,0,0,3314686,1821,1823,0
RRLRRRRRRRLR,TIMEOUT,-1,20000000,-1,0,0,3326177,1825,1825,0
RRLRRRRRRRLL,TIMEOUT,-1,20000000,-1,0,0,3339013,1829,1828,0
RRLRRRRRRLRR,TIMEOUT,-1,20000000,-1,0,0,3339019,1829,1828,0
RRLRRRRRRLRL,TIMEOUT,-1,20000000,-1,0,0,3337817,1827,1829,0
RRLRRRRRRLLR,TIMEOUT,-1,20000000,-1,0,0,3339038,1829,1828,0
RRLRRRRRRLLL,TIMEOUT,-1,20000000,-1,0,0,3338971,1828,1829,0
RRLRRRRRLRRR,TIMEOUT,-1,20000000,-1,0,0,135378,439,398,0
RRLRRRRRLRRL,TIMEOUT,-1,20000000,-1,0,0,127561,412,429,0
RRLRRRRRLRLR,TIMEOUT,-1,20000000,-1,0,0,3339062,1828,1829,0
RRLRRRRRLRLL,TIMEOUT,-1,20000000,-1,0,0,3339051,1828,1829,0
RRLRRRRRLLRR,TIMEOUT,-1,20000000,-1,0,0,3338888,1829,1828,0
RRLRRRRRLLRL,TIMEOUT,-1,20000000,-1,0,0,3339099,1828,1829,0
RRLRRRRRLLLR,TIMEOUT,-1,20000000,-1,0,0,3339071,1828,1829,0
RRLRRRRRLLLL,TIMEOUT,-1,20000000,-1,0,0,3339075,1828,1829,0
RRLRRRRLRRRR,TIMEOUT,-1,20000000,-1,0,0,3335072,1829,1826,0
RRLRRRRLRRRL,TIMEOUT,-1,20000000,-1,0,0,155592,474,439,0
RRLRRRRLRRLR,TIMEOUT,-1,20000000,-1,0,0,167838,481,489,0
RRLRRRRLRRLL,TIMEOUT,-1,20000000,-1,0,0,149540,453,445,0
RRLRRRRLRLRR,TIMEOUT,-1,20000000,-1,0,0,135677,430,424,0
RRLRRRRLRLRL,TIMEOUT,-1,20000000,-1,0,0,134915,419,433,0
RRLRRRRLRLLR,TIMEOUT,-1,20000000,-1,0,0,142903,446,444,0
RRLRRRRLRLLL,TIMEOUT,-1,20000000,-1,0,0,132827,416,439,0
RRLRRRRLLRRR,TIMEOUT,-1,20000000,-1,0,0,3338926,1828,1829,0
RRLRRRRLLRRL,TIMEOUT,-1,20000000,-1,0,0,3338215,1829,1828,0
RRLRRRRLLRLR,TIMEOUT,-1,20000000,-1,0,0,3339098,1829,1828,0
RRLRRRRLLRLL,TIMEOUT,-1,20000000,-1,0,0,3338924,1829,1828,0
RRLRRRRLLLRR,TIMEOUT,-1,20000000,-1,0,0,3339075,1828,1829,0
RRLRRRRLLLRL,TIMEOUT,-1,20000000,-1,0,0,3341240,1827,1832,0
RRLRRRRLLLLR,TIMEOUT,-1,20000000,-1,0,0,3338635,1829,1828,0
RRLRRRRLLLLL,TIMEOUT,-1,20000000,-1,0,0,2608046,1612,1621,0
RRLRRRLRRRRR,TIMEOUT,-1,20000000,-1,0,0,76169,307,357,0
RRLRRRLRRRRL,TIMEOUT,-1,20000000,-1,0,0,140985,468,447,0
RRLRRRLRRRLR,OOB,-1,349235,-1,0,0,18886,979,1075,0
RRLRRRLRRRLL,TIMEOUT,-1,20000000,-1,0,0,131706,447,410,0
RRLRRRLRRLRR,TIMEOUT,-1,20000000,-1,0,0,171871,529,534,0
RRLRRRLRRLRL,TIMEOUT,-1,20000000,-1,0,0,193059,632,550,0
RRLRRRLRRLLR,TIMEOUT,-1,20000000,-1,0,0,137029,444,450,0
RRLRRRLRRLLL,TIMEOUT,-1,20000000,-1,0,0,146426,452,449,0
RRLRRRLRLRRR,TIMEOUT,-1,20000000,-1,0,0,204781,645,529,0
RRLRRRLRLRRL,HIGHWAY,14343140,14346240,952,-4,6,158931,438,511,1
RRLRRRLRLRLR,TIMEOUT,-1,20000000,-1,0,0,213545,622,560,0
RRLRRRLRLRLL,TIMEOUT,-1,20000000,-1,0,0,208875,578,535,0
RRLRRRLRLLRR,TIMEOUT,-1,20000000,-1,0,0,147472,496,424,0
RRLRRRLRLLRL,TIMEOUT,-1,20000000,-1,0,0,157250,442,500,0
RRLRRRLRLLLR,TIMEOUT,-1,20000000,-1,0,0,170338,519,504,0
RRLRRRLRLLLL,TIMEOUT,-1,20000000,-1,0,0,146373,446,442,0
RRLRRRLLRRRR,TIMEOUT,-1,20000000,-1,0,0,115514,378,386,0
RRLRRRLLRRRL,TIMEOUT,-1,20000000,-1,0,0,157538,477,478,0
RRLRRRLLRRLR,HIGHWAY,484861,486400,216,2,-2,12203,138,143,1
RRLRRRLLRRLL,TIMEOUT,-1,20000000,-1,0,0,139666,390,476,0
RRLRRRLLRLRR,TIMEOUT,-1,20000000,-1,0,0,167648,497,465,0
RRLRRRLLRLRL,TIMEOUT,-1,20000000,-1,0,0,182373,467,609,0
RRLRRRLLRLLR,TIMEOUT,-1,20000000,-1,0,0,175474,486,512,0
RRLRRRLLRLLL,TIMEOUT,-1,20000000,-1,0,0,176529,536,491,0
RRLRRRLLLRRR,HIGHWAY,705933,707584,244,-2,2,15564,156,157,1
RRLRRRLLLRRL,TIMEOUT,-1,20000000,-1,0,0,149242,445,447,0
RRLRRRLLLRLR,TIMEOUT,-1,20000000,-1,0,0,153936,499,445,0
RRLRRRLLLRLL,TIMEOUT,-1,20000000,-1,0,0,150834,489,419,0
RRLRRRLLLLRR,TIMEOUT,-1,20000000,-1,0,0,150289,417,410,0
RRLRRRLLLLRL,TIMEOUT,-1,20000000,-1,0,0,150869,445,445,0
RRLRRRLLLLLR,TIMEOUT,-1,20000000,-1,0,0,226941,498,507,0
RRLRRRLLLLLL,TIMEOUT,-1,20000000,-1,0,0,272910,543,552,0
RRLRRLRRRRRR,HIGHWAY,55,1024,18,1,-1,286,58,59,1
RRLRRLRRRRRL,HIGHWAY,55,1024,18,1,-1,286,58,59,1
RRLRRLRRRRLR,HIGHWAY,55,1024,18,1,-1,286,58,59,1
RRLRRLRRRRLL,HIGHWAY,55,1024,18,1,-1,286,58,59,1
RRLRRLRRRLRR,HIGHWAY,55,1024,18,1,-1,286,58,59,1
RRLRRLRRRLRL,HIGHWAY,55,1024,18,1,-1,286,58,59,1
RRLRRLRRRLLR,HIGHWAY,55,1024,18,1,-1,286,58,59,1
RRLRRLRRRLLL,HIGHWAY,55,1024,18,1,-1,286,58,59,1
RRLRRLRRLRRR,HIGHWAY,55,1024,18,1,-1,286,58,59,1
RRLRRLRRLRRL,HIGHWAY,55,1024,18,1,-1,286,58,59,1
RRLRRLRRLRLR,HIGHWAY,55,1024,18,1,-1,286,58,59,1
RRLRRLRRLRLL,HIGHWAY,55,1024,18,1,-1,286,58,59,1
RRLRRLRRLLRR,HIGHWAY,55,1024,18,1,-1,286,58,59,1
RRLRRLRRLLRL,HIGHWAY,55,1024,18,1,-1,286,58,59,1
RRLRRLRRLLLR,HIGHWAY,55,1024,18,1,-1,286,58,59,1
RRLRRLRRLLLL,HIGHWAY,55,1024,18,1,-1,286,58,59,1
RRLRRLRLRRRR,HIGHWAY,55,1024,18,1,-1,286,58,59,1
RRLRRLRLRRRL,HIGHWAY,55,1024,18,1,-1,286,58,59,1
RRLRRLRLRRLR,HIGHWAY,55,1024,18,1,-1,286,58,59,1
RRLRRLRLRRLL,HIGHWAY,55,1024,18,1,-1,286,58,59,1
RRLRRLRLRLRR,HIGHWAY,55,1024,18,1,-1,286,58,59,1
RRLRRLRLRLRL,HIGHWAY,55,1024,18,1,-1,286,58,59,1
RRLRRLRLRLLR,HIGHWAY,55,1024,18,1,-1,286,58,59,1
RRLRRLRLRLLL,HIGHWAY,55,1024,18,1,-1,286,58,59,1
RRLRRLRLLRRR,HIGHWAY,55,1024,18,1,-1,286,58,59,1
RRLRRLRLLRRL,HIGHWAY,55,1024,18,1,-1,286,58,59,1
RRLRRLRLLRLR,HIGHWAY,55,1024,18,1,-1,286,58,59,1
RRLRRLRLLRLL,HIGHWAY,55,1024,18,1,-1,286,58,59,1
RRLRRLRLLLRR,HIGHWAY,55,1024,18,1,-1,286,58,59,1
RRLRRLRLLLRL,HIGHWAY,55,1024,18,1,-1,286,58,59,1
RRLRRLRLLLLR,HIGHWAY,55,1024,18,1,-1,286,58,59,1
RRLRRLRLLLLL,HIGHWAY,55,1024,18,1,-1,286,58,59,1
RRLRRLLRRRRR,HIGHWAY,55,1024,18,1,-1,286,58,59,1
RRLRRLLRRRRL,HIGHWAY,55,1024,18,1,-1,286,58,59,1
RRLRRLLRRRLR,HIGHWAY,55,1024,18,1,-1,286,58,59,1
RRLRRLLRRRLL,HIGHWAY,55,1024,18,1,-1,286,58,59,1
RRLRRLLRRLRR,HIGHWAY,55,1024,18,1,-1,286,58,59,1
RRLRRLLRRLRL,HIGHWAY,55,1024,18,1,-1,286,58,59,1
RRLRRLLRRLLR,HIGHWAY,55,1024,18,1,-1,286,58,59,1
RRLRRLLRRLLL,HIGHWAY,55,1024,18,1,-1,286,58,59,1
RRLRRLLRLRRR,HIGHWAY,55,1024,18,1,-1,286,58,59,1
RRLRRLLRLRRL,HIGHWAY,55,1024,18,1,-1,286,58,59,1
RRLRRLLRLRLR,HIGHWAY,55,1024,18,1,-1,286,58,59,1
RRLRRLLRLRLL,HIGHWAY,55,1024,18,1,-1,286,58,59,1
RRLRRLLRLLRR,HIGHWAY,55,1024,18,1,-1,286,58,59,1
RRLRRLLRLLRL,HIGHWAY,55,1024,18,1,-1,286,58,59,1
RRLRRLLRLLLR,HIGHWAY,55,1024,18,1,-1,286,58,59,1
RRLRRLLRLLLL,HIGHWAY,55,1024,18,1,-1,286,58,59,1
RRLRRLLLRRRR,HIGHWAY,55,1024,18,1,-1,286,58,59,1
RRLRRLLLRRRL,HIGHWAY,55,1024,18,1,-1,286,58,59,1
RRLRRLLLRRLR,HIGHWAY,55,1024,18,1,-1,286,58,59,1
RRLRRLLLRRLL,HIGHWAY,55,1024,18,1,-1,286,58,59,1
RRLRRLLLRLRR,HIGHWAY,55,1024,18,1,-1,286,58,59,1
RRLRRLLLRLRL,HIGHWAY,55,1024,18,1,-1,286,58,59,1
RRLRRLLLRLLR,HIGHWAY,55,1024,18,1,-1,286,58,59,1
RRLRRLLLRLLL,HIGHWAY,55,1024,18,1,-1,286,58,59,1
RRLRRLLLLRRR,HIGHWAY,55,1024,18,1,-1,286,58,59,1
RRLRRLLLLRRL,HIGHWAY,55,1024,18,1,-1,286,58,59,1
RRLRRLLLLRLR,HIGHWAY,55,1024,18,1,-1,286,58,59,1
RRLRRLLLLRLL,HIGHWAY,55,1024,18,1,-1,286,58,59,1
RRLRRLLLLLRR,HIGHWAY,55,1024,18,1,-1,286,58,59,1
RRLRRLLLLLRL,HIGHWAY,55,1024,18,1,-1,286,58,59,1
RRLRRLLLLLLR,HIGHWAY,55,1024,18,1,-1,286,58,59,1
RRLRRLLLLLLL,HIGHWAY,55,1024,18,1,-1,286,58,59,1
RRLRLRRRRRRR,TIMEOUT,-1,20000000,-1,0,0,1000,32,32,0
RRLRLRRRRRRL,TIMEOUT,-1,20000000,-1,0,0,125375,400,362,0
RRLRLRRRRRLR,TIMEOUT,-1,20000000,-1,0,0,106792,374,378,0
RRLRLRRRRRLL,TIMEOUT,-1,20000000,-1,0,0,5025,74,72,0
RRLRLRRRRLRR,TIMEOUT,-1,20000000,-1,0,0,127926,438,406,0
RRLRLRRRRLRL,OOB,-1,4541977,-1,0,0,323230,1037,1114,0
RRLRLRRRRLLR,TIMEOUT,-1,20000000,-1,0,0,5831,78,82,0
RRLRLRRRRLLL,TIMEOUT,-1,20000000,-1,0,0,118417,381,387,0
RRLRLRRRLRRR,TIMEOUT,-1,20000000,-1,0,0,125951,416,439,0
RRLRLRRRLRRL,TIMEOUT,-1,20000000,-1,0,0,123579,398,399,0
RRLRLRRRLRLR,TIMEOUT,-1,20000000,-1,0,0,130968,403,440,0
RRLRLRRRLRLL,TIMEOUT,-1,20000000,-1,0,0,132227,444,416,0
RRLRLRRRLLRR,TIMEOUT,-1,20000000,-1,0,0,11150,112,124,0
RRLRLRRRLLRL,TIMEOUT,-1,20000000,-1,0,0,131884,446,424,0
RRLRLRRRLLLR,TIMEOUT,-1,20000000,-1,0,0,130603,429,416,0
RRLRLRRRLLLL,TIMEOUT,-1,20000000,-1,0,0,119813,390,402,0
RRLRLRRLRRRR,HIGHWAY,48717,50176,156,2,2,2359,67,73,1
RRLRLRRLRRRL,TIMEOUT,-1,20000000,-1,0,0,128694,441,430,0
RRLRLRRLRRLR,TIMEOUT,-1,20000000,-1,0,0,129480,482,454,0
RRLRLRRLRRLL,TIMEOUT,-1,20000000,-1,0,0,131571,413,435,0
RRLRLRRLRLRR,TIMEOUT,-1,20000000,-1,0,0,151976,502,428,0
RRLRLRRLRLRL,TIMEOUT,-1,20000000,-1,0,0,149590,472,464,0
RRLRLRRLRLLR,TIMEOUT,-1,20000000,-1,0,0,145703,464,444,0
RRLRLRRLRLLL,TIMEOUT,-1,20000000,-1,0,0,133142,430,426,0
RRLRLRRLLRRR,HIGHWAY,44868,47104,312,-2,-2,2275,55,78,1
RRLRLRRLLRRL,TIMEOUT,-1,20000000,-1,0,0,145908,445,429,0
RRLRLRRLLRLR,TIMEOUT,-1,20000000,-1,0,0,151225,419,509,0
RRLRLRRLLRLL,TIMEOUT,-1,20000000,-1,0,0,149147,472,442,0
RRLRLRRLLLRR,TIMEOUT,-1,20000000,-1,0,0,134827,419,459,0
RRLRLRRLLLRL,TIMEOUT,-1,20000000,-1,0,0,138920,438,428,0
RRLRLRRLLLLR,TIMEOUT,-1,20000000,-1,0,0,143484,407,425,0
RRLRLRRLLLLL,TIMEOUT,-1,20000000,-1,0,0,168715,418,418,0
RRLRLRLRRRRR,TIMEOUT,-1,20000000,-1,0,0,115896,381,377,0
RRLRLRLRRRRL,TIMEOUT,-1,20000000,-1,0,0,115180,432,387,0
RRLRLRLRRRLR,TIMEOUT,-1,20000000,-1,0,0,115147,413,377,0
RRLRLRLRRRLL,TIMEOUT,-1,20000000,-1,0,0,115807,405,417,0
RRLRLRLRRLRR,TIMEOUT,-1,20000000,-1,0,0,131081,401,470,0
RRLRLRLRRLRL,TIMEOUT,-1,20000000,-1,0,0,139112,468,459,0
RRLRLRLRRLLR,TIMEOUT,-1,20000000,-1,0,0,132254,456,398,0
RRLRLRLRRLLL,TIMEOUT,-1,20000000,-1,0,0,128793,412,420,0
RRLRLRLRLRRR,HIGHWAY,16104012,16106496,184,2,2,121014,379,466,1
RRLRLRLRLRRL,TIMEOUT,-1,20000000,-1,0,0,151912,453,487,0
RRLRLRLRLRLR,TIMEOUT,-1,20000000,-1,0,0,158625,468,479,0
RRLRLRLRLRLL,TIMEOUT,-1,20000000,-1,0,0,156366,498,463,0
RRLRLRLRLLRR,TIMEOUT,-1,20000000,-1,0,0,143243,430,486,0
RRLRLRLRLLRL,TIMEOUT,-1,20000000,-1,0,0,152236,443,464,0
RRLRLRLRLLLR,TIMEOUT,-1,20000000,-1,0,0,148874,436,483,0
RRLRLRLRLLLL,TIMEOUT,-1,20000000,-1,0,0,162302,503,440,0
RRLRLRLLRRRR,TIMEOUT,-1,20000000,-1,0,0,9424,124,121,0
RRLRLRLLRRRL,TIMEOUT,-1,20000000,-1,0,0,134393,497,413,0
RRLRLRLLRRLR,TIMEOUT,-1,20000000,-1,0,0,143472,419,536,0
RRLRLRLLRRLL,TIMEOUT,-1,20000000,-1,0,0,159010,467,476,0
RRLRLRLLRLRR,TIMEOUT,-1,20000000,-1,0,0,156548,520,488,0
RRLRLRLLRLRL,TIMEOUT,-1,20000000,-1,0,0,160619,494,482,0
RRLRLRLLRLLR,TIMEOUT,-1,20000000,-1,0,0,145445,496,420,0
RRLRLRLLRLLL,TIMEOUT,-1,20000000,-1,0,0,135730,455,435,0
RRLRLRLLLRRR,TIMEOUT,-1,20000000,-1,0,0,135019,433,421,0
RRLRLRLLLRRL,TIMEOUT,-1,20000000,-1,0,0,148816,506,464,0
RRLRLRLLLRLR,TIMEOUT,-1,20000000,-1,0,0,162898,469,514,0
RRLRLRLLLRLL,TIMEOUT,-1,20000000,-1,0,0,149093,501,473,0
RRLRLRLLLLRR,TIMEOUT,-1,20000000,-1,0,0,131926,430,424,0
RRLRLRLLLLRL,TIMEOUT,-1,20000000,-1,0,0,152909,429,518,0
RRLRLRLLLLLR,TIMEOUT,-1,20000000,-1,0,0,139983,436,438,0
RRLRLRLLLLLL,TIMEOUT,-1,20000000,-1,0,0,5718,92,83,0
RRLRLLRRRRRR,OOB,-1,12500094,-1,0,0,2099702,2042,2032,0
RRLRLLRRRRRL,OOB,-1,112779,-1,0,0,17442,1040,1031,0
RRLRLLRRRRLR,OOB,-1,126058,-1,0,0,18073,1044,1041,0
RRLRLLRRRRLL,OOB,-1,903414,-1,0,0,90630,1097,1016,0
RRLRLLRRRLRR,OOB,-1,6302600,-1,0,0,83294,1176,1130,0
RRLRLLRRRLRL,OOB,-1,2604289,-1,0,0,50962,1086,1123,0
RRLRLLRRRLLR,OOB,-1,114315,-1,0,0,17724,1047,1038,0
RRLRLLRRRLLL,OOB,-1,1042404,-1,0,0,39273,1095,1076,0
RRLRLLRRLRRR,TIMEOUT,-1,20000000,-1,0,0,156216,455,447,0
RRLRLLRRLRRL,TIMEOUT,-1,20000000,-1,0,0,158905,438,435,0
RRLRLLRRLRLR,TIMEOUT,-1,20000000,-1,0,0,143831,408,466,0
RRLRLLRRLRLL,TIMEOUT,-1,20000000,-1,0,0,157999,437,481,0
RRLRLLRRLLRR,TIMEOUT,-1,20000000,-1,0,0,184173,439,488,0
RRLRLLRRLLRL,TIMEOUT,-1,20000000,-1,0,0,184164,429,501,0
RRLRLLRRLLLR,TIMEOUT,-1,20000000,-1,0,0,268989,524,522,0
RRLRLLRRLLLL,TIMEOUT,-1,20000000,-1,0,0,135113,374,370,0
RRLRLLRLRRRR,HIGHWAY,117599,121856,1272,6,-6,4703,99,99,1
RRLRLLRLRRRL,TIMEOUT,-1,20000000,-1,0,0,147357,433,436,0
RRLRLLRLRRLR,TIMEOUT,-1,20000000,-1,0,0,153144,417,473,0
RRLRLLRLRRLL,TIMEOUT,-1,20000000,-1,0,0,148377,444,436,0
RRLRLLRLRLRR,TIMEOUT,-1,20000000,-1,0,0,147348,463,444,0
RRLRLLRLRLRL,TIMEOUT,-1,20000000,-1,0,0,152163,445,422,0
RRLRLLRLRLLR,TIMEOUT,-1,20000000,-1,0,0,147165,456,444,0
RRLRLLRLRLLL,TIMEOUT,-1,20000000,-1,0,0,153640,425,466,0
RRLRLLRLLRRR,TIMEOUT,-1,20000000,-1,0,0,150890,524,421,0
RRLRLLRLLRRL,TIMEOUT,-1,20000000,-1,0,0,156922,448,479,0
RRLRLLRLLRLR,TIMEOUT,-1,20000000,-1,0,0,156644,541,431,0
RRLRLLRLLRLL,TIMEOUT,-1,20000000,-1,0,0,153624,510,437,0
RRLRLLRLLLRR,TIMEOUT,-1,20000000,-1,0,0,141427,446,412,0
RRLRLLRLLLRL,TIMEOUT,-1,20000000,-1,0,0,143172,430,455,0
RRLRLLRLLLLR,TIMEOUT,-1,20000000,-1,0,0,137180,401,439,0
RRLRLLRLLLLL,TIMEOUT,-1,20000000,-1,0,0,172820,440,463,0
RRLRLLLRRRRR,TIMEOUT,-1,20000000,-1,0,0,10664,104,104,0
RRLRLLLRRRRL,TIMEOUT,-1,20000000,-1,0,0,184602,452,424,0
RRLRLLLRRRLR,TIMEOUT,-1,20000000,-1,0,0,209396,466,472,0
RRLRLLLRRRLL,TIMEOUT,-1,20000000,-1,0,0,216160,481,462,0
RRLRLLLRRLRR,TIMEOUT,-1,20000000,-1,0,0,160150,421,396,0
RRLRLLLRRLRL,TIMEOUT,-1,20000000,-1,0,0,195450,448,450,0
RRLRLLLRRLLR,TIMEOUT,-1,20000000,-1,0,0,165414,412,406,0
RRLRLLLRRLLL,TIMEOUT,-1,20000000,-1,0,0,106806,324,336,0
RRLRLLLRLRRR,TIMEOUT,-1,20000000,-1,0,0,288592,558,532,0
RRLRLLLRLRRL,TIMEOUT,-1,20000000,-1,0,0,292948,568,539,0
RRLRLLLRLRLR,TIMEOUT,-1,20000000,-1,0,0,207700,468,459,0
RRLRLLLRLRLL,TIMEOUT,-1,20000000,-1,0,0,269640,510,557,0
RRLRLLLRLLRR,TIMEOUT,-1,20000000,-1,0,0,172970,434,493,0
RRLRLLLRLLRL,TIMEOUT,-1,20000000,-1,0,0,164035,443,457,0
RRLRLLLRLLLR,TIMEOUT,-1,20000000,-1,0,0,176868,506,474,0
RRLRLLLRLLLL,TIMEOUT,-1,20000000,-1,0,0,238585,508,537,0
RRLRLLLLRRRR,TIMEOUT,-1,20000000,-1,0,0,145437,376,398,0
RRLRLLLLRRRL,TIMEOUT,-1,20000000,-1,0,0,2136580,1460,1467,0
RRLRLLLLRRLR,TIMEOUT,-1,20000000,-1,0,0,125128,360,352,0
RRLRLLLLRRLL,TIMEOUT,-1,20000000,-1,0,0,193356,438,444,0
RRLRLLLLRLRR,TIMEOUT,-1,20000000,-1,0,0,158625,392,414,0
RRLRLLLLRLRL,TIMEOUT,-1,20000000,-1,0,0,198237,458,442,0
RRLRLLLLRLLR,TIMEOUT,-1,20000000,-1,0,0,195052,444,452,0
RRLRLLLLRLLL,TIMEOUT,-1,20000000,-1,0,0,263663,524,514,0
RRLRLLLLLRRR,TIMEOUT,-1,20000000,-1,0,0,130946,362,364,0
RRLRLLLLLRRL,TIMEOUT,-1,20000000,-1,0,0,509047,718,716,0
RRLRLLLLLRLR,TIMEOUT,-1,20000000,-1,0,0,161927,402,404,0
RRLRLLLLLRLL,TIMEOUT,-1,20000000,-1,0,0,139426,378,372,0
RRLRLLLLLLRR,TIMEOUT,-1,20000000,-1,0,0,190096,436,436,0
RRLRLLLLLLRL,TIMEOUT,-1,20000000,-1,0,0,108080,332,328,0
RRLRLLLLLLLR,TIMEOUT,-1,20000000,-1,0,0,3892,64,62,0
RRLRLLLLLLLL,TIMEOUT,-1,20000000,-1,0,0,141577,378,378,0
RRLLRRRRRRRR,TIMEOUT,-1,20000000,-1,0,0,294,17,18,0
RRLLRRRRRRRL,TIMEOUT,-1,20000000,-1,0,0,60624,267,290,0
RRLLRRRRRRLR,TIMEOUT,-1,20000000,-1,0,0,64380,304,275,0
RRLLRRRRRRLL,TIMEOUT,-1,20000000,-1,0,0,762,29,30,0
RRLLRRRRRLRR,TIMEOUT,-1,20000000,-1,0,0,72164,309,304,0
RRLLRRRRRLRL,TIMEOUT,-1,20000000,-1,0,0,3079,61,62,0
RRLLRRRRRLLR,TIMEOUT,-1,20000000,-1,0,0,749,30,30,0
RRLLRRRRRLLL,TIMEOUT,-1,20000000,-1,0,0,62721,266,283,0
RRLLRRRRLRRR,TIMEOUT,-1,20000000,-1,0,0,91606,368,361,0
RRLLRRRRLRRL,TIMEOUT,-1,20000000,-1,0,0,77249,327,341,0
RRLLRRRRLRLR,TIMEOUT,-1,20000000,-1,0,0,3202,64,63,0
RRLLRRRRLRLL,TIMEOUT,-1,20000000,-1,0,0,77007,287,341,0
RRLLRRRRLLRR,TIMEOUT,-1,20000000,-1,0,0,790,29,32,0
RRLLRRRRLLRL,TIMEOUT,-1,20000000,-1,0,0,64585,294,270,0
RRLLRRRRLLLR,TIMEOUT,-1,20000000,-1,0,0,71858,316,285,0
RRLLRRRRLLLL,TIMEOUT,-1,20000000,-1,0,0,29462,169,206,0
RRLLRRRLRRRR,OOB,-1,14840038,-1,0,0,86713,1211,1103,0
RRLLRRRLRRRL,TIMEOUT,-1,20000000,-1,0,0,88068,360,362,0
RRLLRRRLRRLR,TIMEOUT,-1,20000000,-1,0,0,93384,357,401,0
RRLLRRRLRRLL,TIMEOUT,-1,20000000,-1,0,0,91881,344,359,0
RRLLRRRLRLRR,TIMEOUT,-1,20000000,-1,0,0,3501,67,67,0
RRLLRRRLRLRL,TIMEOUT,-1,20000000,-1,0,0,85507,329,340,0
RRLLRRRLRLLR,TIMEOUT,-1,20000000,-1,0,0,88691,339,325,0
RRLLRRRLRLLL,HIGHWAY,3354101,3354624,172,0,2,26437,185,196,1
RRLLRRRLLRRR,TIMEOUT,-1,20000000,-1,0,0,815,31,31,0
RRLLRRRLLRRL,TIMEOUT,-1,20000000,-1,0,0,77929,312,315,0
RRLLRRRLLRLR,TIMEOUT,-1,20000000,-1,0,0,82130,318,326,0
RRLLRRRLLRLL,TIMEOUT,-1,20000000,-1,0,0,3360,65,64,0
RRLLRRRLLLRR,TIMEOUT,-1,20000000,-1,0,0,94198,337,350,0
RRLLRRRLLLRL,TIMEOUT,-1,20000000,-1,0,0,83577,346,317,0
RRLLRRRLLLLR,TIMEOUT,-1,20000000,-1,0,0,3570,66,68,0
RRLLRRRLLLLL,TIMEOUT,-1,20000000,-1,0,0,76696,303,291,0
RRLLRRLRRRRR,HIGHWAY,9256187,9256960,250,-3,3,52863,255,277,1
RRLLRRLRRRRL,TIMEOUT,-1,20000000,-1,0,0,98339,370,345,0
RRLLRRLRRRLR,HIGHWAY,1929,2048,46,1,1,223,16,18,1
RRLLRRLRRRLL,TIMEOUT,-1,20000000,-1,0,0,107665,399,392,0
RRLLRRLRRLRR,TIMEOUT,-1,20000000,-1,0,0,101777,345,425,0
RRLLRRLRRLRL,TIMEOUT,-1,20000000,-1,0,0,105568,365,407,0
RRLLRRLRRLLR,TIMEOUT,-1,20000000,-1,0,0,95448,349,351,0
RRLLRRLRRLLL,TIMEOUT,-1,20000000,-1,0,0,7045,88,96,0
RRLLRRLRLRRR,TIMEOUT,-1,20000000,-1,0,0,3905,69,69,0
RRLLRRLRLRRL,TIMEOUT,-1,20000000,-1,0,0,97284,371,362,0
RRLLRRLRLRLR,TIMEOUT,-1,20000000,-1,0,0,99927,381,371,0
RRLLRRLRLRLL,TIMEOUT,-1,20000000,-1,0,0,93724,401,337,0
RRLLRRLRLLRR,TIMEOUT,-1,20000000,-1,0,0,93543,365,353,0
RRLLRRLRLLRL,TIMEOUT,-1,20000000,-1,0,0,98149,347,387,0
RRLLRRLRLLLR,TIMEOUT,-1,20000000,-1,0,0,96364,363,367,0
RRLLRRLRLLLL,TIMEOUT,-1,20000000,-1,0,0,89357,347,355,0
RRLLRRLLRRRR,TIMEOUT,-1,20000000,-1,0,0,848,30,32,0
RRLLRRLLRRRL,TIMEOUT,-1,20000000,-1,0,0,82004,313,315,0
RRLLRRLLRRLR,TIMEOUT,-1,20000000,-1,0,0,94058,370,328,0
RRLLRRLLRRLL,TIMEOUT,-1,20000000,-1,0,0,39030,200,238,0
RRLLRRLLRLRR,HIGHWAY,200963,201728,136,2,-2,4291,77,74,1
RRLLRRLLRLRL,TIMEOUT,-1,20000000,-1,0,0,90151,337,359,0
RRLLRRLLRLLR,TIMEOUT,-1,20000000,-1,0,0,3568,68,68,0
RRLLRRLLRLLL,TIMEOUT,-1,20000000,-1,0,0,82823,320,326,0
RRLLRRLLLRRR,HIGHWAY,387081,394240,168,2,2,7775,176,147,1
RRLLRRLLLRRL,TIMEOUT,-1,20000000,-1,0,0,6271,95,86,0
RRLLRRLLLRLR,TIMEOUT,-1,20000000,-1,0,0,98219,383,367,0
RRLLRRLLLRLL,TIMEOUT,-1,20000000,-1,0,0,92299,344,336,0
RRLLRRLLLLRR,TIMEOUT,-1,20000000,-1,0,0,82370,304,346,0
RRLLRRLLLLRL,TIMEOUT,-1,20000000,-1,0,0,89042,336,375,0
RRLLRRLLLLLR,TIMEOUT,-1,20000000,-1,0,0,92248,349,353,0
RRLLRRLLLLLL,TIMEOUT,-1,20000000,-1,0,0,1200,36,36,0
RRLLRLRRRRRR,TIMEOUT,-1,20000000,-1,0,0,88545,316,325,0
RRLLRLRRRRRL,HIGHWAY,13544973,13545472,54,-1,1,74865,340,309,1
RRLLRLRRRRLR,TIMEOUT,-1,20000000,-1,0,0,95668,352,369,0
RRLLRLRRRRLL,HIGHWAY,2762753,2770944,108,2,2,29592,646,688,0
RRLLRLRRRLRR,HIGHWAY,511,1024,42,-1,1,188,21,22,1
RRLLRLRRRLRL,HIGHWAY,2504,3072,42,1,1,376,32,32,1
RRLLRLRRRLLR,HIGHWAY,297,1024,42,1,-1,221,25,27,1
RRLLRLRRRLLL,HIGHWAY,7448,8192,42,1,1,696,45,41,1
RRLLRLRRLRRR,TIMEOUT,-1,20000000,-1,0,0,96057,358,399,0
RRLLRLRRLRRL,TIMEOUT,-1,20000000,-1,0,0,109824,385,404,0
RRLLRLRRLRLR,TIMEOUT,-1,20000000,-1,0,0,118592,388,411,0
RRLLRLRRLRLL,TIMEOUT,-1,20000000,-1,0,0,105070,394,392,0
RRLLRLRRLLRR,TIMEOUT,-1,20000000,-1,0,0,106084,348,415,0
RRLLRLRRLLRL,TIMEOUT,-1,20000000,-1,0,0,113103,378,408,0
RRLLRLRRLLLR,TIMEOUT,-1,20000000,-1,0,0,101520,386,401,0
RRLLRLRRLLLL,TIMEOUT,-1,20000000,-1,0,0,107053,400,379,0
RRLLRLRLRRRR,TIMEOUT,-1,20000000,-1,0,0,19146,201,204,0
RRLLRLRLRRRL,TIMEOUT,-1,20000000,-1,0,0,104505,401,396,0
RRLLRLRLRRLR,TIMEOUT,-1,20000000,-1,0,0,104762,373,385,0
RRLLRLRLRRLL,TIMEOUT,-1,20000000,-1,0,0,107207,363,420,0
RRLLRLRLRLRR,TIMEOUT,-1,20000000,-1,0,0,93272,342,360,0
RRLLRLRLRLRL,HIGHWAY,1840506,1841152,78,1,1,20875,180,163,1
RRLLRLRLRLLR,TIMEOUT,-1,20000000,-1,0,0,102833,414,389,0
RRLLRLRLRLLL,TIMEOUT,-1,20000000,-1,0,0,104083,396,394,0
RRLLRLRLLRRR,HIGHWAY,122448,122880,46,-1,1,3455,75,78,1
RRLLRLRLLRRL,HIGHWAY,54889,56320,46,1,-1,2375,81,75,1
RRLLRLRLLRLR,HIGHWAY,18273,19456,58,-1,-1,1137,46,56,1
RRLLRLRLLRLL,TIMEOUT,-1,20000000,-1,0,0,109924,392,368,0
RRLLRLRLLLRR,TIMEOUT,-1,20000000,-1,0,0,111527,409,386,0
RRLLRLRLLLRL,TIMEOUT,-1,20000000,-1,0,0,108362,372,379,0
RRLLRLRLLLLR,TIMEOUT,-1,20000000,-1,0,0,105753,363,381,0
RRLLRLRLLLLL,TIMEOUT,-1,20000000,-1,0,0,5926,85,90,0
RRLLRLLRRRRR,TIMEOUT,-1,20000000,-1,0,0,846,33,31,0
RRLLRLLRRRRL,TIMEOUT,-1,20000000,-1,0,0,83543,326,317,0
RRLLRLLRRRLR,TIMEOUT,-1,20000000,-1,0,0,97671,374,367,0
RRLLRLLRRRLL,TIMEOUT,-1,20000000,-1,0,0,3777,71,72,0
RRLLRLLRRLRR,TIMEOUT,-1,20000000,-1,0,0,105599,362,392,0
RRLLRLLRRLRL,TIMEOUT,-1,20000000,-1,0,0,97117,360,382,0
RRLLRLLRRLLR,TIMEOUT,-1,20000000,-1,0,0,3784,71,71,0
RRLLRLLRRLLL,TIMEOUT,-1,20000000,-1,0,0,94367,367,350,0
RRLLRLLRLRRR,TIMEOUT,-1,20000000,-1,0,0,100505,362,373,0
RRLLRLLRLRRL,TIMEOUT,-1,20000000,-1,0,0,102105,366,359,0
RRLLRLLRLRLR,TIMEOUT,-1,20000000,-1,0,0,100022,372,366,0
RRLLRLLRLRLL,TIMEOUT,-1,20000000,-1,0,0,103165,370,369,0
RRLLRLLRLLRR,TIMEOUT,-1,20000000,-1,0,0,4114,75,74,0
RRLLRLLRLLRL,TIMEOUT,-1,20000000,-1,0,0,98054,376,360,0
RRLLRLLRLLLR,TIMEOUT,-1,20000000,-1,0,0,97400,356,355,0
RRLLRLLRLLLL,TIMEOUT,-1,20000000,-1,0,0,101053,360,357,0
RRLLRLLLRRRR,TIMEOUT,-1,20000000,-1,0,0,129926,394,498,0
RRLLRLLLRRRL,TIMEOUT,-1,20000000,-1,0,0,97058,370,352,0
RRLLRLLLRRLR,TIMEOUT,-1,20000000,-1,0,0,93638,344,358,0
RRLLRLLLRRLL,TIMEOUT,-1,20000000,-1,0,0,97461,354,366,0
RRLLRLLLRLRR,TIMEOUT,-1,20000000,-1,0,0,100222,382,367,0
RRLLRLLLRLRL,TIMEOUT,-1,20000000,-1,0,0,97601,348,374,0
RRLLRLLLRLLR,TIMEOUT,-1,20000000,-1,0,0,97496,400,346,0
RRLLRLLLRLLL,TIMEOUT,-1,20000000,-1,0,0,99747,357,390,0
RRLLRLLLLRRR,TIMEOUT,-1,20000000,-1,0,0,4236,74,73,0
RRLLRLLLLRRL,TIMEOUT,-1,20000000,-1,0,0,101089,361,384,0
RRLLRLLLLRLR,TIMEOUT,-1,20000000,-1,0,0,93008,362,342,0
RRLLRLLLLRLL,TIMEOUT,-1,20000000,-1,0,0,93915,352,371,0
RRLLRLLLLLRR,TIMEOUT,-1,20000000,-1,0,0,94163,359,335,0
RRLLRLLLLLRL,TIMEOUT,-1,20000000,-1,0,0,98566,380,367,0
RRLLRLLLLLLR,TIMEOUT,-1,20000000,-1,0,0,100548,368,367,0
RRLLRLLLLLLL,TIMEOUT,-1,20000000,-1,0,0,2010532,1888,1879,0
RRLLLRRRRRRR,HIGHWAY,4416,8192,272,2,-2,648,48,49,1
RRLLLRRRRRRL,HIGHWAY,10653,12288,144,-2,2,890,52,48,1
RRLLLRRRRRLR,OOB,-1,12041896,-1,0,0,1002239,1988,1049,0
RRLLLRRRRRLL,TIMEOUT,-1,20000000,-1,0,0,115772,360,368,0
RRLLLRRRRLRR,OOB,-1,177454,-1,0,0,13395,1053,1035,0
RRLLLRRRRLRL,TIMEOUT,-1,20000000,-1,0,0,120931,425,400,0
RRLLLRRRRLLR,HIGHWAY,245413,249856,208,-2,2,8343,135,100,1
RRLLLRRRRLLL,HIGHWAY,1673,2048,120,2,-2,281,24,25,1
RRLLLRRRLRRR,HIGHWAY,1164553,1165312,244,2,0,13903,150,136,1
RRLLLRRRLRRL,TIMEOUT,-1,20000000,-1,0,0,126937,421,423,0
RRLLLRRRLRLR,TIMEOUT,-1,20000000,-1,0,0,140155,455,437,0
RRLLLRRRLRLL,TIMEOUT,-1,20000000,-1,0,0,114102,374,398,0
RRLLLRRRLLRR,TIMEOUT,-1,20000000,-1,0,0,117487,364,411,0
RRLLLRRRLLRL,HIGHWAY,2694,3072,148,2,-2,346,28,28,1
RRLLLRRRLLLR,TIMEOUT,-1,20000000,-1,0,0,135483,464,419,0
RRLLLRRRLLLL,TIMEOUT,-1,20000000,-1,0,0,158244,445,462,0
RRLLLRRLRRRR,HIGHWAY,4411,8192,408,2,-2,869,41,43,1
RRLLLRRLRRRL,HIGHWAY,243386,244736,192,2,-2,6003,104,92,1
RRLLLRRLRRLR,TIMEOUT,-1,20000000,-1,0,0,149784,462,467,0
RRLLLRRLRRLL,TIMEOUT,-1,20000000,-1,0,0,13585,158,132,0
RRLLLRRLRLRR,HIGHWAY,484879,487424,176,2,-2,11263,159,137,1
RRLLLRRLRLRL,TIMEOUT,-1,20000000,-1,0,0,119200,381,433,0
RRLLLRRLRLLR,TIMEOUT,-1,20000000,-1,0,0,109277,390,369,0
RRLLLRRLRLLL,TIMEOUT,-1,20000000,-1,0,0,166916,461,487,0
RRLLLRRLLRRR,TIMEOUT,-1,20000000,-1,0,0,108868,358,392,0
RRLLLRRLLRRL,TIMEOUT,-1,20000000,-1,0,0,6939,92,90,0
RRLLLRRLLRLR,TIMEOUT,-1,20000000,-1,0,0,111608,386,389,0
RRLLLRRLLRLL,TIMEOUT,-1,20000000,-1,0,0,125564,411,378,0
RRLLLRRLLLRR,TIMEOUT,-1,20000000,-1,0,0,6142,86,86,0
RRLLLRRLLLRL,TIMEOUT,-1,20000000,-1,0,0,135164,412,399,0
RRLLLRRLLLLR,TIMEOUT,-1,20000000,-1,0,0,127052,387,365,0
RRLLLRRLLLLL,TIMEOUT,-1,20000000,-1,0,0,1072,34,34,0
RRLLLRLRRRRR,TIMEOUT,-1,20000000,-1,0,0,4035,75,73,0
RRLLLRLRRRRL,TIMEOUT,-1,20000000,-1,0,0,113707,383,401,0
RRLLLRLRRRLR,TIMEOUT,-1,20000000,-1,0,0,114462,381,399,0
RRLLLRLRRRLL,TIMEOUT,-1,20000000,-1,0,0,118208,381,434,0
RRLLLRLRRLRR,HIGHWAY,1949,3072,100,-2,-2,437,42,39,1
RRLLLRLRRLRL,HIGHWAY,167,2048,206,5,-5,435,54,53,1
RRLLLRLRRLLR,HIGHWAY,578,2048,398,7,-7,362,42,41,1
RRLLLRLRRLLL,HIGHWAY,118,2048,42,-1,1,359,53,53,1
RRLLLRLRLRRR,TIMEOUT,-1,20000000,-1,0,0,168587,515,515,0
RRLLLRLRLRRL,HIGHWAY,29898,35840,1968,16,0,2291,111,44,1
RRLLLRLRLRLR,TIMEOUT,-1,20000000,-1,0,0,211225,591,600,0
RRLLLRLRLRLL,TIMEOUT,-1,20000000,-1,0,0,195949,565,514,0
RRLLLRLRLLRR,HIGHWAY,1680,4096,258,5,-5,585,64,61,1
RRLLLRLRLLRL,TIMEOUT,-1,20000000,-1,0,0,181790,479,572,0
RRLLLRLRLLLR,HIGHWAY,1736,2048,88,2,2,261,27,23,1
RRLLLRLRLLLL,HIGHWAY,118,1024,38,1,-1,205,31,31,1
RRLLLRLLRRRR,TIMEOUT,-1,20000000,-1,0,0,99963,359,346,0
RRLLLRLLRRRL,HIGHWAY,44622,46080,152,-2,-2,2142,59,73,1
RRLLLRLLRRLR,TIMEOUT,-1,20000000,-1,0,0,111848,374,403,0
RRLLLRLLRRLL,TIMEOUT,-1,20000000,-1,0,0,128763,393,435,0
RRLLLRLLRLRR,TIMEOUT,-1,20000000,-1,0,0,119180,384,404,0
RRLLLRLLRLRL,TIMEOUT,-1,20000000,-1,0,0,131934,473,449,0
RRLLLRLLRLLR,TIMEOUT,-1,20000000,-1,0,0,123281,403,404,0
RRLLLRLLRLLL,HIGHWAY,172663,174080,152,2,2,5661,98,91,1
RRLLLRLLLRRR,OOB,-1,5005521,-1,0,0,524705,1038,1048,0
RRLLLRLLLRRL,TIMEOUT,-1,20000000,-1,0,0,151076,423,416,0
RRLLLRLLLRLR,TIMEOUT,-1,20000000,-1,0,0,139564,441,394,0
RRLLLRLLLRLL,OOB,-1,5979809,-1,0,0,496364,1062,1062,0
RRLLLRLLLLRR,TIMEOUT,-1,20000000,-1,0,0,146409,403,417,0
RRLLLRLLLLRL,OOB,-1,351004,-1,0,0,15778,1073,1054,0
RRLLLRLLLLLR,HIGHWAY,607010,612352,144,2,2,15056,128,211,1
RRLLLRLLLLLL,TIMEOUT,-1,20000000,-1,0,0,1958504,1411,1421,0
RRLLLLRRRRRR,TIMEOUT,-1,20000000,-1,0,0,1856,40,48,0
RRLLLLRRRRRL,TIMEOUT,-1,20000000,-1,0,0,87635,310,312,0
RRLLLLRRRRLR,TIMEOUT,-1,20000000,-1,0,0,89280,317,329,0
RRLLLLRRRRLL,TIMEOUT,-1,20000000,-1,0,0,122004,339,382,0
RRLLLLRRRLRR,TIMEOUT,-1,20000000,-1,0,0,91502,331,328,0
RRLLLLRRRLRL,TIMEOUT,-1,20000000,-1,0,0,100056,342,347,0
RRLLLLRRRLLR,TIMEOUT,-1,20000000,-1,0,0,4960,76,74,0
RRLLLLRRRLLL,TIMEOUT,-1,20000000,-1,0,0,126880,376,363,0
RRLLLLRRLRRR,TIMEOUT,-1,20000000,-1,0,0,90216,331,333,0
RRLLLLRRLRRL,TIMEOUT,-1,20000000,-1,0,0,5317,73,74,0
RRLLLLRRLRLR,TIMEOUT,-1,20000000,-1,0,0,96478,336,333,0
RRLLLLRRLRLL,TIMEOUT,-1,20000000,-1,0,0,137516,373,404,0
RRLLLLRRLLRR,TIMEOUT,-1,20000000,-1,0,0,153706,390,402,0
RRLLLLRRLLRL,TIMEOUT,-1,20000000,-1,0,0,132912,372,366,0
RRLLLLRRLLLR,TIMEOUT,-1,20000000,-1,0,0,107470,334,326,0
RRLLLLRRLLLL,TIMEOUT,-1,20000000,-1,0,0,1506,38,40,0
RRLLLLRLRRRR,TIMEOUT,-1,20000000,-1,0,0,90244,327,388,0
RRLLLLRLRRRL,TIMEOUT,-1,20000000,-1,0,0,94949,356,353,0
RRLLLLRLRRLR,TIMEOUT,-1,20000000,-1,0,0,90450,344,360,0
RRLLLLRLRRLL,TIMEOUT,-1,20000000,-1,0,0,95985,369,344,0
RRLLLLRLRLRR,TIMEOUT,-1,20000000,-1,0,0,92069,335,341,0
RRLLLLRLRLRL,TIMEOUT,-1,20000000,-1,0,0,93760,362,348,0
RRLLLLRLRLLR,HIGHWAY,1482585,1487872,176,2,2,16952,180,194,1
RRLLLLRLRLLL,TIMEOUT,-1,20000000,-1,0,0,6829,86,83,0
RRLLLLRLLRRR,TIMEOUT,-1,20000000,-1,0,0,5117,86,84,0
RRLLLLRLLRRL,TIMEOUT,-1,20000000,-1,0,0,92673,338,359,0
RRLLLLRLLRLR,TIMEOUT,-1,20000000,-1,0,0,92305,339,347,0
RRLLLLRLLRLL,TIMEOUT,-1,20000000,-1,0,0,93117,329,359,0
RRLLLLRLLLRR,TIMEOUT,-1,20000000,-1,0,0,90847,345,333,0
RRLLLLRLLLRL,TIMEOUT,-1,20000000,-1,0,0,94114,331,344,0
RRLLLLRLLLLR,TIMEOUT,-1,20000000,-1,0,0,99017,345,361,0
RRLLLLRLLLLL,TIMEOUT,-1,20000000,-1,0,0,175295,482,484,0
RRLLLLLRRRRR,TIMEOUT,-1,20000000,-1,0,0,156831,403,414,0
RRLLLLLRRRRL,TIMEOUT,-1,20000000,-1,0,0,4809,70,70,0
RRLLLLLRRRLR,TIMEOUT,-1,20000000,-1,0,0,129741,368,366,0
RRLLLLLRRRLL,TIMEOUT,-1,20000000,-1,0,0,116574,362,352,0
RRLLLLLRRLRR,TIMEOUT,-1,20000000,-1,0,0,4369,67,67,0
RRLLLLLRRLRL,TIMEOUT,-1,20000000,-1,0,0,114838,342,347,0
RRLLLLLRRLLR,TIMEOUT,-1,20000000,-1,0,0,90221,304,302,0
RRLLLLLRRLLL,TIMEOUT,-1,20000000,-1,0,0,1018,32,32,0
RRLLLLLRLRRR,TIMEOUT,-1,20000000,-1,0,0,88965,314,336,0
RRLLLLLRLRRL,TIMEOUT,-1,20000000,-1,0,0,88131,336,317,0
RRLLLLLRLRLR,TIMEOUT,-1,20000000,-1,0,0,85289,319,330,0
RRLLLLLRLRLL,TIMEOUT,-1,20000000,-1,0,0,4682,71,70,0
RRLLLLLRLLRR,TIMEOUT,-1,20000000,-1,0,0,83907,328,336,0
RRLLLLLRLLRL,TIMEOUT,-1,20000000,-1,0,0,87445,328,321,0
RRLLLLLRLLLR,TIMEOUT,-1,20000000,-1,0,0,87727,320,326,0
RRLLLLLRLLLL,TIMEOUT,-1,20000000,-1,0,0,82342,306,312,0
RRLLLLLLRRRR,TIMEOUT,-1,20000000,-1,0,0,69354,258,272,0
RRLLLLLLRRRL,TIMEOUT,-1,20000000,-1,0,0,124423,358,355,0
RRLLLLLLRRLR,TIMEOUT,-1,20000000,-1,0,0,117063,344,343,0
RRLLLLLLRRLL,TIMEOUT,-1,20000000,-1,0,0,1024,32,32,0
RRLLLLLLRLRR,TIMEOUT,-1,20000000,-1,0,0,97088,321,319,0
RRLLLLLLRLRL,TIMEOUT,-1,20000000,-1,0,0,4073,66,66,0
RRLLLLLLRLLR,TIMEOUT,-1,20000000,-1,0,0,129071,362,364,0
RRLLLLLLRLLL,TIMEOUT,-1,20000000,-1,0,0,79452,304,314,0
RRLLLLLLLRRR,TIMEOUT,-1,20000000,-1,0,0,115117,343,341,0
RRLLLLLLLRRL,TIMEOUT,-1,20000000,-1,0,0,1019,32,32,0
RRLLLLLLLRLR,TIMEOUT,-1,20000000,-1,0,0,3965,64,64,0
RRLLLLLLLRLL,TIMEOUT,-1,20000000,-1,0,0,90070,314,309,0
RRLLLLLLLLRR,TIMEOUT,-1,20000000,-1,0,0,1296,36,36,0
RRLLLLLLLLRL,TIMEOUT,-1,20000000,-1,0,0,121303,356,360,0
RRLLLLLLLLLR,TIMEOUT,-1,20000000,-1,0,0,153785,411,398,0
RRLLLLLLLLLL,TIMEOUT,-1,20000000,-1,0,0,482,22,22,0
RLRRRRRRRRRR,TIMEOUT,-1,20000000,-1,0,0,83663,323,333,0
RLRRRRRRRRRL,TIMEOUT,-1,20000000,-1,0,0,838,30,30,0
RLRRRRRRRRLR,TIMEOUT,-1,20000000,-1,0,0,614268,786,784,0
RLRRRRRRRRLL,OOB,-1,16654397,-1,0,0,4169764,2043,2043,0
RLRRRRRRRLRR,OOB,-1,16615066,-1,0,0,4159551,2041,2040,0
RLRRRRRRRLRL,OOB,-1,16624440,-1,0,0,4149296,2040,2036,0
RLRRRRRRRLLR,OOB,-1,16654173,-1,0,0,4167707,2042,2043,0
RLRRRRRRRLLL,OOB,-1,16671642,-1,0,0,4173832,2044,2044,0
RLRRRRRRLRRR,TIMEOUT,-1,20000000,-1,0,0,112508,348,399,0
RLRRRRRRLRRL,OOB,-1,16661925,-1,0,0,4171813,2043,2044,0
RLRRRRRRLRLR,OOB,-1,16643986,-1,0,0,4165616,2042,2042,0
RLRRRRRRLRLL,OOB,-1,16646430,-1,0,0,4167723,2043,2042,0
RLRRRRRRLLRR,OOB,-1,16644641,-1,0,0,4167721,2042,2043,0
RLRRRRRRLLRL,OOB,-1,16654647,-1,0,0,4167721,2042,2043,0
RLRRRRRRLLLR,OOB,-1,16647334,-1,0,0,4167707,2043,2042,0
RLRRRRRRLLLL,OOB,-1,16663324,-1,0,0,4171807,2044,2043,0
RLRRRRRLRRRR,TIMEOUT,-1,20000000,-1,0,0,129488,407,398,0
RLRRRRRLRRRL,TIMEOUT,-1,20000000,-1,0,0,124123,433,390,0
RLRRRRRLRRLR,OOB,-1,16642196,-1,0,0,4169719,2043,2043,0
RLRRRRRLRRLL,OOB,-1,16569623,-1,0,0,4147211,2038,2037,0
RLRRRRRLRLRR,OOB,-1,16644731,-1,0,0,4167721,2042,2043,0
RLRRRRRLRLRL,OOB,-1,16621182,-1,0,0,4155427,2041,2038,0
RLRRRRRLRLLR,OOB,-1,16645642,-1,0,0,4167715,2043,2042,0
RLRRRRRLRLLL,OOB,-1,16663337,-1,0,0,4171799,2043,2044,0
RLRRRRRLLRRR,OOB,-1,16657715,-1,0,0,4165650,2042,2042,0
RLRRRRRLLRRL,OOB,-1,16644563,-1,0,0,4167719,2042,2043,0
RLRRRRRLLRLR,OOB,-1,16652578,-1,0,0,4169764,2043,2043,0
RLRRRRRLLRLL,OOB,-1,16661701,-1,0,0,4171809,2043,2044,0
RLRRRRRLLLRR,OOB,-1,16675837,-1,0,0,4173836,2044,2044,0
RLRRRRRLLLRL,OOB,-1,16646723,-1,0,0,4167709,2042,2043,0
RLRRRRRLLLLR,OOB,-1,16644943,-1,0,0,4167719,2042,2043,0
RLRRRRRLLLLL,OOB,-1,16636842,-1,0,0,4165665,2042,2042,0
RLRRRRLRRRRR,TIMEOUT,-1,20000000,-1,0,0,143152,399,434,0
RLRRRRLRRRRL,TIMEOUT,-1,20000000,-1,0,0,136207,388,411,0
RLRRRRLRRRLR,TIMEOUT,-1,20000000,-1,0,0,146310,433,426,0
RLRRRRLRRRLL,TIMEOUT,-1,20000000,-1,0,0,130948,398,420,0
RLRRRRLRRLRR,TIMEOUT,-1,20000000,-1,0,0,134991,451,393,0
RLRRRRLRRLRL,TIMEOUT,-1,20000000,-1,0,0,135908,486,396,0
RLRRRRLRRLLR,TIMEOUT,-1,20000000,-1,0,0,138034,418,441,0
RLRRRRLRRLLL,TIMEOUT,-1,20000000,-1,0,0,132926,432,398,0
RLRRRRLRLRRR,OOB,-1,16955260,-1,0,0,4159221,2041,2040,0
RLRRRRLRLRRL,OOB,-1,16647419,-1,0,0,4167665,2042,2043,0
RLRRRRLRLRLR,OOB,-1,16601969,-1,0,0,4155421,2040,2039,0
RLRRRRLRLRLL,OOB,-1,16653214,-1,0,0,4169752,2043,2043,0
RLRRRRLRLLRR,OOB,-1,16645779,-1,0,0,4167715,2042,2043,0
RLRRRRLRLLRL,OOB,-1,16620703,-1,0,0,4161604,2040,2042,0
RLRRRRLRLLLR,OOB,-1,16621201,-1,0,0,4161592,2041,2041,0
RLRRRRLRLLLL,OOB,-1,16653855,-1,0,0,4169722,2044,2042,0
RLRRRRLLRRRR,OOB,-1,16645117,-1,0,0,4167723,2042,2043,0
RLRRRRLLRRRL,OOB,-1,16644693,-1,0,0,4167725,2042,2043,0
RLRRRRLLRRLR,OOB,-1,16644583,-1,0,0,4167719,2042,2043,0
RLRRRRLLRRLL,OOB,-1,16652783,-1,0,0,4167683,2042,2043,0
RLRRRRLLRLRR,OOB,-1,16629826,-1,0,0,4163627,2041,2042,0
RLRRRRLLRLRL,OOB,-1,16645335,-1,0,0,4167717,2042,2043,0
RLRRRRLLRLLR,OOB,-1,16644487,-1,0,0,4167719,2042,2043,0
RLRRRRLLRLLL,OOB,-1,16652582,-1,0,0,4169764,2043,2043,0
RLRRRRLLLRRR,OOB,-1,16661121,-1,0,0,4169746,2042,2044,0
RLRRRRLLLRRL,OOB,-1,16644475,-1,0,0,4167719,2042,2043,0
RLRRRRLLLRLR,OOB,-1,16644491,-1,0,0,4167719,2042,2043,0
RLRRRRLLLRLL,OOB,-1,16635941,-1,0,0,4159503,2038,2043,0
RLRRRRLLLLRR,OOB,-1,16660918,-1,0,0,4171809,2044,2043,0
RLRRRRLLLLRL,OOB,-1,16644961,-1,0,0,4167721,2042,2043,0
RLRRRRLLLLLR,OOB,-1,17218278,-1,0,0,4157434,2041,2039,0
RLRRRRLLLLLL,OOB,-1,16644523,-1,0,0,4167719,2042,2043,0
RLRRRLRRRRRR,OOB,-1,16648431,-1,0,0,4167711,2042,2043,0
RLRRRLRRRRRL,OOB,-1,16596478,-1,0,0,4155467,2041,2038,0
RLRRRLRRRRLR,OOB,-1,16644671,-1,0,0,4167723,2042,2043,0
RLRRRLRRRRLL,TIMEOUT,-1,20000000,-1,0,0,147638,455,406,0
RLRRRLRRRLRR,TIMEOUT,-1,20000000,-1,0,0,180649,483,493,0
RLRRRLRRRLRL,TIMEOUT,-1,20000000,-1,0,0,158875,448,483,0
RLRRRLRRRLLR,TIMEOUT,-1,20000000,-1,0,0,152153,465,431,0
RLRRRLRRRLLL,TIMEOUT,-1,20000000,-1,0,0,145928,477,402,0
RLRRRLRRLRRR,TIMEOUT,-1,20000000,-1,0,0,177986,471,503,0
RLRRRLRRLRRL,TIMEOUT,-1,20000000,-1,0,0,199014,610,485,0
RLRRRLRRLRLR,TIMEOUT,-1,20000000,-1,0,0,162261,472,507,0
RLRRRLRRLRLL,TIMEOUT,-1,20000000,-1,0,0,164171,488,456,0
RLRRRLRRLLRR,OOB,-1,16660921,-1,0,0,4171807,2043,2044,0
RLRRRLRRLLRL,OOB,-1,16652710,-1,0,0,4169762,2043,2043,0
RLRRRLRRLLLR,TIMEOUT,-1,20000000,-1,0,0,160231,465,448,0
RLRRRLRRLLLL,TIMEOUT,-1,20000000,-1,0,0,155482,433,536,0
RLRRRLRLRRRR,TIMEOUT,-1,20000000,-1,0,0,138445,422,443,0
RLRRRLRLRRRL,OOB,-1,16636694,-1,0,0,4165676,2042,2042,0
RLRRRLRLRRLR,TIMEOUT,-1,20000000,-1,0,0,162161,467,493,0
RLRRRLRLRRLL,TIMEOUT,-1,20000000,-1,0,0,147798,471,430,0
RLRRRLRLRLRR,TIMEOUT,-1,20000000,-1,0,0,147561,458,493,0
RLRRRLRLRLRL,TIMEOUT,-1,20000000,-1,0,0,153948,457,502,0
RLRRRLRLRLLR,TIMEOUT,-1,20000000,-1,0,0,151288,452,466,0
RLRRRLRLRLLL,TIMEOUT,-1,20000000,-1,0,0,162863,469,509,0
RLRRRLRLLRRR,TIMEOUT,-1,20000000,-1,0,0,143413,450,440,0
RLRRRLRLLRRL,TIMEOUT,-1,20000000,-1,0,0,148032,451,422,0
RLRRRLRLLRLR,HIGHWAY,201370,204800,992,-8,-8,7413,149,100,1
RLRRRLRLLRLL,TIMEOUT,-1,20000000,-1,0,0,159014,471,462,0
RLRRRLRLLLRR,OOB,-1,16661122,-1,0,0,4171807,2044,2043,0
RLRRRLRLLLRL,TIMEOUT,-1,20000000,-1,0,0,153982,421,488,0
RLRRRLRLLLLR,TIMEOUT,-1,20000000,-1,0,0,135149,406,473,0
RLRRRLRLLLLL,TIMEOUT,-1,20000000,-1,0,0,129076,415,420,0
RLRRRLLRRRRR,OOB,-1,16652754,-1,0,0,4169768,2043,2043,0
RLRRRLLRRRRL,OOB,-1,16652678,-1,0,0,4169762,2043,2043,0
RLRRRLLRRRLR,OOB,-1,16589214,-1,0,0,4141090,2038,2034,0
RLRRRLLRRRLL,OOB,-1,16628775,-1,0,0,4163625,2042,2041,0
RLRRRLLRRLRR,OOB,-1,16644444,-1,0,0,4167721,2043,2042,0
RLRRRLLRRLRL,OOB,-1,16644620,-1,0,0,4167721,2043,2042,0
RLRRRLLRRLLR,OOB,-1,16678516,-1,0,0,4171751,2044,2043,0
RLRRRLLRRLLL,OOB,-1,16636932,-1,0,0,4165659,2042,2042,0
RLRRRLLRLRRR,OOB,-1,16644426,-1,0,0,4167721,2043,2042,0
RLRRRLLRLRRL,OOB,-1,16431847,-1,0,0,4104164,2022,2032,0
RLRRRLLRLRLR,OOB,-1,16644522,-1,0,0,4167721,2043,2042,0
RLRRRLLRLRLL,OOB,-1,16615662,-1,0,0,4161469,2041,2041,0
RLRRRLLRLLRR,OOB,-1,16645435,-1,0,0,4167713,2042,2043,0
RLRRRLLRLLRL,TIMEOUT,-1,20000000,-1,0,0,4115228,2033,2029,0
RLRRRLLRLLLR,OOB,-1,16644564,-1,0,0,4167721,2043,2042,0
RLRRRLLRLLLL,OOB,-1,16629251,-1,0,0,4163621,2042,2041,0
RLRRRLLLRRRR,TIMEOUT,-1,20000000,-1,0,0,125640,429,370,0
RLRRRLLLRRRL,OOB,-1,16644868,-1,0,0,4167711,2043,2042,0
RLRRRLLLRRLR,TIMEOUT,-1,20000000,-1,0,0,137649,415,435,0
RLRRRLLLRRLL,TIMEOUT,-1,20000000,-1,0,0,155260,442,439,0
RLRRRLLLRLRR,TIMEOUT,-1,20000000,-1,0,0,151832,458,459,0
RLRRRLLLRLRL,OOB,-1,16600536,-1,0,0,4157365,2038,2042,0
RLRRRLLLRLLR,OOB,-1,16632680,-1,0,0,4163487,2042,2041,0
RLRRRLLLRLLL,TIMEOUT,-1,20000000,-1,0,0,131548,422,438,0
RLRRRLLLLRRR,OOB,-1,16660883,-1,0,0,4171801,2043,2044,0
RLRRRLLLLRRL,TIMEOUT,-1,20000000,-1,0,0,176906,471,464,0
RLRRRLLLLRLR,OOB,-1,16616814,-1,0,0,4159531,2041,2040,0
RLRRRLLLLRLL,OOB,-1,16652764,-1,0,0,4169752,2044,2042,0
RLRRRLLLLLRR,OOB,-1,16660931,-1,0,0,4171801,2043,2044,0
RLRRRLLLLLRL,TIMEOUT,-1,20000000,-1,0,0,165441,436,456,0
RLRRRLLLLLLR,OOB,-1,16644542,-1,0,0,4167723,2043,2042,0
RLRRRLLLLLLL,OOB,-1,16652803,-1,0,0,4169762,2043,2043,0
RLRRLRRRRRRR,TIMEOUT,-1,20000000,-1,0,0,3319,66,66,0
RLRRLRRRRRRL,TIMEOUT,-1,20000000,-1,0,0,81094,316,352,0
RLRRLRRRRRLR,TIMEOUT,-1,20000000,-1,0,0,110503,403,401,0
RLRRLRRRRRLL,TIMEOUT,-1,20000000,-1,0,0,80750,343,327,0
RLRRLRRRRLRR,TIMEOUT,-1,20000000,-1,0,0,174560,509,522,0
RLRRLRRRRLRL,TIMEOUT,-1,20000000,-1,0,0,112636,409,395,0
RLRRLRRRRLLR,TIMEOUT,-1,20000000,-1,0,0,86048,328,340,0
RLRRLRRRRLLL,TIMEOUT,-1,20000000,-1,0,0,94166,375,355,0
RLRRLRRRLRRR,TIMEOUT,-1,20000000,-1,0,0,200794,473,619,0
RLRRLRRRLRRL,TIMEOUT,-1,20000000,-1,0,0,189128,550,507,0
RLRRLRRRLRLR,TIMEOUT,-1,20000000,-1,0,0,151410,443,528,0
RLRRLRRRLRLL,TIMEOUT,-1,20000000,-1,0,0,156551,521,432,0
RLRRLRRRLLRR,TIMEOUT,-1,20000000,-1,0,0,93674,369,328,0
RLRRLRRRLLRL,TIMEOUT,-1,20000000,-1,0,0,108186,382,380,0
RLRRLRRRLLLR,TIMEOUT,-1,20000000,-1,0,0,128838,432,386,0
RLRRLRRRLLLL,TIMEOUT,-1,20000000,-1,0,0,105778,394,377,0
RLRRLRRLRRRR,TIMEOUT,-1,20000000,-1,0,0,165533,481,492,0
RLRRLRRLRRRL,TIMEOUT,-1,20000000,-1,0,0,190225,447,563,0
RLRRLRRLRRLR,TIMEOUT,-1,20000000,-1,0,0,244831,630,624,0
RLRRLRRLRRLL,TIMEOUT,-1,20000000,-1,0,0,187172,498,538,0
RLRRLRRLRLRR,TIMEOUT,-1,20000000,-1,0,0,201487,507,577,0
RLRRLRRLRLRL,TIMEOUT,-1,20000000,-1,0,0,193934,570,520,0
RLRRLRRLRLLR,TIMEOUT,-1,20000000,-1,0,0,179775,516,510,0
RLRRLRRLRLLL,TIMEOUT,-1,20000000,-1,0,0,198076,489,602,0
RLRRLRRLLRRR,TIMEOUT,-1,20000000,-1,0,0,117515,389,389,0
RLRRLRRLLRRL,TIMEOUT,-1,20000000,-1,0,0,138301,434,444,0
RLRRLRRLLRLR,TIMEOUT,-1,20000000,-1,0,0,144450,446,454,0
RLRRLRRLLRLL,TIMEOUT,-1,20000000,-1,0,0,143420,438,443,0
RLRRLRRLLLRR,TIMEOUT,-1,20000000,-1,0,0,137666,388,496,0
RLRRLRRLLLRL,TIMEOUT,-1,20000000,-1,0,0,132181,417,437,0
RLRRLRRLLLLR,TIMEOUT,-1,20000000,-1,0,0,6748,89,92,0
RLRRLRRLLLLL,TIMEOUT,-1,20000000,-1,0,0,122933,407,368,0
RLRRLRLRRRRR,TIMEOUT,-1,20000000,-1,0,0,222349,517,607,0
RLRRLRLRRRRL,TIMEOUT,-1,20000000,-1,0,0,221229,593,531,0
RLRRLRLRRRLR,TIMEOUT,-1,20000000,-1,0,0,236345,578,665,0
RLRRLRLRRRLL,TIMEOUT,-1,20000000,-1,0,0,237843,677,563,0
RLRRLRLRRLRR,TIMEOUT,-1,20000000,-1,0,0,276440,537,709,0
RLRRLRLRRLRL,TIMEOUT,-1,20000000,-1,0,0,249150,676,625,0
RLRRLRLRRLLR,TIMEOUT,-1,20000000,-1,0,0,235335,663,563,0
RLRRLRLRRLLL,TIMEOUT,-1,20000000,-1,0,0,244517,618,594,0
RLRRLRLRLRRR,HIGHWAY,48892,52224,1062,-3,11,3648,79,117,1
RLRRLRLRLRRL,TIMEOUT,-1,20000000,-1,0,0,252086,619,678,0
RLRRLRLRLRLR,TIMEOUT,-1,20000000,-1,0,0,255116,658,625,0
RLRRLRLRLRLL,TIMEOUT,-1,20000000,-1,0,0,222128,534,644,0
RLRRLRLRLLRR,TIMEOUT,-1,20000000,-1,0,0,224150,614,593,0
RLRRLRLRLLRL,TIMEOUT,-1,20000000,-1,0,0,232490,567,553,0
RLRRLRLRLLLR,TIMEOUT,-1,20000000,-1,0,0,220383,532,623,0
RLRRLRLRLLLL,TIMEOUT,-1,20000000,-1,0,0,209492,518,564,0
RLRRLRLLRRRR,TIMEOUT,-1,20000000,-1,0,0,169680,519,520,0
RLRRLRLLRRRL,TIMEOUT,-1,20000000,-1,0,0,171602,458,543,0
RLRRLRLLRRLR,TIMEOUT,-1,20000000,-1,0,0,167519,565,462,0
RLRRLRLLRRLL,HIGHWAY,6493,7168,152,2,-2,733,36,35,1
RLRRLRLLRLRR,TIMEOUT,-1,20000000,-1,0,0,157141,510,416,0
RLRRLRLLRLRL,TIMEOUT,-1,20000000,-1,0,0,150322,451,433,0
RLRRLRLLRLLR,TIMEOUT,-1,20000000,-1,0,0,142884,464,432,0
RLRRLRLLRLLL,HIGHWAY,809257,813056,180,-2,-2,18664,172,199,1
RLRRLRLLLRRR,TIMEOUT,-1,20000000,-1,0,0,149699,467,471,0
RLRRLRLLLRRL,TIMEOUT,-1,20000000,-1,0,0,170682,554,490,0
RLRRLRLLLRLR,TIMEOUT,-1,20000000,-1,0,0,144516,465,462,0
RLRRLRLLLRLL,TIMEOUT,-1,20000000,-1,0,0,133985,430,447,0
RLRRLRLLLLRR,TIMEOUT,-1,20000000,-1,0,0,141775,415,465,0
RLRRLRLLLLRL,TIMEOUT,-1,20000000,-1,0,0,141844,440,419,0
RLRRLRLLLLLR,TIMEOUT,-1,20000000,-1,0,0,162809,435,436,0
RLRRLRLLLLLL,TIMEOUT,-1,20000000,-1,0,0,139823,422,403,0
RLRRLLRRRRRR,TIMEOUT,-1,20000000,-1,0,0,157966,410,404,0
RLRRLLRRRRRL,TIMEOUT,-1,20000000,-1,0,0,5752,80,78,0
RLRRLLRRRRLR,TIMEOUT,-1,20000000,-1,0,0,138593,410,430,0
RLRRLLRRRRLL,TIMEOUT,-1,20000000,-1,0,0,122262,385,402,0
RLRRLLRRRLRR,TIMEOUT,-1,20000000,-1,0,0,150310,400,525,0
RLRRLLRRRLRL,TIMEOUT,-1,20000000,-1,0,0,135014,480,412,0
RLRRLLRRRLLR,TIMEOUT,-1,20000000,-1,0,0,135686,384,428,0
RLRRLLRRRLLL,TIMEOUT,-1,20000000,-1,0,0,137129,429,455,0
RLRRLLRRLRRR,HIGHWAY,130688,132096,168,-2,-2,4713,104,75,1
RLRRLLRRLRRL,HIGHWAY,698150,699392,172,-2,-2,16861,154,179,1
RLRRLLRRLRLR,TIMEOUT,-1,20000000,-1,0,0,169533,456,548,0
RLRRLLRRLRLL,TIMEOUT,-1,20000000,-1,0,0,162961,463,465,0
RLRRLLRRLLRR,TIMEOUT,-1,20000000,-1,0,0,141185,442,461,0
RLRRLLRRLLRL,TIMEOUT,-1,20000000,-1,0,0,147939,458,451,0
RLRRLLRRLLLR,TIMEOUT,-1,20000000,-1,0,0,8096,96,103,0
RLRRLLRRLLLL,TIMEOUT,-1,20000000,-1,0,0,133961,421,418,0
RLRRLLRLRRRR,TIMEOUT,-1,20000000,-1,0,0,148632,421,461,0
RLRRLLRLRRRL,TIMEOUT,-1,20000000,-1,0,0,186742,549,570,0
RLRRLLRLRRLR,TIMEOUT,-1,20000000,-1,0,0,197219,456,633,0
RLRRLLRLRRLL,TIMEOUT,-1,20000000,-1,0,0,188386,568,486,0
RLRRLLRLRLRR,HIGHWAY,555362,558080,686,-5,-7,13652,126,182,1
RLRRLLRLRLRL,TIMEOUT,-1,20000000,-1,0,0,183333,534,487,0
RLRRLLRLRLLR,TIMEOUT,-1,20000000,-1,0,0,219299,626,623,0
RLRRLLRLRLLL,TIMEOUT,-1,20000000,-1,0,0,196858,492,521,0
RLRRLLRLLRRR,TIMEOUT,-1,20000000,-1,0,0,147487,452,438,0
RLRRLLRLLRRL,TIMEOUT,-1,20000000,-1,0,0,193351,510,605,0
RLRRLLRLLRLR,TIMEOUT,-1,20000000,-1,0,0,173526,530,505,0
RLRRLLRLLRLL,TIMEOUT,-1,20000000,-1,0,0,182936,466,599,0
RLRRLLRLLLRR,TIMEOUT,-1,20000000,-1,0,0,161357,518,461,0
RLRRLLRLLLRL,TIMEOUT,-1,20000000,-1,0,0,186642,495,576,0
RLRRLLRLLLLR,TIMEOUT,-1,20000000,-1,0,0,215077,539,617,0
RLRRLLRLLLLL,HIGHWAY,860474,863232,732,6,-2,21815,206,179,1
RLRRLLLRRRRR,TIMEOUT,-1,20000000,-1,0,0,138791,464,396,0
RLRRLLLRRRRL,TIMEOUT,-1,20000000,-1,0,0,140244,429,473,0
RLRRLLLRRRLR,TIMEOUT,-1,20000000,-1,0,0,151336,437,485,0
RLRRLLLRRRLL,TIMEOUT,-1,20000000,-1,0,0,150489,434,480,0
RLRRLLLRRLRR,TIMEOUT,-1,20000000,-1,0,0,132116,390,418,0
RLRRLLLRRLRL,TIMEOUT,-1,20000000,-1,0,0,148783,461,418,0
RLRRLLLRRLLR,TIMEOUT,-1,20000000,-1,0,0,7544,92,92,0
RLRRLLLRRLLL,TIMEOUT,-1,20000000,-1,0,0,288645,559,551,0
RLRRLLLRLRRR,TIMEOUT,-1,20000000,-1,0,0,146364,498,429,0
RLRRLLLRLRRL,TIMEOUT,-1,20000000,-1,0,0,154389,473,455,0
RLRRLLLRLRLR,TIMEOUT,-1,20000000,-1,0,0,153254,452,475,0
RLRRLLLRLRLL,TIMEOUT,-1,20000000,-1,0,0,152057,508,431,0
RLRRLLLRLLRR,TIMEOUT,-1,20000000,-1,0,0,150649,476,418,0
RLRRLLLRLLRL,TIMEOUT,-1,20000000,-1,0,0,153644,448,473,0
RLRRLLLRLLLR,TIMEOUT,-1,20000000,-1,0,0,154389,434,454,0
RLRRLLLRLLLL,TIMEOUT,-1,20000000,-1,0,0,155197,441,473,0
RLRRLLLLRRRR,TIMEOUT,-1,20000000,-1,0,0,162170,412,421,0
RLRRLLLLRRRL,TIMEOUT,-1,20000000,-1,0,0,237800,509,510,0
RLRRLLLLRRLR,TIMEOUT,-1,20000000,-1,0,0,5980,79,80,0
RLRRLLLLRRLL,TIMEOUT,-1,20000000,-1,0,0,198708,456,454,0
RLRRLLLLRLRR,TIMEOUT,-1,20000000,-1,0,0,137415,433,424,0
RLRRLLLLRLRL,TIMEOUT,-1,20000000,-1,0,0,140624,408,413,0
RLRRLLLLRLLR,TIMEOUT,-1,20000000,-1,0,0,138830,445,420,0
RLRRLLLLRLLL,TIMEOUT,-1,20000000,-1,0,0,140527,417,426,0
RLRRLLLLLRRR,TIMEOUT,-1,20000000,-1,0,0,7272,89,90,0
RLRRLLLLLRRL,TIMEOUT,-1,20000000,-1,0,0,173734,424,421,0
RLRRLLLLLRLR,TIMEOUT,-1,20000000,-1,0,0,137657,387,390,0
RLRRLLLLLRLL,TIMEOUT,-1,20000000,-1,0,0,143740,431,423,0
RLRRLLLLLLRR,TIMEOUT,-1,20000000,-1,0,0,188058,442,444,0
RLRRLLLLLLRL,TIMEOUT,-1,20000000,-1,0,0,4824,72,72,0
RLRRLLLLLLLR,TIMEOUT,-1,20000000,-1,0,0,1122,36,36,0
RLRRLLLLLLLL,TIMEOUT,-1,20000000,-1,0,0,203237,461,460,0
RLRLRRRRRRRR,TIMEOUT,-1,20000000,-1,0,0,1578,44,44,0
RLRLRRRRRRRL,TIMEOUT,-1,20000000,-1,0,0,1995697,1423,1436,0
RLRLRRRRRRLR,TIMEOUT,-1,20000000,-1,0,0,131385,397,398,0
RLRLRRRRRRLL,TIMEOUT,-1,20000000,-1,0,0,4572,73,72,0
RLRLRRRRRLRR,TIMEOUT,-1,20000000,-1,0,0,137557,448,400,0
RLRLRRRRRLRL,TIMEOUT,-1,20000000,-1,0,0,135320,420,410,0
RLRLRRRRRLLR,TIMEOUT,-1,20000000,-1,0,0,4944,78,72,0
RLRLRRRRRLLL,TIMEOUT,-1,20000000,-1,0,0,152934,424,433,0
RLRLRRRRLRRR,TIMEOUT,-1,20000000,-1,0,0,154182,435,432,0
RLRLRRRRLRRL,TIMEOUT,-1,20000000,-1,0,0,151236,452,462,0
RLRLRRRRLRLR,TIMEOUT,-1,20000000,-1,0,0,156518,446,429,0
RLRLRRRRLRLL,TIMEOUT,-1,20000000,-1,0,0,155883,464,464,0
RLRLRRRRLLRR,TIMEOUT,-1,20000000,-1,0,0,5474,81,77,0
RLRLRRRRLLRL,TIMEOUT,-1,20000000,-1,0,0,149092,418,446,0
RLRLRRRRLLLR,TIMEOUT,-1,20000000,-1,0,0,154933,449,424,0
RLRLRRRRLLLL,TIMEOUT,-1,20000000,-1,0,0,144927,449,449,0
RLRLRRRLRRRR,TIMEOUT,-1,20000000,-1,0,0,143171,447,431,0
RLRLRRRLRRRL,TIMEOUT,-1,20000000,-1,0,0,155577,449,498,0
RLRLRRRLRRLR,TIMEOUT,-1,20000000,-1,0,0,158026,444,451,0
RLRLRRRLRRLL,TIMEOUT,-1,20000000,-1,0,0,162168,470,505,0
RLRLRRRLRLRR,TIMEOUT,-1,20000000,-1,0,0,183753,495,531,0
RLRLRRRLRLRL,TIMEOUT,-1,20000000,-1,0,0,152077,496,424,0
RLRLRRRLRLLR,TIMEOUT,-1,20000000,-1,0,0,175097,506,488,0
RLRLRRRLRLLL,TIMEOUT,-1,20000000,-1,0,0,168719,513,450,0
RLRLRRRLLRRR,TIMEOUT,-1,20000000,-1,0,0,7207,106,92,0
RLRLRRRLLRRL,TIMEOUT,-1,20000000,-1,0,0,159083,490,421,0
RLRLRRRLLRLR,TIMEOUT,-1,20000000,-1,0,0,159741,505,439,0
RLRLRRRLLRLL,TIMEOUT,-1,20000000,-1,0,0,161790,507,483,0
RLRLRRRLLLRR,TIMEOUT,-1,20000000,-1,0,0,179822,467,537,0
RLRLRRRLLLRL,TIMEOUT,-1,20000000,-1,0,0,155761,479,491,0
RLRLRRRLLLLR,TIMEOUT,-1,20000000,-1,0,0,160775,476,492,0
RLRLRRRLLLLL,TIMEOUT,-1,20000000,-1,0,0,140578,468,433,0
RLRLRRLRRRRR,TIMEOUT,-1,20000000,-1,0,0,264501,568,573,0
RLRLRRLRRRRL,TIMEOUT,-1,20000000,-1,0,0,159392,489,448,0
RLRLRRLRRRLR,TIMEOUT,-1,20000000,-1,0,0,178025,524,461,0
RLRLRRLRRRLL,TIMEOUT,-1,20000000,-1,0,0,168821,537,463,0
RLRLRRLRRLRR,TIMEOUT,-1,20000000,-1,0,0,159364,455,466,0
RLRLRRLRRLRL,TIMEOUT,-1,20000000,-1,0,0,160927,464,469,0
RLRLRRLRRLLR,TIMEOUT,-1,20000000,-1,0,0,166484,469,485,0
RLRLRRLRRLLL,TIMEOUT,-1,20000000,-1,0,0,170682,506,478,0
RLRLRRLRLRRR,TIMEOUT,-1,20000000,-1,0,0,180352,500,524,0
RLRLRRLRLRRL,TIMEOUT,-1,20000000,-1,0,0,184775,478,549,0
RLRLRRLRLRLR,TIMEOUT,-1,20000000,-1,0,0,167793,491,494,0
RLRLRRLRLRLL,TIMEOUT,-1,20000000,-1,0,0,153951,444,494,0
RLRLRRLRLLRR,TIMEOUT,-1,20000000,-1,0,0,169555,443,511,0
RLRLRRLRLLRL,TIMEOUT,-1,20000000,-1,0,0,154451,452,502,0
RLRLRRLRLLLR,TIMEOUT,-1,20000000,-1,0,0,160027,482,483,0
RLRLRRLRLLLL,TIMEOUT,-1,20000000,-1,0,0,152075,440,497,0
RLRLRRLLRRRR,TIMEOUT,-1,20000000,-1,0,0,7653,96,109,0
RLRLRRLLRRRL,TIMEOUT,-1,20000000,-1,0,0,148293,427,454,0
RLRLRRLLRRLR,TIMEOUT,-1,20000000,-1,0,0,151938,475,454,0
RLRLRRLLRRLL,TIMEOUT,-1,20000000,-1,0,0,148402,481,431,0
RLRLRRLLRLRR,TIMEOUT,-1,20000000,-1,0,0,166980,466,467,0
RLRLRRLLRLRL,TIMEOUT,-1,20000000,-1,0,0,164459,486,457,0
RLRLRRLLRLLR,TIMEOUT,-1,20000000,-1,0,0,171217,473,519,0
RLRLRRLLRLLL,TIMEOUT,-1,20000000,-1,0,0,165038,509,469,0
RLRLRRLLLRRR,TIMEOUT,-1,20000000,-1,0,0,138725,419,430,0
RLRLRRLLLRRL,TIMEOUT,-1,20000000,-1,0,0,156314,473,515,0
RLRLRRLLLRLR,TIMEOUT,-1,20000000,-1,0,0,154374,477,474,0
RLRLRRLLLRLL,TIMEOUT,-1,20000000,-1,0,0,164611,451,485,0
RLRLRRLLLLRR,TIMEOUT,-1,20000000,-1,0,0,168178,490,488,0
RLRLRRLLLLRL,TIMEOUT,-1,20000000,-1,0,0,140064,417,466,0
RLRLRRLLLLLR,TIMEOUT,-1,20000000,-1,0,0,118432,401,390,0
RLRLRRLLLLLL,TIMEOUT,-1,20000000,-1,0,0,5384,89,83,0
RLRLRLRRRRRR,HIGHWAY,3015,4096,88,2,2,749,50,51,1
RLRLRLRRRRRL,HIGHWAY,4477,5120,88,2,2,923,46,47,1
RLRLRLRRRRLR,HIGHWAY,2872,6144,88,-2,2,1239,89,104,1
RLRLRLRRRRLL,HIGHWAY,763,2048,88,-2,2,496,46,43,1
RLRLRLRRRLRR,HIGHWAY,819,2048,88,2,2,468,45,44,1
RLRLRLRRRLRL,HIGHWAY,3429,5120,88,2,2,955,68,66,1
RLRLRLRRRLLR,HIGHWAY,6458,7168,88,-2,-2,1015,50,50,1
RLRLRLRRRLLL,HIGHWAY,4253,5120,88,-2,-2,738,42,52,1
RLRLRLRRLRRR,TIMEOUT,-1,20000000,-1,0,0,268719,543,652,0
RLRLRLRRLRRL,TIMEOUT,-1,20000000,-1,0,0,256382,555,637,0
RLRLRLRRLRLR,HIGHWAY,1328129,1336320,340,-4,-4,47535,506,338,0
RLRLRLRRLRLL,TIMEOUT,-1,20000000,-1,0,0,308574,604,770,0
RLRLRLRRLLRR,TIMEOUT,-1,20000000,-1,0,0,258334,615,646,0
RLRLRLRRLLRL,TIMEOUT,-1,20000000,-1,0,0,305177,642,769,0
RLRLRLRRLLLR,TIMEOUT,-1,20000000,-1,0,0,275947,697,610,0
RLRLRLRRLLLL,TIMEOUT,-1,20000000,-1,0,0,280458,692,570,0
RLRLRLRLRRRR,TIMEOUT,-1,20000000,-1,0,0,254636,649,581,0
RLRLRLRLRRRL,OOB,-1,3728184,-1,0,0,112105,1206,864,0
RLRLRLRLRRLR,HIGHWAY,1585,2048,108,-2,-2,393,31,23,1
RLRLRLRLRRLL,HIGHWAY,1270,2048,108,-2,2,380,31,32,1
RLRLRLRLRLRR,HIGHWAY,570,2048,104,-2,2,450,43,44,1
RLRLRLRLRLRL,HIGHWAY,10077,11264,104,-2,-2,1648,73,45,1
RLRLRLRLRLLR,HIGHWAY,5405,6144,104,2,-2,877,52,38,1
RLRLRLRLRLLL,HIGHWAY,3108,4096,104,2,-2,776,39,51,1
RLRLRLRLLRRR,TIMEOUT,-1,20000000,-1,0,0,282737,587,681,0
RLRLRLRLLRRL,TIMEOUT,-1,20000000,-1,0,0,309134,674,644,0
RLRLRLRLLRLR,TIMEOUT,-1,20000000,-1,0,0,310777,705,695,0
RLRLRLRLLRLL,HIGHWAY,16141256,16146432,1128,12,-8,299680,857,585,1
RLRLRLRLLLRR,TIMEOUT,-1,20000000,-1,0,0,303525,764,583,0
RLRLRLRLLLRL,TIMEOUT,-1,20000000,-1,0,0,290309,688,611,0
RLRLRLRLLLLR,TIMEOUT,-1,20000000,-1,0,0,305241,696,814,0
RLRLRLRLLLLL,TIMEOUT,-1,20000000,-1,0,0,310489,683,757,0
RLRLRLLRRRRR,TIMEOUT,-1,20000000,-1,0,0,8124,116,99,0
RLRLRLLRRRRL,TIMEOUT,-1,20000000,-1,0,0,217937,630,582,0
RLRLRLLRRRLR,TIMEOUT,-1,20000000,-1,0,0,233617,549,627,0
RLRLRLLRRRLL,HIGHWAY,6062,11264,484,8,0,1738,120,37,1
RLRLRLLRRLRR,TIMEOUT,-1,20000000,-1,0,0,248700,689,572,0
RLRLRLLRRLRL,TIMEOUT,-1,20000000,-1,0,0,273218,547,754,0
RLRLRLLRRLLR,TIMEOUT,-1,20000000,-1,0,0,307231,699,736,0
RLRLRLLRRLLL,TIMEOUT,-1,20000000,-1,0,0,356455,722,775,0
RLRLRLLRLRRR,TIMEOUT,-1,20000000,-1,0,0,243359,614,621,0
RLRLRLLRLRRL,HIGHWAY,1426,4096,138,-3,-1,846,82,39,1
RLRLRLLRLRLR,HIGHWAY,21606,22528,146,1,-3,2363,73,69,1
RLRLRLLRLRLL,TIMEOUT,-1,20000000,-1,0,0,310677,625,777,0
RLRLRLLRLLRR,TIMEOUT,-1,20000000,-1,0,0,297893,716,689,0
RLRLRLLRLLRL,HIGHWAY,20949,24576,320,4,4,3062,100,112,1
RLRLRLLRLLLR,HIGHWAY,3488661,3493888,1312,8,8,88738,369,427,1
RLRLRLLRLLLL,HIGHWAY,2140144,2141184,180,2,2,58932,280,381,1
RLRLRLLLRRRR,TIMEOUT,-1,20000000,-1,0,0,206856,620,553,0
RLRLRLLLRRRL,TIMEOUT,-1,20000000,-1,0,0,251322,726,578,0
RLRLRLLLRRLR,TIMEOUT,-1,20000000,-1,0,0,280833,631,647,0
RLRLRLLLRRLL,TIMEOUT,-1,20000000,-1,0,0,254592,667,576,0
RLRLRLLLRLRR,TIMEOUT,-1,20000000,-1,0,0,232787,597,640,0
RLRLRLLLRLRL,TIMEOUT,-1,20000000,-1,0,0,290678,676,754,0
RLRLRLLLRLLR,TIMEOUT,-1,20000000,-1,0,0,244610,664,555,0
RLRLRLLLRLLL,TIMEOUT,-1,20000000,-1,0,0,253586,630,651,0
RLRLRLLLLRRR,TIMEOUT,-1,20000000,-1,0,0,217696,580,538,0
RLRLRLLLLRRL,TIMEOUT,-1,20000000,-1,0,0,256625,662,552,0
RLRLRLLLLRLR,TIMEOUT,-1,20000000,-1,0,0,226878,569,602,0
RLRLRLLLLRLL,TIMEOUT,-1,20000000,-1,0,0,224129,606,565,0
RLRLRLLLLLRR,TIMEOUT,-1,20000000,-1,0,0,208322,536,544,0
RLRLRLLLLLRL,TIMEOUT,-1,20000000,-1,0,0,273572,588,612,0
RLRLRLLLLLLR,TIMEOUT,-1,20000000,-1,0,0,8847,118,107,0
RLRLRLLLLLLL,TIMEOUT,-1,20000000,-1,0,0,195821,548,512,0
RLRLLRRRRRRR,TIMEOUT,-1,20000000,-1,0,0,94253,337,329,0
RLRLLRRRRRRL,TIMEOUT,-1,20000000,-1,0,0,4982,76,76,0
RLRLLRRRRRLR,TIMEOUT,-1,20000000,-1,0,0,100273,344,359,0
RLRLLRRRRRLL,TIMEOUT,-1,20000000,-1,0,0,103734,359,343,0
RLRLLRRRRLRR,TIMEOUT,-1,20000000,-1,0,0,95927,344,367,0
RLRLLRRRRLRL,TIMEOUT,-1,20000000,-1,0,0,101950,378,362,0
RLRLLRRRRLLR,TIMEOUT,-1,20000000,-1,0,0,103845,363,363,0
RLRLLRRRRLLL,TIMEOUT,-1,20000000,-1,0,0,108354,376,365,0
RLRLLRRRLRRR,TIMEOUT,-1,20000000,-1,0,0,109527,406,342,0
RLRLLRRRLRRL,TIMEOUT,-1,20000000,-1,0,0,113416,381,392,0
RLRLLRRRLRLR,TIMEOUT,-1,20000000,-1,0,0,121830,412,407,0
RLRLLRRRLRLL,TIMEOUT,-1,20000000,-1,0,0,125129,410,449,0
RLRLLRRRLLRR,HIGHWAY,20416,21504,116,-2,2,1350,62,51,1
RLRLLRRRLLRL,HIGHWAY,15622,18432,608,-6,-6,1741,62,85,1
RLRLLRRRLLLR,TIMEOUT,-1,20000000,-1,0,0,142806,438,439,0
RLRLLRRRLLLL,TIMEOUT,-1,20000000,-1,0,0,128728,425,426,0
RLRLLRRLRRRR,TIMEOUT,-1,20000000,-1,0,0,105526,384,381,0
RLRLLRRLRRRL,TIMEOUT,-1,20000000,-1,0,0,115733,382,392,0
RLRLLRRLRRLR,TIMEOUT,-1,20000000,-1,0,0,113215,391,379,0
RLRLLRRLRRLL,TIMEOUT,-1,20000000,-1,0,0,111380,387,397,0
RLRLLRRLRLRR,TIMEOUT,-1,20000000,-1,0,0,127443,416,384,0
RLRLLRRLRLRL,TIMEOUT,-1,20000000,-1,0,0,117434,416,389,0
RLRLLRRLRLLR,TIMEOUT,-1,20000000,-1,0,0,137639,453,432,0
RLRLLRRLRLLL,TIMEOUT,-1,20000000,-1,0,0,140558,460,422,0
RLRLLRRLLRRR,TIMEOUT,-1,20000000,-1,0,0,97214,356,343,0
RLRLLRRLLRRL,TIMEOUT,-1,20000000,-1,0,0,101663,352,377,0
RLRLLRRLLRLR,TIMEOUT,-1,20000000,-1,0,0,119501,382,417,0
RLRLLRRLLRLL,TIMEOUT,-1,20000000,-1,0,0,115220,380,418,0
RLRLLRRLLLRR,TIMEOUT,-1,20000000,-1,0,0,95583,347,357,0
RLRLLRRLLLRL,TIMEOUT,-1,20000000,-1,0,0,100684,354,380,0
RLRLLRRLLLLR,TIMEOUT,-1,20000000,-1,0,0,83772,330,328,0
RLRLLRRLLLLL,TIMEOUT,-1,20000000,-1,0,0,3838,72,70,0
RLRLLRLRRRRR,TIMEOUT,-1,20000000,-1,0,0,327065,652,632,0
RLRLLRLRRRRL,TIMEOUT,-1,20000000,-1,0,0,222003,515,598,0
RLRLLRLRRRLR,TIMEOUT,-1,20000000,-1,0,0,242123,626,605,0
RLRLLRLRRRLL,TIMEOUT,-1,20000000,-1,0,0,210257,537,611,0
RLRLLRLRRLRR,TIMEOUT,-1,20000000,-1,0,0,209210,520,577,0
RLRLLRLRRLRL,TIMEOUT,-1,20000000,-1,0,0,241074,562,622,0
RLRLLRLRRLLR,TIMEOUT,-1,20000000,-1,0,0,238155,561,694,0
RLRLLRLRRLLL,TIMEOUT,-1,20000000,-1,0,0,227004,547,661,0
RLRLLRLRLRRR,TIMEOUT,-1,20000000,-1,0,0,233026,677,542,0
RLRLLRLRLRRL,HIGHWAY,2139,3072,128,-2,2,554,39,43,1
RLRLLRLRLRLR,TIMEOUT,-1,20000000,-1,0,0,230957,551,570,0
RLRLLRLRLRLL,TIMEOUT,-1,20000000,-1,0,0,261326,658,616,0
RLRLLRLRLLRR,TIMEOUT,-1,20000000,-1,0,0,251923,647,542,0
RLRLLRLRLLRL,TIMEOUT,-1,20000000,-1,0,0,232815,527,618,0
RLRLLRLRLLLR,TIMEOUT,-1,20000000,-1,0,0,225501,578,563,0
RLRLLRLRLLLL,TIMEOUT,-1,20000000,-1,0,0,192692,478,565,0
RLRLLRLLRRRR,HIGHWAY,9318,10240,100,-2,2,1091,52,51,1
RLRLLRLLRRRL,HIGHWAY,1283,2048,100,-2,-2,380,36,31,1
RLRLLRLLRRLR,TIMEOUT,-1,20000000,-1,0,0,196323,486,523,0
RLRLLRLLRRLL,TIMEOUT,-1,20000000,-1,0,0,211931,649,473,0
RLRLLRLLRLRR,OOB,-1,12160717,-1,0,0,223709,1317,1302,0
RLRLLRLLRLRL,HIGHWAY,55787,56320,128,-2,-2,3900,73,86,1
RLRLLRLLRLLR,TIMEOUT,-1,20000000,-1,0,0,242899,619,576,0
RLRLLRLLRLLL,TIMEOUT,-1,20000000,-1,0,0,272526,753,573,0
RLRLLRLLLRRR,TIMEOUT,-1,20000000,-1,0,0,176375,518,484,0
RLRLLRLLLRRL,TIMEOUT,-1,20000000,-1,0,0,176937,483,505,0
RLRLLRLLLRLR,TIMEOUT,-1,20000000,-1,0,0,195452,569,531,0
RLRLLRLLLRLL,HIGHWAY,1677,4096,210,-1,3,725,30,59,1
RLRLLRLLLLRR,TIMEOUT,-1,20000000,-1,0,0,163777,517,460,0
RLRLLRLLLLRL,TIMEOUT,-1,20000000,-1,0,0,188217,559,479,0
RLRLLRLLLLLR,TIMEOUT,-1,20000000,-1,0,0,185922,461,501,0
RLRLLRLLLLLL,TIMEOUT,-1,20000000,-1,0,0,192269,494,488,0
RLRLLLRRRRRR,TIMEOUT,-1,20000000,-1,0,0,4902,80,80,0
RLRLLLRRRRRL,TIMEOUT,-1,20000000,-1,0,0,81577,344,322,0
RLRLLLRRRRLR,TIMEOUT,-1,20000000,-1,0,0,85242,327,340,0
RLRLLLRRRRLL,TIMEOUT,-1,20000000,-1,0,0,86167,326,363,0
RLRLLLRRRLRR,TIMEOUT,-1,20000000,-1,0,0,95789,341,366,0
RLRLLLRRRLRL,TIMEOUT,-1,20000000,-1,0,0,100640,365,358,0
RLRLLLRRRLLR,HIGHWAY,163098,163840,180,2,2,4665,75,91,1
RLRLLLRRRLLL,TIMEOUT,-1,20000000,-1,0,0,164915,513,491,0
RLRLLLRRLRRR,TIMEOUT,-1,20000000,-1,0,0,76558,320,323,0
RLRLLLRRLRRL,TIMEOUT,-1,20000000,-1,0,0,79248,326,315,0
RLRLLLRRLRLR,TIMEOUT,-1,20000000,-1,0,0,93074,355,346,0
RLRLLLRRLRLL,TIMEOUT,-1,20000000,-1,0,0,99453,361,343,0
RLRLLLRRLLRR,TIMEOUT,-1,20000000,-1,0,0,78953,319,338,0
RLRLLLRRLLRL,TIMEOUT,-1,20000000,-1,0,0,86447,356,336,0
RLRLLLRRLLLR,TIMEOUT,-1,20000000,-1,0,0,71901,299,302,0
RLRLLLRRLLLL,TIMEOUT,-1,20000000,-1,0,0,3500,68,67,0
RLRLLLRLRRRR,TIMEOUT,-1,20000000,-1,0,0,125044,400,411,0
RLRLLLRLRRRL,TIMEOUT,-1,20000000,-1,0,0,145389,445,477,0
RLRLLLRLRRLR,TIMEOUT,-1,20000000,-1,0,0,128121,423,426,0
RLRLLLRLRRLL,TIMEOUT,-1,20000000,-1,0,0,148181,465,433,0
RLRLLLRLRLRR,TIMEOUT,-1,20000000,-1,0,0,124720,402,442,0
RLRLLLRLRLRL,TIMEOUT,-1,20000000,-1,0,0,128330,437,448,0
RLRLLLRLRLLR,TIMEOUT,-1,20000000,-1,0,0,129663,384,458,0
RLRLLLRLRLLL,TIMEOUT,-1,20000000,-1,0,0,121835,420,403,0
RLRLLLRLLRRR,HIGHWAY,105856,106496,144,2,2,4557,80,87,1
RLRLLLRLLRRL,TIMEOUT,-1,20000000,-1,0,0,181133,480,527,0
RLRLLLRLLRLR,TIMEOUT,-1,20000000,-1,0,0,180310,548,508,0
RLRLLLRLLRLL,HIGHWAY,59334,60416,132,-2,2,2786,84,73,1
RLRLLLRLLLRR,HIGHWAY,1260,2048,116,2,-2,358,35,30,1
RLRLLLRLLLRL,TIMEOUT,-1,20000000,-1,0,0,252903,747,574,0
RLRLLLRLLLLR,TIMEOUT,-1,20000000,-1,0,0,187099,506,602,0
RLRLLLRLLLLL,TIMEOUT,-1,20000000,-1,0,0,165340,534,478,0
RLRLLLLRRRRR,TIMEOUT,-1,20000000,-1,0,0,72605,319,301,0
RLRLLLLRRRRL,TIMEOUT,-1,20000000,-1,0,0,75091,337,309,0
RLRLLLLRRRLR,TIMEOUT,-1,20000000,-1,0,0,86969,316,342,0
RLRLLLLRRRLL,TIMEOUT,-1,20000000,-1,0,0,107066,393,374,0
RLRLLLLRRLRR,TIMEOUT,-1,20000000,-1,0,0,69018,319,287,0
RLRLLLLRRLRL,TIMEOUT,-1,20000000,-1,0,0,76141,303,315,0
RLRLLLLRRLLR,TIMEOUT,-1,20000000,-1,0,0,68231,292,285,0
RLRLLLLRRLLL,TIMEOUT,-1,20000000,-1,0,0,3318,66,65,0
RLRLLLLRLRRR,TIMEOUT,-1,20000000,-1,0,0,92619,356,345,0
RLRLLLLRLRRL,TIMEOUT,-1,20000000,-1,0,0,112441,388,384,0
RLRLLLLRLRLR,TIMEOUT,-1,20000000,-1,0,0,93805,385,331,0
RLRLLLLRLRLL,TIMEOUT,-1,20000000,-1,0,0,89220,359,340,0
RLRLLLLRLLRR,TIMEOUT,-1,20000000,-1,0,0,136230,439,446,0
RLRLLLLRLLRL,TIMEOUT,-1,20000000,-1,0,0,122334,470,393,0
RLRLLLLRLLLR,HIGHWAY,48143,55296,172,2,-2,3359,140,141,1
RLRLLLLRLLLL,HIGHWAY,236591,239616,548,-4,-4,9548,119,150,1
RLRLLLLLRRRR,TIMEOUT,-1,20000000,-1,0,0,70222,293,324,0
RLRLLLLLRRRL,TIMEOUT,-1,20000000,-1,0,0,73862,322,319,0
RLRLLLLLRRLR,TIMEOUT,-1,20000000,-1,0,0,69448,284,294,0
RLRLLLLLRRLL,TIMEOUT,-1,20000000,-1,0,0,3168,64,64,0
RLRLLLLLRLRR,TIMEOUT,-1,20000000,-1,0,0,81631,361,300,0
RLRLLLLLRLRL,TIMEOUT,-1,20000000,-1,0,0,73588,303,313,0
RLRLLLLLRLLR,OOB,-1,97964,-1,0,0,11250,1026,1027,0
RLRLLLLLRLLL,TIMEOUT,-1,20000000,-1,0,0,132062,430,459,0
RLRLLLLLLRRR,TIMEOUT,-1,20000000,-1,0,0,71313,308,306,0
RLRLLLLLLRRL,TIMEOUT,-1,20000000,-1,0,0,3229,63,64,0
RLRLLLLLLRLR,TIMEOUT,-1,20000000,-1,0,0,69804,327,303,0
RLRLLLLLLRLL,TIMEOUT,-1,20000000,-1,0,0,83886,331,334,0
RLRLLLLLLLRR,TIMEOUT,-1,20000000,-1,0,0,3068,63,63,0
RLRLLLLLLLRL,TIMEOUT,-1,20000000,-1,0,0,78818,349,322,0
RLRLLLLLLLLR,TIMEOUT,-1,20000000,-1,0,0,81420,318,357,0
RLRLLLLLLLLL,TIMEOUT,-1,20000000,-1,0,0,775,32,32,0
RLLRRRRRRRRR,TIMEOUT,-1,20000000,-1,0,0,352,18,20,0
RLLRRRRRRRRL,TIMEOUT,-1,20000000,-1,0,0,202786,492,546,0
RLLRRRRRRRLR,TIMEOUT,-1,20000000,-1,0,0,268034,602,486,0
RLLRRRRRRRLL,TIMEOUT,-1,20000000,-1,0,0,1144,38,36,0
RLLRRRRRRLRR,TIMEOUT,-1,20000000,-1,0,0,159970,423,437,0
RLLRRRRRRLRL,TIMEOUT,-1,20000000,-1,0,0,3924,66,68,0
RLLRRRRRRLLR,TIMEOUT,-1,20000000,-1,0,0,1440,36,40,0
RLLRRRRRRLLL,TIMEOUT,-1,20000000,-1,0,0,144088,408,404,0
RLLRRRRRLRRR,TIMEOUT,-1,20000000,-1,0,0,126461,406,402,0
RLLRRRRRLRRL,TIMEOUT,-1,20000000,-1,0,0,215564,500,456,0
RLLRRRRRLRLR,TIMEOUT,-1,20000000,-1,0,0,4604,74,72,0
RLLRRRRRLRLL,TIMEOUT,-1,20000000,-1,0,0,115583,385,371,0
RLLRRRRRLLRR,TIMEOUT,-1,20000000,-1,0,0,1036,34,34,0
RLLRRRRRLLRL,TIMEOUT,-1,20000000,-1,0,0,178384,521,444,0
RLLRRRRRLLLR,TIMEOUT,-1,20000000,-1,0,0,134295,384,398,0
RLLRRRRRLLLL,TIMEOUT,-1,20000000,-1,0,0,5569,87,82,0
RLLRRRRLRRRR,TIMEOUT,-1,20000000,-1,0,0,224048,488,492,0
RLLRRRRLRRRL,TIMEOUT,-1,20000000,-1,0,0,127198,428,392,0
RLLRRRRLRRLR,TIMEOUT,-1,20000000,-1,0,0,157982,444,434,0
RLLRRRRLRRLL,TIMEOUT,-1,20000000,-1,0,0,141042,429,409,0
RLLRRRRLRLRR,TIMEOUT,-1,20000000,-1,0,0,5792,78,95,0
RLLRRRRLRLRL,TIMEOUT,-1,20000000,-1,0,0,141993,379,406,0
RLLRRRRLRLLR,TIMEOUT,-1,20000000,-1,0,0,139490,413,407,0
RLLRRRRLRLLL,TIMEOUT,-1,20000000,-1,0,0,135878,395,391,0
RLLRRRRLLRRR,TIMEOUT,-1,20000000,-1,0,0,1856,40,48,0
RLLRRRRLLRRL,TIMEOUT,-1,20000000,-1,0,0,91839,327,330,0
RLLRRRRLLRLR,TIMEOUT,-1,20000000,-1,0,0,104887,368,334,0
RLLRRRRLLRLL,TIMEOUT,-1,20000000,-1,0,0,4832,74,74,0
RLLRRRRLLLRR,TIMEOUT,-1,20000000,-1,0,0,410209,715,796,0
RLLRRRRLLLRL,TIMEOUT,-1,20000000,-1,0,0,112236,361,373,0
RLLRRRRLLLLR,TIMEOUT,-1,20000000,-1,0,0,135512,344,396,0
RLLRRRRLLLLL,TIMEOUT,-1,20000000,-1,0,0,106556,362,332,0
RLLRRRLRRRRR,TIMEOUT,-1,20000000,-1,0,0,379748,612,680,0
RLLRRRLRRRRL,TIMEOUT,-1,20000000,-1,0,0,134992,438,405,0
RLLRRRLRRRLR,TIMEOUT,-1,20000000,-1,0,0,147002,441,429,0
RLLRRRLRRRLL,TIMEOUT,-1,20000000,-1,0,0,146096,426,436,0
RLLRRRLRRLRR,TIMEOUT,-1,20000000,-1,0,0,141415,440,429,0
RLLRRRLRRLRL,TIMEOUT,-1,20000000,-1,0,0,138679,420,425,0
RLLRRRLRRLLR,TIMEOUT,-1,20000000,-1,0,0,151070,467,415,0
RLLRRRLRRLLL,TIMEOUT,-1,20000000,-1,0,0,144765,416,447,0
RLLRRRLRLRRR,TIMEOUT,-1,20000000,-1,0,0,8120,94,94,0
RLLRRRLRLRRL,TIMEOUT,-1,20000000,-1,0,0,149700,424,417,0
RLLRRRLRLRLR,TIMEOUT,-1,20000000,-1,0,0,163481,446,450,0
RLLRRRLRLRLL,TIMEOUT,-1,20000000,-1,0,0,145702,419,425,0
RLLRRRLRLLRR,TIMEOUT,-1,20000000,-1,0,0,181914,520,439,0
RLLRRRLRLLRL,TIMEOUT,-1,20000000,-1,0,0,147307,411,416,0
RLLRRRLRLLLR,TIMEOUT,-1,20000000,-1,0,0,198956,469,473,0
RLLRRRLRLLLL,TIMEOUT,-1,20000000,-1,0,0,136584,397,393,0
RLLRRRLLRRRR,TIMEOUT,-1,20000000,-1,0,0,1312,38,38,0
RLLRRRLLRRRL,TIMEOUT,-1,20000000,-1,0,0,102913,341,339,0
RLLRRRLLRRLR,TIMEOUT,-1,20000000,-1,0,0,113860,353,387,0
RLLRRRLLRRLL,TIMEOUT,-1,20000000,-1,0,0,4449,74,71,0
RLLRRRLLRLRR,TIMEOUT,-1,20000000,-1,0,0,263002,522,547,0
RLLRRRLLRLRL,TIMEOUT,-1,20000000,-1,0,0,149594,396,410,0
RLLRRRLLRLLR,TIMEOUT,-1,20000000,-1,0,0,5635,78,84,0
RLLRRRLLRLLL,TIMEOUT,-1,20000000,-1,0,0,138221,412,398,0
RLLRRRLLLRRR,TIMEOUT,-1,20000000,-1,0,0,228862,510,482,0
RLLRRRLLLRRL,TIMEOUT,-1,20000000,-1,0,0,164632,427,460,0
RLLRRRLLLRLR,TIMEOUT,-1,20000000,-1,0,0,170092,470,440,0
RLLRRRLLLRLL,TIMEOUT,-1,20000000,-1,0,0,148241,408,389,0
RLLRRRLLLLRR,TIMEOUT,-1,20000000,-1,0,0,6944,91,90,0
RLLRRRLLLLRL,TIMEOUT,-1,20000000,-1,0,0,115736,354,358,0
RLLRRRLLLLLR,TIMEOUT,-1,20000000,-1,0,0,255424,502,524,0
RLLRRRLLLLLL,TIMEOUT,-1,20000000,-1,0,0,323103,566,580,0
RLLRRLRRRRRR,TIMEOUT,-1,20000000,-1,0,0,283784,557,593,0
RLLRRLRRRRRL,TIMEOUT,-1,20000000,-1,0,0,154275,440,460,0
RLLRRLRRRRLR,TIMEOUT,-1,20000000,-1,0,0,155096,432,466,0
RLLRRLRRRRLL,TIMEOUT,-1,20000000,-1,0,0,154714,466,426,0
RLLRRLRRRLRR,TIMEOUT,-1,20000000,-1,0,0,143536,425,442,0
RLLRRLRRRLRL,TIMEOUT,-1,20000000,-1,0,0,142196,431,412,0
RLLRRLRRRLLR,TIMEOUT,-1,20000000,-1,0,0,148470,425,430,0
RLLRRLRRRLLL,TIMEOUT,-1,20000000,-1,0,0,136196,397,408,0
RLLRRLRRLRRR,TIMEOUT,-1,20000000,-1,0,0,163626,442,465,0
RLLRRLRRLRRL,TIMEOUT,-1,20000000,-1,0,0,156806,458,452,0
RLLRRLRRLRLR,TIMEOUT,-1,20000000,-1,0,0,141827,460,391,0
RLLRRLRRLRLL,TIMEOUT,-1,20000000,-1,0,0,149180,432,442,0
RLLRRLRRLLRR,TIMEOUT,-1,20000000,-1,0,0,153060,397,427,0
RLLRRLRRLLRL,TIMEOUT,-1,20000000,-1,0,0,159665,457,447,0
RLLRRLRRLLLR,TIMEOUT,-1,20000000,-1,0,0,8780,96,94,0
RLLRRLRRLLLL,OOB,-1,16087513,-1,0,0,4115655,2022,2040,0
RLLRRLRLRRRR,TIMEOUT,-1,20000000,-1,0,0,8503,106,105,0
RLLRRLRLRRRL,TIMEOUT,-1,20000000,-1,0,0,148787,440,450,0
RLLRRLRLRRLR,TIMEOUT,-1,20000000,-1,0,0,154053,483,457,0
RLLRRLRLRRLL,TIMEOUT,-1,20000000,-1,0,0,150744,493,411,0
RLLRRLRLRLRR,HIGHWAY,4168657,4171776,132,2,-2,56856,304,263,1
RLLRRLRLRLRL,TIMEOUT,-1,20000000,-1,0,0,147139,434,435,0
RLLRRLRLRLLR,TIMEOUT,-1,20000000,-1,0,0,168372,461,466,0
RLLRRLRLRLLL,TIMEOUT,-1,20000000,-1,0,0,139502,425,416,0
RLLRRLRLLRRR,TIMEOUT,-1,20000000,-1,0,0,170176,453,469,0
RLLRRLRLLRRL,TIMEOUT,-1,20000000,-1,0,0,233422,596,584,0
RLLRRLRLLRLR,TIMEOUT,-1,20000000,-1,0,0,149379,472,428,0
RLLRRLRLLRLL,TIMEOUT,-1,20000000,-1,0,0,145684,428,435,0
RLLRRLRLLLRR,TIMEOUT,-1,20000000,-1,0,0,152318,441,441,0
RLLRRLRLLLRL,TIMEOUT,-1,20000000,-1,0,0,153187,426,464,0
RLLRRLRLLLLR,TIMEOUT,-1,20000000,-1,0,0,211901,477,466,0
RLLRRLRLLLLL,TIMEOUT,-1,20000000,-1,0,0,210839,460,488,0
RLLRRLLRRRRR,TIMEOUT,-1,20000000,-1,0,0,3232,52,64,0
RLLRRLLRRRRL,TIMEOUT,-1,20000000,-1,0,0,161317,433,429,0
RLLRRLLRRRLR,TIMEOUT,-1,20000000,-1,0,0,154930,416,439,0
RLLRRLLRRRLL,TIMEOUT,-1,20000000,-1,0,0,7911,94,96,0
RLLRRLLRRLRR,TIMEOUT,-1,20000000,-1,0,0,174456,459,414,0
RLLRRLLRRLRL,TIMEOUT,-1,20000000,-1,0,0,169263,412,442,0
RLLRRLLRRLLR,TIMEOUT,-1,20000000,-1,0,0,421690,600,706,0
RLLRRLLRRLLL,TIMEOUT,-1,20000000,-1,0,0,162192,422,408,0
RLLRRLLRLRRR,TIMEOUT,-1,20000000,-1,0,0,204008,464,490,0
RLLRRLLRLRRL,TIMEOUT,-1,20000000,-1,0,0,164877,407,442,0
RLLRRLLRLRLR,TIMEOUT,-1,20000000,-1,0,0,177446,434,436,0
RLLRRLLRLRLL,TIMEOUT,-1,20000000,-1,0,0,225324,480,496,0
RLLRRLLRLLRR,TIMEOUT,-1,20000000,-1,0,0,7415,90,94,0
RLLRRLLRLLRL,TIMEOUT,-1,20000000,-1,0,0,189690,446,452,0
RLLRRLLRLLLR,TIMEOUT,-1,20000000,-1,0,0,167958,422,418,0
RLLRRLLRLLLL,TIMEOUT,-1,20000000,-1,0,0,165182,410,420,0
RLLRRLLLRRRR,TIMEOUT,-1,20000000,-1,0,0,161004,414,408,0
RLLRRLLLRRRL,TIMEOUT,-1,20000000,-1,0,0,150702,411,394,0
RLLRRLLLRRLR,TIMEOUT,-1,20000000,-1,0,0,5776,80,76,0
RLLRRLLLRRLL,TIMEOUT,-1,20000000,-1,0,0,131243,372,362,0
RLLRRLLLRLRR,TIMEOUT,-1,20000000,-1,0,0,188792,442,458,0
RLLRRLLLRLRL,TIMEOUT,-1,20000000,-1,0,0,162334,412,414,0
RLLRRLLLRLLR,TIMEOUT,-1,20000000,-1,0,0,160380,404,410,0
RLLRRLLLRLLL,TIMEOUT,-1,20000000,-1,0,0,226932,474,498,0
RLLRRLLLLRRR,TIMEOUT,-1,20000000,-1,0,0,155560,382,412,0
RLLRRLLLLRRL,TIMEOUT,-1,20000000,-1,0,0,126703,364,368,0
RLLRRLLLLRLR,TIMEOUT,-1,20000000,-1,0,0,151254,396,394,0
RLLRRLLLLRLL,TIMEOUT,-1,20000000,-1,0,0,190604,436,444,0
RLLRRLLLLLRR,TIMEOUT,-1,20000000,-1,0,0,129016,368,364,0
RLLRRLLLLLRL,TIMEOUT,-1,20000000,-1,0,0,4754,70,70,0
RLLRRLLLLLLR,TIMEOUT,-1,20000000,-1,0,0,2776,50,56,0
RLLRRLLLLLLL,TIMEOUT,-1,20000000,-1,0,0,159816,402,408,0
RLLRLRRRRRRR,TIMEOUT,-1,20000000,-1,0,0,221434,538,534,0
RLLRLRRRRRRL,TIMEOUT,-1,20000000,-1,0,0,157301,481,425,0
RLLRLRRRRRLR,TIMEOUT,-1,20000000,-1,0,0,143542,462,430,0
RLLRLRRRRRLL,TIMEOUT,-1,20000000,-1,0,0,161321,450,456,0
RLLRLRRRRLRR,TIMEOUT,-1,20000000,-1,0,0,150035,435,493,0
RLLRLRRRRLRL,TIMEOUT,-1,20000000,-1,0,0,145956,496,434,0
RLLRLRRRRLLR,TIMEOUT,-1,20000000,-1,0,0,152021,452,463,0
RLLRLRRRRLLL,TIMEOUT,-1,20000000,-1,0,0,140292,405,429,0
RLLRLRRRLRRR,TIMEOUT,-1,20000000,-1,0,0,159123,466,452,0
RLLRLRRRLRRL,TIMEOUT,-1,20000000,-1,0,0,143066,446,458,0
RLLRLRRRLRLR,TIMEOUT,-1,20000000,-1,0,0,159001,484,467,0
RLLRLRRRLRLL,TIMEOUT,-1,20000000,-1,0,0,157029,476,441,0
RLLRLRRRLLRR,TIMEOUT,-1,20000000,-1,0,0,157996,483,435,0
RLLRLRRRLLRL,TIMEOUT,-1,20000000,-1,0,0,161834,520,454,0
RLLRLRRRLLLR,TIMEOUT,-1,20000000,-1,0,0,164515,473,471,0
RLLRLRRRLLLL,TIMEOUT,-1,20000000,-1,0,0,150532,425,460,0
RLLRLRRLRRRR,TIMEOUT,-1,20000000,-1,0,0,158427,496,415,0
RLLRLRRLRRRL,TIMEOUT,-1,20000000,-1,0,0,139888,413,499,0
RLLRLRRLRRLR,TIMEOUT,-1,20000000,-1,0,0,152882,475,429,0
RLLRLRRLRRLL,TIMEOUT,-1,20000000,-1,0,0,147101,506,426,0
RLLRLRRLRLRR,TIMEOUT,-1,20000000,-1,0,0,159103,462,506,0
RLLRLRRLRLRL,TIMEOUT,-1,20000000,-1,0,0,151310,459,465,0
RLLRLRRLRLLR,TIMEOUT,-1,20000000,-1,0,0,162963,452,477,0
RLLRLRRLRLLL,TIMEOUT,-1,20000000,-1,0,0,143097,440,460,0
RLLRLRRLLRRR,TIMEOUT,-1,20000000,-1,0,0,151012,441,475,0
RLLRLRRLLRRL,TIMEOUT,-1,20000000,-1,0,0,153454,473,483,0
RLLRLRRLLRLR,TIMEOUT,-1,20000000,-1,0,0,170811,489,477,0
RLLRLRRLLRLL,TIMEOUT,-1,20000000,-1,0,0,150423,497,440,0
RLLRLRRLLLRR,TIMEOUT,-1,20000000,-1,0,0,156750,454,507,0
RLLRLRRLLLRL,TIMEOUT,-1,20000000,-1,0,0,147791,466,434,0
RLLRLRRLLLLR,TIMEOUT,-1,20000000,-1,0,0,151332,458,420,0
RLLRLRRLLLLL,TIMEOUT,-1,20000000,-1,0,0,134065,403,423,0
RLLRLRLRRRRR,TIMEOUT,-1,20000000,-1,0,0,6780,98,89,0
RLLRLRLRRRRL,TIMEOUT,-1,20000000,-1,0,0,149656,473,468,0
RLLRLRLRRRLR,TIMEOUT,-1,20000000,-1,0,0,146598,458,456,0
RLLRLRLRRRLL,TIMEOUT,-1,20000000,-1,0,0,151844,460,513,0
RLLRLRLRRLRR,TIMEOUT,-1,20000000,-1,0,0,156188,548,416,0
RLLRLRLRRLRL,TIMEOUT,-1,20000000,-1,0,0,157253,443,476,0
RLLRLRLRRLLR,TIMEOUT,-1,20000000,-1,0,0,164929,492,478,0
RLLRLRLRRLLL,TIMEOUT,-1,20000000,-1,0,0,140965,485,417,0
RLLRLRLRLRRR,TIMEOUT,-1,20000000,-1,0,0,149541,426,495,0
RLLRLRLRLRRL,TIMEOUT,-1,20000000,-1,0,0,158826,473,459,0
RLLRLRLRLRLR,TIMEOUT,-1,20000000,-1,0,0,171714,511,484,0
RLLRLRLRLRLL,TIMEOUT,-1,20000000,-1,0,0,159639,492,443,0
RLLRLRLRLLRR,TIMEOUT,-1,20000000,-1,0,0,156056,481,465,0
RLLRLRLRLLRL,TIMEOUT,-1,20000000,-1,0,0,155993,489,493,0
RLLRLRLRLLLR,TIMEOUT,-1,20000000,-1,0,0,145072,443,496,0
RLLRLRLRLLLL,TIMEOUT,-1,20000000,-1,0,0,146119,453,461,0
RLLRLRLLRRRR,TIMEOUT,-1,20000000,-1,0,0,141290,422,454,0
RLLRLRLLRRRL,TIMEOUT,-1,20000000,-1,0,0,142409,394,510,0
RLLRLRLLRRLR,TIMEOUT,-1,20000000,-1,0,0,155196,464,505,0
RLLRLRLLRRLL,TIMEOUT,-1,20000000,-1,0,0,149610,480,449,0
RLLRLRLLRLRR,TIMEOUT,-1,20000000,-1,0,0,184168,472,586,0
RLLRLRLLRLRL,TIMEOUT,-1,20000000,-1,0,0,210263,637,506,0
RLLRLRLLRLLR,TIMEOUT,-1,20000000,-1,0,0,172306,466,539,0
RLLRLRLLRLLL,TIMEOUT,-1,20000000,-1,0,0,159838,506,492,0
RLLRLRLLLRRR,HIGHWAY,1798243,1799168,152,2,-2,26624,190,204,1
RLLRLRLLLRRL,TIMEOUT,-1,20000000,-1,0,0,138940,459,435,0
RLLRLRLLLRLR,TIMEOUT,-1,20000000,-1,0,0,146310,479,425,0
RLLRLRLLLRLL,TIMEOUT,-1,20000000,-1,0,0,143615,465,441,0
RLLRLRLLLLRR,TIMEOUT,-1,20000000,-1,0,0,133974,419,443,0
RLLRLRLLLLRL,TIMEOUT,-1,20000000,-1,0,0,142639,437,448,0
RLLRLRLLLLLR,TIMEOUT,-1,20000000,-1,0,0,6996,96,95,0
RLLRLRLLLLLL,TIMEOUT,-1,20000000,-1,0,0,140817,437,421,0
RLLRLLRRRRRR,TIMEOUT,-1,20000000,-1,0,0,1417,40,41,0
RLLRLLRRRRRL,TIMEOUT,-1,20000000,-1,0,0,1215406,1194,1400,0
RLLRLLRRRRLR,TIMEOUT,-1,20000000,-1,0,0,158983,444,497,0
RLLRLLRRRRLL,TIMEOUT,-1,20000000,-1,0,0,6614,86,92,0
RLLRLLRRRLRR,TIMEOUT,-1,20000000,-1,0,0,170816,476,466,0
RLLRLLRRRLRL,TIMEOUT,-1,20000000,-1,0,0,165990,450,503,0
RLLRLLRRRLLR,TIMEOUT,-1,20000000,-1,0,0,6377,90,86,0
RLLRLLRRRLLL,OOB,-1,14587521,-1,0,0,119824,379,1229,0
RLLRLLRRLRRR,TIMEOUT,-1,20000000,-1,0,0,169447,536,462,0
RLLRLLRRLRRL,TIMEOUT,-1,20000000,-1,0,0,152130,449,463,0
RLLRLLRRLRLR,TIMEOUT,-1,20000000,-1,0,0,168514,465,469,0
RLLRLLRRLRLL,TIMEOUT,-1,20000000,-1,0,0,153484,460,419,0
RLLRLLRRLLRR,TIMEOUT,-1,20000000,-1,0,0,11767,129,121,0
RLLRLLRRLLRL,TIMEOUT,-1,20000000,-1,0,0,147156,416,447,0
RLLRLLRRLLLR,TIMEOUT,-1,20000000,-1,0,0,146980,403,428,0
RLLRLLRRLLLL,TIMEOUT,-1,20000000,-1,0,0,143151,416,409,0
RLLRLLRLRRRR,TIMEOUT,-1,20000000,-1,0,0,214568,560,539,0
RLLRLLRLRRRL,TIMEOUT,-1,20000000,-1,0,0,161629,484,465,0
RLLRLLRLRRLR,TIMEOUT,-1,20000000,-1,0,0,157083,445,468,0
RLLRLLRLRRLL,TIMEOUT,-1,20000000,-1,0,0,163727,493,461,0
RLLRLLRLRLRR,TIMEOUT,-1,20000000,-1,0,0,176003,452,526,0
RLLRLLRLRLRL,TIMEOUT,-1,20000000,-1,0,0,152619,467,428,0
RLLRLLRLRLLR,TIMEOUT,-1,20000000,-1,0,0,162642,469,471,0
RLLRLLRLRLLL,TIMEOUT,-1,20000000,-1,0,0,153332,422,478,0
RLLRLLRLLRRR,TIMEOUT,-1,20000000,-1,0,0,6099,86,87,0
RLLRLLRLLRRL,TIMEOUT,-1,20000000,-1,0,0,182634,499,484,0
RLLRLLRLLRLR,TIMEOUT,-1,20000000,-1,0,0,177140,517,500,0
RLLRLLRLLRLL,TIMEOUT,-1,20000000,-1,0,0,187306,498,502,0
RLLRLLRLLLRR,TIMEOUT,-1,20000000,-1,0,0,153680,450,440,0
RLLRLLRLLLRL,TIMEOUT,-1,20000000,-1,0,0,167613,457,483,0
RLLRLLRLLLLR,TIMEOUT,-1,20000000,-1,0,0,774653,902,888,0
RLLRLLRLLLLL,TIMEOUT,-1,20000000,-1,0,0,169777,466,437,0
RLLRLLLRRRRR,TIMEOUT,-1,20000000,-1,0,0,185094,507,473,0
RLLRLLLRRRRL,TIMEOUT,-1,20000000,-1,0,0,123577,400,407,0
RLLRLLLRRRLR,TIMEOUT,-1,20000000,-1,0,0,140340,405,443,0
RLLRLLLRRRLL,OOB,-1,8374354,-1,0,0,4169765,2042,2043,0
RLLRLLLRRLRR,TIMEOUT,-1,20000000,-1,0,0,132242,413,403,0
RLLRLLLRRLRL,TIMEOUT,-1,20000000,-1,0,0,134217,391,412,0
RLLRLLLRRLLR,TIMEOUT,-1,20000000,-1,0,0,127354,394,380,0
RLLRLLLRRLLL,TIMEOUT,-1,20000000,-1,0,0,150170,425,425,0
RLLRLLLRLRRR,TIMEOUT,-1,20000000,-1,0,0,154940,470,457,0
RLLRLLLRLRRL,TIMEOUT,-1,20000000,-1,0,0,154393,497,417,0
RLLRLLLRLRLR,TIMEOUT,-1,20000000,-1,0,0,151180,446,449,0
RLLRLLLRLRLL,TIMEOUT,-1,20000000,-1,0,0,155285,492,430,0
RLLRLLLRLLRR,TIMEOUT,-1,20000000,-1,0,0,157567,469,440,0
RLLRLLLRLLRL,TIMEOUT,-1,20000000,-1,0,0,160894,468,458,0
RLLRLLLRLLLR,TIMEOUT,-1,20000000,-1,0,0,170032,444,487,0
RLLRLLLRLLLL,TIMEOUT,-1,20000000,-1,0,0,164218,450,443,0
RLLRLLLLRRRR,TIMEOUT,-1,20000000,-1,0,0,8658,99,99,0
RLLRLLLLRRRL,TIMEOUT,-1,20000000,-1,0,0,140057,398,419,0
RLLRLLLLRRLR,TIMEOUT,-1,20000000,-1,0,0,136015,381,388,0
RLLRLLLLRRLL,TIMEOUT,-1,20000000,-1,0,0,230328,500,474,0
RLLRLLLLRLRR,TIMEOUT,-1,20000000,-1,0,0,134582,454,389,0
RLLRLLLLRLRL,TIMEOUT,-1,20000000,-1,0,0,132240,417,404,0
RLLRLLLLRLLR,TIMEOUT,-1,20000000,-1,0,0,155995,413,458,0
RLLRLLLLRLLL,TIMEOUT,-1,20000000,-1,0,0,156465,463,429,0
RLLRLLLLLRRR,TIMEOUT,-1,20000000,-1,0,0,122880,364,361,0
RLLRLLLLLRRL,TIMEOUT,-1,20000000,-1,0,0,195633,455,452,0
RLLRLLLLLRLR,TIMEOUT,-1,20000000,-1,0,0,165137,417,446,0
RLLRLLLLLRLL,TIMEOUT,-1,20000000,-1,0,0,145864,431,407,0
RLLRLLLLLLRR,TIMEOUT,-1,20000000,-1,0,0,179487,430,440,0
RLLRLLLLLLRL,TIMEOUT,-1,20000000,-1,0,0,152120,399,403,0
RLLRLLLLLLLR,TIMEOUT,-1,20000000,-1,0,0,177872,417,451,0
RLLRLLLLLLLL,TIMEOUT,-1,20000000,-1,0,0,3872,64,64,0
RLLLRRRRRRRR,TIMEOUT,-1,20000000,-1,0,0,196768,450,450,0
RLLLRRRRRRRL,TIMEOUT,-1,20000000,-1,0,0,5868,78,78,0
RLLLRRRRRRLR,TIMEOUT,-1,20000000,-1,0,0,162008,418,400,0
RLLLRRRRRRLL,TIMEOUT,-1,20000000,-1,0,0,121760,370,364,0
RLLLRRRRRLRR,TIMEOUT,-1,20000000,-1,0,0,105424,330,336,0
RLLLRRRRRLRL,TIMEOUT,-1,20000000,-1,0,0,106526,326,338,0
RLLLRRRRRLLR,TIMEOUT,-1,20000000,-1,0,0,146508,402,396,0
RLLLRRRRRLLL,TIMEOUT,-1,20000000,-1,0,0,119388,350,346,0
RLLLRRRRLRRR,TIMEOUT,-1,20000000,-1,0,0,120424,352,356,0
RLLLRRRRLRRL,TIMEOUT,-1,20000000,-1,0,0,118164,344,360,0
RLLLRRRRLRLR,TIMEOUT,-1,20000000,-1,0,0,131253,374,376,0
RLLLRRRRLRLL,TIMEOUT,-1,20000000,-1,0,0,146588,388,392,0
RLLLRRRRLLRR,TIMEOUT,-1,20000000,-1,0,0,134660,368,368,0
RLLLRRRRLLRL,TIMEOUT,-1,20000000,-1,0,0,148621,386,392,0
RLLLRRRRLLLR,TIMEOUT,-1,20000000,-1,0,0,9428,104,98,0
RLLLRRRRLLLL,TIMEOUT,-1,20000000,-1,0,0,105188,328,326,0
RLLLRRRLRRRR,TIMEOUT,-1,20000000,-1,0,0,159830,407,413,0
RLLLRRRLRRRL,TIMEOUT,-1,20000000,-1,0,0,143440,394,390,0
RLLLRRRLRRLR,TIMEOUT,-1,20000000,-1,0,0,154291,405,400,0
RLLLRRRLRRLL,TIMEOUT,-1,20000000,-1,0,0,152272,408,390,0
RLLLRRRLRLRR,TIMEOUT,-1,20000000,-1,0,0,922773,970,987,0
RLLLRRRLRLRL,TIMEOUT,-1,20000000,-1,0,0,247204,506,517,0
RLLLRRRLRLLR,TIMEOUT,-1,20000000,-1,0,0,430559,677,665,0
RLLLRRRLRLLL,OOB,-1,10746523,-1,0,0,4112467,2027,2030,0
RLLLRRRLLRRR,TIMEOUT,-1,20000000,-1,0,0,141754,388,372,0
RLLLRRRLLRRL,TIMEOUT,-1,20000000,-1,0,0,176420,426,428,0
RLLLRRRLLRLR,TIMEOUT,-1,20000000,-1,0,0,198118,464,438,0
RLLLRRRLLRLL,TIMEOUT,-1,20000000,-1,0,0,792444,908,888,0
RLLLRRRLLLRR,TIMEOUT,-1,20000000,-1,0,0,176496,426,422,0
RLLLRRRLLLRL,TIMEOUT,-1,20000000,-1,0,0,192037,452,450,0
RLLLRRRLLLLR,TIMEOUT,-1,20000000,-1,0,0,636868,816,796,0
RLLLRRRLLLLL,TIMEOUT,-1,20000000,-1,0,0,176167,422,424,0
RLLLRRLRRRRR,TIMEOUT,-1,20000000,-1,0,0,126680,366,364,0
RLLLRRLRRRRL,TIMEOUT,-1,20000000,-1,0,0,116526,346,360,0
RLLLRRLRRRLR,TIMEOUT,-1,20000000,-1,0,0,124530,366,354,0
RLLLRRLRRRLL,TIMEOUT,-1,20000000,-1,0,0,124316,365,356,0
RLLLRRLRRLRR,TIMEOUT,-1,20000000,-1,0,0,121218,350,356,0
RLLLRRLRRLRL,TIMEOUT,-1,20000000,-1,0,0,132934,382,364,0
RLLLRRLRRLLR,TIMEOUT,-1,20000000,-1,0,0,5408,74,74,0
RLLLRRLRRLLL,TIMEOUT,-1,20000000,-1,0,0,125076,360,358,0
RLLLRRLRLRRR,HIGHWAY,241,2048,84,-2,2,322,52,51,1
RLLLRRLRLRRL,TIMEOUT,-1,20000000,-1,0,0,143140,382,386,0
RLLLRRLRLRLR,TIMEOUT,-1,20000000,-1,0,0,147836,392,392,0
RLLLRRLRLRLL,TIMEOUT,-1,20000000,-1,0,0,165024,414,404,0
RLLLRRLRLLRR,TIMEOUT,-1,20000000,-1,0,0,147832,390,388,0
RLLLRRLRLLRL,TIMEOUT,-1,20000000,-1,0,0,195732,450,450,0
RLLLRRLRLLLR,OOB,-1,10251686,-1,0,0,4169277,2042,2042,0
RLLLRRLRLLLL,TIMEOUT,-1,20000000,-1,0,0,191299,443,437,0
RLLLRRLLRRRR,TIMEOUT,-1,20000000,-1,0,0,124140,356,364,0
RLLLRRLLRRRL,TIMEOUT,-1,20000000,-1,0,0,132488,366,376,0
RLLLRRLLRRLR,TIMEOUT,-1,20000000,-1,0,0,4708,70,68,0
RLLLRRLLRRLL,TIMEOUT,-1,20000000,-1,0,0,128228,360,362,0
RLLLRRLLRLRR,TIMEOUT,-1,20000000,-1,0,0,132688,366,370,0
RLLLRRLLRLRL,TIMEOUT,-1,20000000,-1,0,0,138672,378,376,0
RLLLRRLLRLLR,TIMEOUT,-1,20000000,-1,0,0,151244,390,390,0
RLLLRRLLRLLL,TIMEOUT,-1,20000000,-1,0,0,360854,602,607,0
RLLLRRLLLRRR,TIMEOUT,-1,20000000,-1,0,0,4892,70,70,0
RLLLRRLLLRRL,TIMEOUT,-1,20000000,-1,0,0,122934,352,352,0
RLLLRRLLLRLR,TIMEOUT,-1,20000000,-1,0,0,139450,376,374,0
RLLLRRLLLRLL,TIMEOUT,-1,20000000,-1,0,0,132696,364,366,0
RLLLRRLLLLRR,TIMEOUT,-1,20000000,-1,0,0,100844,320,318,0
RLLLRRLLLLRL,TIMEOUT,-1,20000000,-1,0,0,4356,66,66,0
RLLLRRLLLLLR,TIMEOUT,-1,20000000,-1,0,0,1024,32,32,0
RLLLRRLLLLLL,TIMEOUT,-1,20000000,-1,0,0,86436,294,294,0
RLLLRLRRRRRR,TIMEOUT,-1,20000000,-1,0,0,5274,78,80,0
RLLLRLRRRRRL,TIMEOUT,-1,20000000,-1,0,0,1235859,1340,1096,0
RLLLRLRRRRLR,TIMEOUT,-1,20000000,-1,0,0,141614,431,418,0
RLLLRLRRRRLL,TIMEOUT,-1,20000000,-1,0,0,474004,764,714,0
RLLLRLRRRLRR,TIMEOUT,-1,20000000,-1,0,0,148599,435,466,0
RLLLRLRRRLRL,TIMEOUT,-1,20000000,-1,0,0,137596,450,422,0
RLLLRLRRRLLR,TIMEOUT,-1,20000000,-1,0,0,151674,445,409,0
RLLLRLRRRLLL,TIMEOUT,-1,20000000,-1,0,0,129979,422,383,0
RLLLRLRRLRRR,TIMEOUT,-1,20000000,-1,0,0,127894,406,401,0
RLLLRLRRLRRL,TIMEOUT,-1,20000000,-1,0,0,138531,396,439,0
RLLLRLRRLRLR,TIMEOUT,-1,20000000,-1,0,0,138094,410,429,0
RLLLRLRRLRLL,TIMEOUT,-1,20000000,-1,0,0,147794,426,430,0
RLLLRLRRLLRR,TIMEOUT,-1,20000000,-1,0,0,164447,433,458,0
RLLLRLRRLLRL,TIMEOUT,-1,20000000,-1,0,0,137101,427,392,0
RLLLRLRRLLLR,TIMEOUT,-1,20000000,-1,0,0,174166,454,441,0
RLLLRLRRLLLL,TIMEOUT,-1,20000000,-1,0,0,159010,407,435,0
RLLLRLRLRRRR,TIMEOUT,-1,20000000,-1,0,0,150799,450,465,0
RLLLRLRLRRRL,TIMEOUT,-1,20000000,-1,0,0,149765,472,441,0
RLLLRLRLRRLR,TIMEOUT,-1,20000000,-1,0,0,154909,446,452,0
RLLLRLRLRRLL,TIMEOUT,-1,20000000,-1,0,0,142843,423,415,0
RLLLRLRLRLRR,TIMEOUT,-1,20000000,-1,0,0,142178,423,430,0
RLLLRLRLRLRL,TIMEOUT,-1,20000000,-1,0,0,151187,424,409,0
RLLLRLRLRLLR,TIMEOUT,-1,20000000,-1,0,0,253774,531,530,0
RLLLRLRLRLLL,TIMEOUT,-1,20000000,-1,0,0,163931,450,422,0
RLLLRLRLLRRR,TIMEOUT,-1,20000000,-1,0,0,157069,462,410,0
RLLLRLRLLRRL,TIMEOUT,-1,20000000,-1,0,0,151549,406,424,0
RLLLRLRLLRLR,TIMEOUT,-1,20000000,-1,0,0,180820,454,444,0
RLLLRLRLLRLL,TIMEOUT,-1,20000000,-1,0,0,192931,448,455,0
RLLLRLRLLLRR,TIMEOUT,-1,20000000,-1,0,0,157551,418,410,0
RLLLRLRLLLRL,TIMEOUT,-1,20000000,-1,0,0,202626,452,462,0
RLLLRLRLLLLR,TIMEOUT,-1,20000000,-1,0,0,6232,80,80,0
RLLLRLRLLLLL,TIMEOUT,-1,20000000,-1,0,0,167918,416,410,0
RLLLRLLRRRRR,TIMEOUT,-1,20000000,-1,0,0,175877,505,509,0
RLLLRLLRRRRL,TIMEOUT,-1,20000000,-1,0,0,170387,446,492,0
RLLLRLLRRRLR,TIMEOUT,-1,20000000,-1,0,0,138028,434,451,0
RLLLRLLRRRLL,TIMEOUT,-1,20000000,-1,0,0,182019,494,600,0
RLLLRLLRRLRR,TIMEOUT,-1,20000000,-1,0,0,130003,404,464,0
RLLLRLLRRLRL,TIMEOUT,-1,20000000,-1,0,0,124823,406,402,0
RLLLRLLRRLLR,TIMEOUT,-1,20000000,-1,0,0,138303,422,426,0
RLLLRLLRRLLL,TIMEOUT,-1,20000000,-1,0,0,136198,429,446,0
RLLLRLLRLRRR,TIMEOUT,-1,20000000,-1,0,0,148206,425,485,0
RLLLRLLRLRRL,TIMEOUT,-1,20000000,-1,0,0,128079,410,418,0
RLLLRLLRLRLR,TIMEOUT,-1,20000000,-1,0,0,139163,476,426,0
RLLLRLLRLRLL,TIMEOUT,-1,20000000,-1,0,0,142325,483,407,0
RLLLRLLRLLRR,TIMEOUT,-1,20000000,-1,0,0,157567,469,469,0
RLLLRLLRLLRL,TIMEOUT,-1,20000000,-1,0,0,135980,456,430,0
RLLLRLLRLLLR,TIMEOUT,-1,20000000,-1,0,0,146851,414,441,0
RLLLRLLRLLLL,TIMEOUT,-1,20000000,-1,0,0,125511,392,438,0
RLLLRLLLRRRR,TIMEOUT,-1,20000000,-1,0,0,163828,512,437,0
RLLLRLLLRRRL,TIMEOUT,-1,20000000,-1,0,0,137309,432,444,0
RLLLRLLLRRLR,TIMEOUT,-1,20000000,-1,0,0,127644,409,403,0
RLLLRLLLRRLL,TIMEOUT,-1,20000000,-1,0,0,135464,418,411,0
RLLLRLLLRLRR,TIMEOUT,-1,20000000,-1,0,0,141073,457,432,0
RLLLRLLLRLRL,TIMEOUT,-1,20000000,-1,0,0,131862,413,429,0
RLLLRLLLRLLR,TIMEOUT,-1,20000000,-1,0,0,147239,436,446,0
RLLLRLLLRLLL,TIMEOUT,-1,20000000,-1,0,0,144878,433,424,0
RLLLRLLLLRRR,TIMEOUT,-1,20000000,-1,0,0,118878,356,405,0
RLLLRLLLLRRL,OOB,-1,8399154,-1,0,0,4171808,2043,2043,0
RLLLRLLLLRLR,TIMEOUT,-1,20000000,-1,0,0,136828,407,413,0
RLLLRLLLLRLL,TIMEOUT,-1,20000000,-1,0,0,135262,399,417,0
RLLLRLLLLLRR,TIMEOUT,-1,20000000,-1,0,0,153455,428,429,0
RLLLRLLLLLRL,TIMEOUT,-1,20000000,-1,0,0,131973,389,395,0
RLLLRLLLLLLR,TIMEOUT,-1,20000000,-1,0,0,162176,410,408,0
RLLLRLLLLLLL,TIMEOUT,-1,20000000,-1,0,0,204876,456,462,0
RLLLLRRRRRRR,TIMEOUT,-1,20000000,-1,0,0,2760,46,60,0
RLLLLRRRRRRL,TIMEOUT,-1,20000000,-1,0,0,91444,306,308,0
RLLLLRRRRRLR,TIMEOUT,-1,20000000,-1,0,0,93384,310,310,0
RLLLLRRRRRLL,TIMEOUT,-1,20000000,-1,0,0,7804,94,88,0
RLLLLRRRRLRR,TIMEOUT,-1,20000000,-1,0,0,96926,312,312,0
RLLLLRRRRLRL,TIMEOUT,-1,20000000,-1,0,0,108276,334,330,0
RLLLLRRRRLLR,TIMEOUT,-1,20000000,-1,0,0,100384,316,320,0
RLLLLRRRRLLL,TIMEOUT,-1,20000000,-1,0,0,98236,316,314,0
RLLLLRRRLRRR,TIMEOUT,-1,20000000,-1,0,0,124948,362,352,0
RLLLLRRRLRRL,TIMEOUT,-1,20000000,-1,0,0,164340,404,412,0
RLLLLRRRLRLR,TIMEOUT,-1,20000000,-1,0,0,140208,378,376,0
RLLLLRRRLRLL,TIMEOUT,-1,20000000,-1,0,0,160396,408,402,0
RLLLLRRRLLRR,TIMEOUT,-1,20000000,-1,0,0,14680,128,124,0
RLLLLRRRLLRL,TIMEOUT,-1,20000000,-1,0,0,212698,474,473,0
RLLLLRRRLLLR,OOB,-1,8416466,-1,0,0,4165668,2042,2040,0
RLLLLRRRLLLL,OOB,-1,8846390,-1,0,0,4151182,2039,2036,0
RLLLLRRLRRRR,TIMEOUT,-1,20000000,-1,0,0,87340,302,298,0
RLLLLRRLRRRL,TIMEOUT,-1,20000000,-1,0,0,100120,316,318,0
RLLLLRRLRRLR,TIMEOUT,-1,20000000,-1,0,0,4748,70,68,0
RLLLLRRLRRLL,TIMEOUT,-1,20000000,-1,0,0,120868,348,350,0
RLLLLRRLRLRR,TIMEOUT,-1,20000000,-1,0,0,123748,362,354,0
RLLLLRRLRLRL,TIMEOUT,-1,20000000,-1,0,0,105004,330,322,0
RLLLLRRLRLLR,TIMEOUT,-1,20000000,-1,0,0,132784,366,366,0
RLLLLRRLRLLL,TIMEOUT,-1,20000000,-1,0,0,203044,456,450,0
RLLLLRRLLRRR,TIMEOUT,-1,20000000,-1,0,0,62904,250,252,0
RLLLLRRLLRRL,TIMEOUT,-1,20000000,-1,0,0,90028,300,302,0
RLLLLRRLLRLR,TIMEOUT,-1,20000000,-1,0,0,102380,322,324,0
RLLLLRRLLRLL,TIMEOUT,-1,20000000,-1,0,0,160004,400,404,0
RLLLLRRLLLRR,TIMEOUT,-1,20000000,-1,0,0,146120,382,386,0
RLLLLRRLLLRL,TIMEOUT,-1,20000000,-1,0,0,4352,66,66,0
RLLLLRRLLLLR,TIMEOUT,-1,20000000,-1,0,0,1296,36,36,0
RLLLLRRLLLLL,TIMEOUT,-1,20000000,-1,0,0,87616,296,296,0
RLLLLRLRRRRR,TIMEOUT,-1,20000000,-1,0,0,144080,394,390,0
RLLLLRLRRRRL,TIMEOUT,-1,20000000,-1,0,0,123075,374,353,0
RLLLLRLRRRLR,TIMEOUT,-1,20000000,-1,0,0,134334,374,382,0
RLLLLRLRRRLL,TIMEOUT,-1,20000000,-1,0,0,235279,488,494,0
RLLLLRLRRLRR,TIMEOUT,-1,20000000,-1,0,0,135612,388,393,0
RLLLLRLRRLRL,TIMEOUT,-1,20000000,-1,0,0,176436,430,446,0
RLLLLRLRRLLR,TIMEOUT,-1,20000000,-1,0,0,159453,408,417,0
RLLLLRLRRLLL,TIMEOUT,-1,20000000,-1,0,0,156390,398,406,0
RLLLLRLRLRRR,TIMEOUT,-1,20000000,-1,0,0,134976,382,376,0
RLLLLRLRLRRL,TIMEOUT,-1,20000000,-1,0,0,126066,366,366,0
RLLLLRLRLRLR,TIMEOUT,-1,20000000,-1,0,0,128335,379,367,0
RLLLLRLRLRLL,TIMEOUT,-1,20000000,-1,0,0,140641,392,379,0
RLLLLRLRLLRR,TIMEOUT,-1,20000000,-1,0,0,128759,382,374,0
RLLLLRLRLLRL,TIMEOUT,-1,20000000,-1,0,0,142134,390,394,0
RLLLLRLRLLLR,TIMEOUT,-1,20000000,-1,0,0,4816,70,70,0
RLLLLRLRLLLL,TIMEOUT,-1,20000000,-1,0,0,157319,402,418,0
RLLLLRLLRRRR,TIMEOUT,-1,20000000,-1,0,0,9198,102,102,0
RLLLLRLLRRRL,TIMEOUT,-1,20000000,-1,0,0,130241,430,373,0
RLLLLRLLRRLR,TIMEOUT,-1,20000000,-1,0,0,120820,376,379,0
RLLLLRLLRRLL,TIMEOUT,-1,20000000,-1,0,0,134634,407,419,0
RLLLLRLLRLRR,TIMEOUT,-1,20000000,-1,0,0,128245,401,402,0
RLLLLRLLRLRL,TIMEOUT,-1,20000000,-1,0,0,131872,398,388,0
RLLLLRLLRLLR,TIMEOUT,-1,20000000,-1,0,0,157772,407,420,0
RLLLLRLLRLLL,TIMEOUT,-1,20000000,-1,0,0,217606,480,476,0
RLLLLRLLLRRR,TIMEOUT,-1,20000000,-1,0,0,180113,509,465,0
RLLLLRLLLRRL,TIMEOUT,-1,20000000,-1,0,0,125599,404,457,0
RLLLLRLLLRLR,TIMEOUT,-1,20000000,-1,0,0,123705,403,414,0
RLLLLRLLLRLL,OOB,-1,197880,-1,0,0,19059,1058,1055,0
RLLLLRLLLLRR,TIMEOUT,-1,20000000,-1,0,0,129447,420,428,0
RLLLLRLLLLRL,TIMEOUT,-1,20000000,-1,0,0,123546,414,372,0
RLLLLRLLLLLR,TIMEOUT,-1,20000000,-1,0,0,207652,462,490,0
RLLLLRLLLLLL,TIMEOUT,-1,20000000,-1,0,0,116709,368,363,0
RLLLLLRRRRRR,TIMEOUT,-1,20000000,-1,0,0,89124,304,302,0
RLLLLLRRRRRL,TIMEOUT,-1,20000000,-1,0,0,107720,334,328,0
RLLLLLRRRRLR,TIMEOUT,-1,20000000,-1,0,0,4272,66,66,0
RLLLLLRRRRLL,TIMEOUT,-1,20000000,-1,0,0,103808,322,326,0
RLLLLLRRRLRR,TIMEOUT,-1,20000000,-1,0,0,103956,328,322,0
RLLLLLRRRLRL,TIMEOUT,-1,20000000,-1,0,0,106380,336,328,0
RLLLLLRRRLLR,TIMEOUT,-1,20000000,-1,0,0,144952,382,382,0
RLLLLLRRRLLL,OOB,-1,8473882,-1,0,0,4155291,2038,2039,0
RLLLLLRRLRRR,TIMEOUT,-1,20000000,-1,0,0,4188,66,64,0
RLLLLLRRLRRL,TIMEOUT,-1,20000000,-1,0,0,100388,316,318,0
RLLLLLRRLRLR,TIMEOUT,-1,20000000,-1,0,0,113196,336,338,0
RLLLLLRRLRLL,TIMEOUT,-1,20000000,-1,0,0,99620,320,314,0
RLLLLLRRLLRR,TIMEOUT,-1,20000000,-1,0,0,3274263,1809,1811,0
RLLLLLRRLLRL,TIMEOUT,-1,20000000,-1,0,0,3838,62,62,0
RLLLLLRRLLLR,TIMEOUT,-1,20000000,-1,0,0,1016,32,32,0
RLLLLLRRLLLL,TIMEOUT,-1,20000000,-1,0,0,102464,322,320,0
RLLLLLRLRRRR,TIMEOUT,-1,20000000,-1,0,0,98352,314,320,0
RLLLLLRLRRRL,TIMEOUT,-1,20000000,-1,0,0,106402,334,328,0
RLLLLLRLRRLR,TIMEOUT,-1,20000000,-1,0,0,140417,380,378,0
RLLLLLRLRRLL,TIMEOUT,-1,20000000,-1,0,0,417576,652,648,0
RLLLLLRLRLRR,TIMEOUT,-1,20000000,-1,0,0,119568,352,350,0
RLLLLLRLRLRL,TIMEOUT,-1,20000000,-1,0,0,100368,318,320,0
RLLLLLRLRLLR,TIMEOUT,-1,20000000,-1,0,0,4096,64,64,0
RLLLLLRLRLLL,TIMEOUT,-1,20000000,-1,0,0,113668,338,338,0
RLLLLLRLLRRR,TIMEOUT,-1,20000000,-1,0,0,125588,361,374,0
RLLLLLRLLRRL,TIMEOUT,-1,20000000,-1,0,0,338951,593,584,0
RLLLLLRLLRLR,TIMEOUT,-1,20000000,-1,0,0,120198,352,348,0
RLLLLLRLLRLL,TIMEOUT,-1,20000000,-1,0,0,164932,414,410,0
RLLLLLRLLLRR,TIMEOUT,-1,20000000,-1,0,0,116846,376,399,0
RLLLLLRLLLRL,TIMEOUT,-1,20000000,-1,0,0,123727,403,390,0
RLLLLLRLLLLR,TIMEOUT,-1,20000000,-1,0,0,115258,388,365,0
RLLLLLRLLLLL,TIMEOUT,-1,20000000,-1,0,0,113955,369,384,0
RLLLLLLRRRRR,TIMEOUT,-1,20000000,-1,0,0,53816,232,232,0
RLLLLLLRRRRL,TIMEOUT,-1,20000000,-1,0,0,659344,812,812,0
RLLLLLLRRRLR,TIMEOUT,-1,20000000,-1,0,0,137552,374,370,0
RLLLLLLRRRLL,TIMEOUT,-1,20000000,-1,0,0,118440,344,346,0
RLLLLLLRRLRR,TIMEOUT,-1,20000000,-1,0,0,3045321,1748,1746,0
RLLLLLLRRLRL,TIMEOUT,-1,20000000,-1,0,0,3600,60,60,0
RLLLLLLRRLLR,TIMEOUT,-1,20000000,-1,0,0,1024,32,32,0
RLLLLLLRRLLL,TIMEOUT,-1,20000000,-1,0,0,104976,324,324,0
RLLLLLLRLRRR,TIMEOUT,-1,20000000,-1,0,0,107194,332,330,0
RLLLLLLRLRRL,TIMEOUT,-1,20000000,-1,0,0,99972,324,316,0
RLLLLLLRLRLR,TIMEOUT,-1,20000000,-1,0,0,3608,62,60,0
RLLLLLLRLRLL,TIMEOUT,-1,20000000,-1,0,0,2395969,1547,1553,0
RLLLLLLRLLRR,TIMEOUT,-1,20000000,-1,0,0,105112,330,324,0
RLLLLLLRLLRL,TIMEOUT,-1,20000000,-1,0,0,140308,378,376,0
RLLLLLLRLLLR,TIMEOUT,-1,20000000,-1,0,0,133262,380,391,0
RLLLLLLRLLLL,TIMEOUT,-1,20000000,-1,0,0,142400,372,402,0
RLLLLLLLRRRR,TIMEOUT,-1,20000000,-1,0,0,210068,458,460,0
RLLLLLLLRRRL,TIMEOUT,-1,20000000,-1,0,0,3844,62,62,0
RLLLLLLLRRLR,TIMEOUT,-1,20000000,-1,0,0,900,30,30,0
RLLLLLLLRRLL,TIMEOUT,-1,20000000,-1,0,0,129588,360,360,0
RLLLLLLLRLRR,TIMEOUT,-1,20000000,-1,0,0,3436,60,58,0
RLLLLLLLRLRL,TIMEOUT,-1,20000000,-1,0,0,153304,394,394,0
RLLLLLLLRLLR,TIMEOUT,-1,20000000,-1,0,0,249392,506,502,0
RLLLLLLLRLLL,TIMEOUT,-1,20000000,-1,0,0,104764,328,324,0
RLLLLLLLLRRR,TIMEOUT,-1,20000000,-1,0,0,1296,36,36,0
RLLLLLLLLRRL,OOB,-1,18694951,-1,0,0,4170803,2043,2042,0
RLLLLLLLLRLR,OOB,-1,9538701,-1,0,0,4148831,2036,2038,0
RLLLLLLLLRLL,TIMEOUT,-1,20000000,-1,0,0,3364,58,58,0
RLLLLLLLLLRR,TIMEOUT,-1,20000000,-1,0,0,191808,442,436,0
RLLLLLLLLLRL,TIMEOUT,-1,20000000,-1,0,0,784,28,28,0
RLLLLLLLLLLR,TIMEOUT,-1,20000000,-1,0,0,400,20,20,0
RLLLLLLLLLLL,TIMEOUT,-1,20000000,-1,0,0,73428,301,297,0
